-----------------------------------------------------------------------------------------------------------
      name:  <unnamed>
       log:  C:\Users\FELIPEME\Documents\projects\progresa_mortality\codes\/04_extra_robustness_log.log
  log type:  text
 opened on:   9 Oct 2026, 15:20:19

. 
. use "$data/Temp_data/working_panel_for_binary_and_descriptives.dta", clear

. 
. *============================================================
. * D2: BINARY HIGH-VS-LOW EVENT STUDY ON INTENSITY_1999 (Óscar's actual
. * final ask -- see the CLARIFICATION note above: he converged on
. * binarizing the FIXED 1999 intensity + plain single-break TWFE, not a
. * staggered-crossing csdid design). Mimics the current continuous design
. * with a binary "high vs low" 1999-intensity indicator instead, testing
. * robustness to the dose-response FUNCTIONAL FORM (drops linearity-in-
. * intensity). Does NOT itself resolve the forbidden-comparison question
. * -- the single 1997 break already does that, continuous or binary --
. * this is a transparency/functional-form robustness check, not an
. * identification fix.
. *
. * Threshold sensitivity grid: 15% (Óscar's own suggested cutoff), the
. * HM-sample median, and the 75th percentile of Intensity_1999. Under
. * saturation there is no meaningful never-treated group, so "control" in
. * every spec = below-threshold Intensity_1999 (a HIGH-VS-LOW contrast),
. * NOT treated-vs-never -- stated explicitly in the figure/table notes.
. *
. * Uses inten1999_fix (End-of-year numerator, fixed 1997 P&V denominator)
. * -- the coauthor-preferred main specification (PART 7), matching column
. * 3 of T2_b_mortality_fixeddenom -- rather than inten1999 (year-varying
. * denominator), which this block used before that decision.
. * Output: $figures/appendix/AF_binary_es.pdf, $tables/appendix/AT_binary_es.tex
. *============================================================
. 
. local yr_labels `"1 "1991" 2 "1992" 3 "1993" 4 "1994" 5 "1995" 6 "1996" 7 "1997" 8 "1998" 9 "1999" 10 "20
> 00" 11 "2001" 12 "2002" 13 "2003" 14 "2004" 15 "2005" 16 "2006""'

. 
. * Determine data-driven thresholds from the HM municipality cross-section
. preserve

. keep if year == 1996 & $sample_marg
(72,475 observations deleted)

. keep cve_ent_mun_super inten1999_fix

. duplicates drop cve_ent_mun_super, force

Duplicates in terms of cve_ent_mun_super

(0 observations are duplicates)

. su inten1999_fix, detail

           Intensity 1999 (P&V-style fixed 1997 HH
                        denominator)
-------------------------------------------------------------
      Percentiles      Smallest
 1%            0              0
 5%            0              0
10%     .1106804              0       Obs               1,119
25%     .3165449              0       Sum of wgt.       1,119

50%     .4911118                      Mean           .4589987
                        Largest       Std. dev.      .2269879
75%     .6292689              1
90%     .7218906              1       Variance       .0515235
95%     .7736214              1       Skewness      -.4154712
99%     .9037405              1       Kurtosis       2.532992

. local thr_p50 = r(p50)

. local thr_p75 = r(p75)

. di "Median Intensity_1999 (End-of-year, fixed denom, HM sample): " %5.3f `thr_p50'
Median Intensity_1999 (End-of-year, fixed denom, HM sample): 0.491

. di "75th percentile Intensity_1999 (End-of-year, fixed denom, HM sample): " %5.3f `thr_p75'
75th percentile Intensity_1999 (End-of-year, fixed denom, HM sample): 0.629

. restore

. 
. cap drop treated_15 treated_med treated_p75

. gen treated_15  = (inten1999_fix >= 0.15)      if !missing(inten1999_fix)
(93 missing values generated)

. gen treated_med = (inten1999_fix >= `thr_p50') if !missing(inten1999_fix)
(93 missing values generated)

. gen treated_p75 = (inten1999_fix >= `thr_p75') if !missing(inten1999_fix)
(93 missing values generated)

. 
. foreach v in treated_15 treated_med treated_p75 {
  2.     count if $sample_marg & year==1996 & `v'==1
  3.     local n1_`v' = r(N)
  4.     count if $sample_marg & year==1996 & `v'==0
  5.     local n0_`v' = r(N)
  6.     di "`v': `n1_`v'' high / `n0_`v'' low (HM municipalities, 1996)"
  7. }
  985
  134
treated_15: 985 high / 134 low (HM municipalities, 1996)
  559
  560
treated_med: 559 high / 560 low (HM municipalities, 1996)
  280
  839
treated_p75: 280 high / 839 low (HM municipalities, 1996)

. 
. * Spec A: threshold = 15%
. reghdfe emr65 c.treated_15##ib6.year_1995 c.sp_intensity ///
>     [aw=popover65_] if $sample_marg, a(cve_ent_mun_super) vce(cluster cve_ent_mun_super)
(MWFE estimator converged in 1 iterations)
note: treated_15 is probably collinear with the fixed effects (all partialled-out values are close to zero;
>  tol = 1.0e-09)

HDFE Linear regression                            Number of obs   =     17,904
Absorbing 1 HDFE group                            F(  31,   1118) =      17.51
Statistics robust to heteroskedasticity           Prob > F        =     0.0000
                                                  R-squared       =     0.5437
                                                  Adj R-squared   =     0.5124
                                                  Within R-sq.    =     0.0503
Number of clusters (cve_ent_mun_super) =      1,119Root MSE       =     9.1607

                            (Std. err. adjusted for 1,119 clusters in cve_ent_mun_super)
----------------------------------------------------------------------------------------
                       |               Robust
                 emr65 | Coefficient  std. err.      t    P>|t|     [95% conf. interval]
-----------------------+----------------------------------------------------------------
            treated_15 |          0  (omitted)
                       |
             year_1995 |
                 1991  |   -2.29826   1.939427    -1.19   0.236    -6.103587    1.507067
                 1992  |   1.053664   1.980581     0.53   0.595     -2.83241    4.939739
                 1993  |   1.255164   1.661008     0.76   0.450    -2.003879    4.514207
                 1994  |   -2.31027   1.478521    -1.56   0.118    -5.211259    .5907199
                 1995  |   .7506366   1.580643     0.47   0.635    -2.350724    3.851997
                 1997  |  -2.973374   1.627872    -1.83   0.068    -6.167403    .2206542
                 1998  |  -1.858926   1.498274    -1.24   0.215    -4.798672    1.080821
                 1999  |  -.3754922   1.681723    -0.22   0.823    -3.675181    2.924197
                 2000  |  -4.717385   1.538598    -3.07   0.002     -7.73625    -1.69852
                 2001  |  -5.796709   1.614911    -3.59   0.000    -8.965306   -2.628113
                 2002  |  -4.556814   1.386441    -3.29   0.001    -7.277133   -1.836495
                 2003  |  -4.782023   1.412193    -3.39   0.001     -7.55287   -2.011176
                 2004  |  -1.619159   1.824491    -0.89   0.375     -5.19897    1.960652
                 2005  |  -4.177663   1.445798    -2.89   0.004    -7.014446   -1.340881
                 2006  |  -4.614739   1.640729    -2.81   0.005    -7.833993   -1.395485
                       |
year_1995#c.treated_15 |
                 1991  |   .7213031   2.003107     0.36   0.719    -3.208969    4.651576
                 1992  |  -2.767089   2.031661    -1.36   0.173    -6.753387    1.219208
                 1993  |  -2.907948   1.718139    -1.69   0.091    -6.279087    .4631918
                 1994  |  -.4857673   1.531355    -0.32   0.751     -3.49042    2.518886
                 1995  |  -1.916965   1.634699    -1.17   0.241    -5.124389    1.290458
                 1997  |   1.432837   1.671529     0.86   0.392    -1.846849    4.712524
                 1998  |  -.1142941    1.54873    -0.07   0.941    -3.153038     2.92445
                 1999  |  -2.712453   1.729872    -1.57   0.117    -6.106614    .6817082
                 2000  |   -2.09254   1.593821    -1.31   0.189    -5.219757    1.034678
                 2001  |    -.81317   1.672243    -0.49   0.627    -4.094258    2.467918
                 2002  |  -.9275274   1.449142    -0.64   0.522    -3.770873    1.915818
                 2003  |   .2661483    1.47614     0.18   0.857    -2.630168    3.162464
                 2004  |  -3.396501   1.872205    -1.81   0.070    -7.069933    .2769314
                 2005  |   .5102591    1.51978     0.34   0.737    -2.471684    3.492202
                 2006  |  -.3558251   1.692216    -0.21   0.833    -3.676102    2.964452
                       |
          sp_intensity |  -1.423981   .9605421    -1.48   0.138    -3.308649    .4606874
                 _cons |   43.98968   .2943063   149.47   0.000     43.41222    44.56713
----------------------------------------------------------------------------------------

Absorbed degrees of freedom:
-----------------------------------------------------------+
       Absorbed FE | Categories  - Redundant  = Num. Coefs |
-------------------+---------------------------------------|
 cve_ent_mun_super |      1119        1119           0    *|
-----------------------------------------------------------+
* = FE nested within cluster; treated as redundant for DoF computation

. forval pos = 1/16 {
  2.     if `pos' == 6 {
  3.         local ba_`pos'  = 0
  4.         local sea_`pos' = 0
  5.     }
  6.     else {
  7.         local ba_`pos'  = _b[`pos'.year_1995#c.treated_15]
  8.         local sea_`pos' = _se[`pos'.year_1995#c.treated_15]
  9.     }
 10. }

. 
. * Spec B: threshold = HM-sample median
. reghdfe emr65 c.treated_med##ib6.year_1995 c.sp_intensity ///
>     [aw=popover65_] if $sample_marg, a(cve_ent_mun_super) vce(cluster cve_ent_mun_super)
(MWFE estimator converged in 1 iterations)
note: treated_med is probably collinear with the fixed effects (all partialled-out values are close to zero
> ; tol = 1.0e-09)

HDFE Linear regression                            Number of obs   =     17,904
Absorbing 1 HDFE group                            F(  31,   1118) =      17.18
Statistics robust to heteroskedasticity           Prob > F        =     0.0000
                                                  R-squared       =     0.5438
                                                  Adj R-squared   =     0.5125
                                                  Within R-sq.    =     0.0506
Number of clusters (cve_ent_mun_super) =      1,119Root MSE       =     9.1596

                             (Std. err. adjusted for 1,119 clusters in cve_ent_mun_super)
-----------------------------------------------------------------------------------------
                        |               Robust
                  emr65 | Coefficient  std. err.      t    P>|t|     [95% conf. interval]
------------------------+----------------------------------------------------------------
            treated_med |          0  (omitted)
                        |
              year_1995 |
                  1991  |  -1.625685   .7047413    -2.31   0.021     -3.00845   -.2429209
                  1992  |  -1.234637    .622045    -1.98   0.047    -2.455144   -.0141299
                  1993  |   -1.04107   .5667831    -1.84   0.067    -2.153148    .0710084
                  1994  |  -2.780754   .5596446    -4.97   0.000    -3.878826   -1.682682
                  1995  |  -.6874223   .5453506    -1.26   0.208    -1.757448    .3826037
                  1997  |  -1.681561   .5153885    -3.26   0.001    -2.692799   -.6703238
                  1998  |  -1.964119   .5063827    -3.88   0.000    -2.957686   -.9705512
                  1999  |  -2.201812   .5365297    -4.10   0.000    -3.254531   -1.149094
                  2000  |  -6.105865   .5604389   -10.89   0.000    -7.205495   -5.006234
                  2001  |  -5.812097    .568573   -10.22   0.000    -6.927687   -4.696506
                  2002  |  -4.686485   .5741866    -8.16   0.000     -5.81309    -3.55988
                  2003  |  -3.765933   .5635445    -6.68   0.000    -4.871657   -2.660209
                  2004  |  -4.287242    .565463    -7.58   0.000     -5.39673   -3.177754
                  2005  |  -3.210736   .6397506    -5.02   0.000    -4.465983   -1.955489
                  2006  |  -4.743346   .6296456    -7.53   0.000    -5.978766   -3.507926
                        |
year_1995#c.treated_med |
                  1991  |   .0241403    .958703     0.03   0.980    -1.856919      1.9052
                  1992  |  -.7587866   .8809178    -0.86   0.389    -2.487225    .9696517
                  1993  |  -1.040087   .8572466    -1.21   0.225     -2.72208    .6419066
                  1994  |   .0212055   .7619373     0.03   0.978    -1.473783    1.516194
                  1995  |   -.855038   .8095125    -1.06   0.291    -2.443373    .7332969
                  1997  |   .1546567   .7374834     0.21   0.834    -1.292351    1.601664
                  1998  |    -.01314   .7655294    -0.02   0.986    -1.515176    1.488896
                  1999  |  -1.671359   .7794229    -2.14   0.032    -3.200655   -.1420621
                  2000  |    -1.3354   .8011403    -1.67   0.096    -2.907308    .2365076
                  2001  |  -1.674106   .8338831    -2.01   0.045    -3.310258   -.0379533
                  2002  |  -1.661426   .8018896    -2.07   0.039    -3.234804   -.0880482
                  2003  |  -1.680149   .8192845    -2.05   0.041    -3.287657   -.0726404
                  2004  |  -1.249675   .8142351    -1.53   0.125    -2.847276    .3479263
                  2005  |  -1.061184   .8961752    -1.18   0.237    -2.819558    .6971909
                  2006  |  -.4693294   .8691413    -0.54   0.589    -2.174661    1.236002
                        |
           sp_intensity |  -1.431957   .9659254    -1.48   0.138    -3.327188    .4632734
                  _cons |    43.9933    .292278   150.52   0.000     43.41982    44.56677
-----------------------------------------------------------------------------------------

Absorbed degrees of freedom:
-----------------------------------------------------------+
       Absorbed FE | Categories  - Redundant  = Num. Coefs |
-------------------+---------------------------------------|
 cve_ent_mun_super |      1119        1119           0    *|
-----------------------------------------------------------+
* = FE nested within cluster; treated as redundant for DoF computation

. forval pos = 1/16 {
  2.     if `pos' == 6 {
  3.         local bb_`pos'  = 0
  4.         local seb_`pos' = 0
  5.     }
  6.     else {
  7.         local bb_`pos'  = _b[`pos'.year_1995#c.treated_med]
  8.         local seb_`pos' = _se[`pos'.year_1995#c.treated_med]
  9.     }
 10. }

. 
. * Spec C: threshold = HM-sample 75th percentile
. reghdfe emr65 c.treated_p75##ib6.year_1995 c.sp_intensity ///
>     [aw=popover65_] if $sample_marg, a(cve_ent_mun_super) vce(cluster cve_ent_mun_super)
(MWFE estimator converged in 1 iterations)
note: treated_p75 is probably collinear with the fixed effects (all partialled-out values are close to zero
> ; tol = 1.0e-09)

HDFE Linear regression                            Number of obs   =     17,904
Absorbing 1 HDFE group                            F(  31,   1118) =      17.48
Statistics robust to heteroskedasticity           Prob > F        =     0.0000
                                                  R-squared       =     0.5448
                                                  Adj R-squared   =     0.5136
                                                  Within R-sq.    =     0.0527
Number of clusters (cve_ent_mun_super) =      1,119Root MSE       =     9.1495

                             (Std. err. adjusted for 1,119 clusters in cve_ent_mun_super)
-----------------------------------------------------------------------------------------
                        |               Robust
                  emr65 | Coefficient  std. err.      t    P>|t|     [95% conf. interval]
------------------------+----------------------------------------------------------------
            treated_p75 |          0  (omitted)
                        |
              year_1995 |
                  1991  |  -1.859076   .5401847    -3.44   0.001    -2.918966   -.7991861
                  1992  |  -1.601256   .4960706    -3.23   0.001    -2.574591   -.6279221
                  1993  |  -1.496203   .4616768    -3.24   0.001    -2.402053   -.5903523
                  1994  |  -2.631319   .4315089    -6.10   0.000    -3.477978   -1.784661
                  1995  |  -1.091801    .438727    -2.49   0.013    -1.952622   -.2309799
                  1997  |  -1.622356   .4058994    -4.00   0.000    -2.418766   -.8259452
                  1998  |  -2.198966   .4100969    -5.36   0.000    -3.003612    -1.39432
                  1999  |  -2.510345   .4278949    -5.87   0.000    -3.349912   -1.670777
                  2000  |   -6.35943    .441893   -14.39   0.000    -7.226463   -5.492397
                  2001  |   -6.22614   .4598068   -13.54   0.000    -7.128321   -5.323959
                  2002  |  -5.009187   .4466636   -11.21   0.000     -5.88558   -4.132793
                  2003  |  -3.974424   .4541295    -8.75   0.000    -4.865466   -3.083382
                  2004  |  -4.430218   .4612673    -9.60   0.000    -5.335265   -3.525171
                  2005  |   -3.23597   .5500991    -5.88   0.000    -4.315313   -2.156627
                  2006  |  -4.653271   .5611592    -8.29   0.000    -5.754315   -3.552227
                        |
year_1995#c.treated_p75 |
                  1991  |   1.367193   1.210825     1.13   0.259    -1.008551    3.742938
                  1992  |   .1441331    1.07568     0.13   0.893    -1.966447    2.254713
                  1993  |  -.0635095   1.186731    -0.05   0.957    -2.391981    2.264962
                  1994  |  -.7951131   .9627201    -0.83   0.409    -2.684055    1.093829
                  1995  |   .1287072   1.117257     0.12   0.908    -2.063449    2.320863
                  1997  |   .0560139   .9829811     0.06   0.955    -1.872682    1.984709
                  1998  |   1.265369   1.054546     1.20   0.230    -.8037438    3.334481
                  1999  |  -2.486575   1.026656    -2.42   0.016    -4.500964   -.4721863
                  2000  |  -1.947561   1.050885    -1.85   0.064    -4.009489    .1143674
                  2001  |  -1.914441   1.089731    -1.76   0.079     -4.05259    .2237085
                  2002  |  -2.379059   1.040467    -2.29   0.022    -4.420547   -.3375708
                  2003  |  -3.044992   1.031213    -2.95   0.003    -5.068323   -1.021662
                  2004  |  -2.376704   1.034294    -2.30   0.022    -4.406081   -.3473276
                  2005  |    -2.6105   1.058805    -2.47   0.014    -4.687968   -.5330315
                  2006  |  -1.837534   1.091329    -1.68   0.093    -3.978817    .3037486
                        |
           sp_intensity |  -1.309135   .9476219    -1.38   0.167    -3.168452    .5501827
                  _cons |   43.99521    .292927   150.19   0.000     43.42046    44.56996
-----------------------------------------------------------------------------------------

Absorbed degrees of freedom:
-----------------------------------------------------------+
       Absorbed FE | Categories  - Redundant  = Num. Coefs |
-------------------+---------------------------------------|
 cve_ent_mun_super |      1119        1119           0    *|
-----------------------------------------------------------+
* = FE nested within cluster; treated as redundant for DoF computation

. forval pos = 1/16 {
  2.     if `pos' == 6 {
  3.         local bc_`pos'  = 0
  4.         local sec_`pos' = 0
  5.     }
  6.     else {
  7.         local bc_`pos'  = _b[`pos'.year_1995#c.treated_p75]
  8.         local sec_`pos' = _se[`pos'.year_1995#c.treated_p75]
  9.     }
 10. }

. 
. preserve

. clear

. set obs 16
Number of observations (_N) was 0, now 16.

. gen yr_pos = _n

. gen xpos_a = yr_pos - 0.18

. gen xpos_b = yr_pos

. gen xpos_c = yr_pos + 0.18

. foreach s in a b c {
  2.     gen b_`s'  = .
  3.     gen hi_`s' = .
  4.     gen lo_`s' = .
  5. }
(16 missing values generated)
(16 missing values generated)
(16 missing values generated)
(16 missing values generated)
(16 missing values generated)
(16 missing values generated)
(16 missing values generated)
(16 missing values generated)
(16 missing values generated)

. forval pos = 1/16 {
  2.     replace b_a  = `ba_`pos''                       if yr_pos == `pos'
  3.     replace hi_a = `ba_`pos'' + 1.96 * `sea_`pos'' if yr_pos == `pos'
  4.     replace lo_a = `ba_`pos'' - 1.96 * `sea_`pos'' if yr_pos == `pos'
  5.     replace b_b  = `bb_`pos''                       if yr_pos == `pos'
  6.     replace hi_b = `bb_`pos'' + 1.96 * `seb_`pos'' if yr_pos == `pos'
  7.     replace lo_b = `bb_`pos'' - 1.96 * `seb_`pos'' if yr_pos == `pos'
  8.     replace b_c  = `bc_`pos''                       if yr_pos == `pos'
  9.     replace hi_c = `bc_`pos'' + 1.96 * `sec_`pos'' if yr_pos == `pos'
 10.     replace lo_c = `bc_`pos'' - 1.96 * `sec_`pos'' if yr_pos == `pos'
 11. }
(1 real change made)
(1 real change made)
(1 real change made)
(1 real change made)
(1 real change made)
(1 real change made)
(1 real change made)
(1 real change made)
(1 real change made)
(1 real change made)
(1 real change made)
(1 real change made)
(1 real change made)
(1 real change made)
(1 real change made)
(1 real change made)
(1 real change made)
(1 real change made)
(1 real change made)
(1 real change made)
(1 real change made)
(1 real change made)
(1 real change made)
(1 real change made)
(1 real change made)
(1 real change made)
(1 real change made)
(1 real change made)
(1 real change made)
(1 real change made)
(1 real change made)
(1 real change made)
(1 real change made)
(1 real change made)
(1 real change made)
(1 real change made)
(1 real change made)
(1 real change made)
(1 real change made)
(1 real change made)
(1 real change made)
(1 real change made)
(1 real change made)
(1 real change made)
(1 real change made)
(1 real change made)
(1 real change made)
(1 real change made)
(1 real change made)
(1 real change made)
(1 real change made)
(1 real change made)
(1 real change made)
(1 real change made)
(1 real change made)
(1 real change made)
(1 real change made)
(1 real change made)
(1 real change made)
(1 real change made)
(1 real change made)
(1 real change made)
(1 real change made)
(1 real change made)
(1 real change made)
(1 real change made)
(1 real change made)
(1 real change made)
(1 real change made)
(1 real change made)
(1 real change made)
(1 real change made)
(1 real change made)
(1 real change made)
(1 real change made)
(1 real change made)
(1 real change made)
(1 real change made)
(1 real change made)
(1 real change made)
(1 real change made)
(1 real change made)
(1 real change made)
(1 real change made)
(1 real change made)
(1 real change made)
(1 real change made)
(1 real change made)
(1 real change made)
(1 real change made)
(1 real change made)
(1 real change made)
(1 real change made)
(1 real change made)
(1 real change made)
(1 real change made)
(1 real change made)
(1 real change made)
(1 real change made)
(1 real change made)
(1 real change made)
(1 real change made)
(1 real change made)
(1 real change made)
(1 real change made)
(1 real change made)
(1 real change made)
(1 real change made)
(1 real change made)
(1 real change made)
(1 real change made)
(1 real change made)
(1 real change made)
(1 real change made)
(1 real change made)
(1 real change made)
(1 real change made)
(1 real change made)
(1 real change made)
(1 real change made)
(1 real change made)
(1 real change made)
(1 real change made)
(1 real change made)
(1 real change made)
(1 real change made)
(1 real change made)
(1 real change made)
(1 real change made)
(1 real change made)
(1 real change made)
(1 real change made)
(1 real change made)
(1 real change made)
(1 real change made)
(1 real change made)
(1 real change made)
(1 real change made)
(1 real change made)
(1 real change made)
(1 real change made)
(1 real change made)
(1 real change made)
(1 real change made)

. 
. twoway ///
>     (rcap hi_a lo_a xpos_a, lcolor(black%60) lwidth(vthin) lpattern(solid)) ///
>     (scatter b_a xpos_a, mcolor(black) msymbol(circle) msize(vsmall)) ///
>     (rcap hi_b lo_b xpos_b, lcolor(red%60) lwidth(vthin) lpattern(dash)) ///
>     (scatter b_b xpos_b, mcolor(red) msymbol(square) msize(vsmall)) ///
>     (rcap hi_c lo_c xpos_c, lcolor(blue%60) lwidth(vthin) lpattern(shortdash_dot)) ///
>     (scatter b_c xpos_c, mcolor(blue) msymbol(triangle) msize(vsmall)) ///
>     (line b_a xpos_a if 1==0, lcolor(black) lpattern(solid) lwidth(thin) mcolor(black) msymbol(circle) ms
> ize(vsmall)) ///
>     (line b_b xpos_b if 1==0, lcolor(red) lpattern(dash) lwidth(thin) mcolor(red) msymbol(square) msize(v
> small)) ///
>     (line b_c xpos_c if 1==0, lcolor(blue) lpattern(shortdash_dot) lwidth(thin) mcolor(blue) msymbol(tria
> ngle) msize(vsmall)), ///
>     yline(0, lcolor(gs8) lpattern(solid) lwidth(vthin)) ///
>     xline(6.5, lcolor(yellow) lpattern(dash) lwidth(vthin)) ///
>     xlabel(`yr_labels', labsize(small) angle(45) labcolor(black)) ///
>     xscale(range(0.5 16.5)) ///
>     xtitle("") ///
>     ytitle("Mortality Rate 65+ (per 1,000)", size(medsmall)) ///
>     ylabel(, grid gmin gmax labsize(small)) ///
>     legend(order(7 "Threshold: 15%" 8 "Threshold: median" 9 "Threshold: p75") ///
>         cols(3) size(small) position(6) ring(1) ///
>         region(lcolor(none)) symxsize(5) keygap(1) rowgap(0)) ///
>     graphregion(color(white)) ///
>     plotregion(margin(l=1 r=1))

. * graph export "$figures/appendix/AF_binary_es.pdf", as(pdf) replace
. * if "$repo_figures" != "" graph export "$repo_figures/appendix/AF_binary_es.pdf", as(pdf) replace
. restore

. di "Figure exported to: $figures/appendix/AF_binary_es.pdf"
Figure exported to: C:\Users\FELIPEME\Dropbox\Aplicaciones\Overleaf\progresa_cct\figures/appendix/AF_binary
> _es.pdf

. 
. *------------------------------------------------------------
. * Companion TABLE: standard Post-interaction estimate for each threshold,
. * mirroring the D1 companion-table pattern (point estimates + N + high/low
. * municipality counts, to accompany the year-by-year event study above).
. * Output: $tables/appendix/AT_binary_es.tex
. *------------------------------------------------------------
. local thr_p50_pct : di %4.1f `thr_p50'*100

. local thr_p75_pct : di %4.1f `thr_p75'*100

. local threshname1 "Threshold: 15\%"

. local threshname2 "Threshold: median (`thr_p50_pct'\%)"

. local threshname3 "Threshold: p75 (`thr_p75_pct'\%)"

. 
. local i = 0

. foreach v in treated_15 treated_med treated_p75 {
  2.     local ++i
  3.     reghdfe emr65 c.`v'#i.post c.sp_intensity ///
>         [aw=popover65_] if $sample_marg, a(year cve_ent_mun_super) vce(cluster cve_ent_mun_super)
  4.     local aux : di %9.3f _b[1.post#c.`v']
  5.     local tstat = abs(_b[1.post#c.`v'] / _se[1.post#c.`v'])
  6.     if      `tstat' >= 2.576 local bt_`i' = trim("`aux'") + "***"
  7.     else if `tstat' >= 1.960 local bt_`i' = trim("`aux'") + "**"
  8.     else if `tstat' >= 1.645 local bt_`i' = trim("`aux'") + "*"
  9.     else                     local bt_`i' = trim("`aux'")
 10.     local set_`i' : di %9.3f _se[1.post#c.`v']
 11.     local Nt_`i'  : di %12.0fc e(N)
 12. }
(MWFE estimator converged in 4 iterations)
note: 2.post#c.treated_15 omitted because of collinearity

HDFE Linear regression                            Number of obs   =     17,904
Absorbing 2 HDFE groups                           F(   2,   1118) =       1.15
Statistics robust to heteroskedasticity           Prob > F        =     0.3172
                                                  R-squared       =     0.5431
                                                  Adj R-squared   =     0.5122
                                                  Within R-sq.    =     0.0002
Number of clusters (cve_ent_mun_super) =      1,119Root MSE       =     9.1622

                       (Std. err. adjusted for 1,119 clusters in cve_ent_mun_super)
-----------------------------------------------------------------------------------
                  |               Robust
            emr65 | Coefficient  std. err.      t    P>|t|     [95% conf. interval]
------------------+----------------------------------------------------------------
post#c.treated_15 |
       1997-2006  |    .391089   .7153752     0.55   0.585     -1.01254    1.794718
       1991-1996  |          0  (omitted)
                  |
     sp_intensity |  -1.390411   .9527096    -1.46   0.145    -3.259711    .4788894
            _cons |   40.26209   .4671944    86.18   0.000     39.34541    41.17877
-----------------------------------------------------------------------------------

Absorbed degrees of freedom:
-----------------------------------------------------------+
       Absorbed FE | Categories  - Redundant  = Num. Coefs |
-------------------+---------------------------------------|
              year |        16           1          15     |
 cve_ent_mun_super |      1119        1119           0    *|
-----------------------------------------------------------+
* = FE nested within cluster; treated as redundant for DoF computation
(MWFE estimator converged in 4 iterations)
note: 2.post#c.treated_med omitted because of collinearity

HDFE Linear regression                            Number of obs   =     17,904
Absorbing 2 HDFE groups                           F(   2,   1118) =       1.95
Statistics robust to heteroskedasticity           Prob > F        =     0.1427
                                                  R-squared       =     0.5433
                                                  Adj R-squared   =     0.5123
                                                  Within R-sq.    =     0.0005
Number of clusters (cve_ent_mun_super) =      1,119Root MSE       =     9.1609

                        (Std. err. adjusted for 1,119 clusters in cve_ent_mun_super)
------------------------------------------------------------------------------------
                   |               Robust
             emr65 | Coefficient  std. err.      t    P>|t|     [95% conf. interval]
-------------------+----------------------------------------------------------------
post#c.treated_med |
        1997-2006  |  -.6543044   .4929945    -1.33   0.185    -1.621603    .3129943
        1991-1996  |          0  (omitted)
                   |
      sp_intensity |  -1.327747      .9523    -1.39   0.164    -3.196244    .5407493
             _cons |   40.72157   .1584862   256.94   0.000      40.4106    41.03253
------------------------------------------------------------------------------------

Absorbed degrees of freedom:
-----------------------------------------------------------+
       Absorbed FE | Categories  - Redundant  = Num. Coefs |
-------------------+---------------------------------------|
              year |        16           1          15     |
 cve_ent_mun_super |      1119        1119           0    *|
-----------------------------------------------------------+
* = FE nested within cluster; treated as redundant for DoF computation
(MWFE estimator converged in 4 iterations)
note: 2.post#c.treated_p75 omitted because of collinearity

HDFE Linear regression                            Number of obs   =     17,904
Absorbing 2 HDFE groups                           F(   2,   1118) =       5.18
Statistics robust to heteroskedasticity           Prob > F        =     0.0058
                                                  R-squared       =     0.5438
                                                  Adj R-squared   =     0.5129
                                                  Within R-sq.    =     0.0017
Number of clusters (cve_ent_mun_super) =      1,119Root MSE       =     9.1554

                        (Std. err. adjusted for 1,119 clusters in cve_ent_mun_super)
------------------------------------------------------------------------------------
                   |               Robust
             emr65 | Coefficient  std. err.      t    P>|t|     [95% conf. interval]
-------------------+----------------------------------------------------------------
post#c.treated_p75 |
        1997-2006  |  -1.930808   .6513734    -2.96   0.003     -3.20886   -.6527563
        1991-1996  |          0  (omitted)
                   |
      sp_intensity |  -1.313332    .945793    -1.39   0.165    -3.169061    .5423975
             _cons |   40.76032   .0942507   432.47   0.000     40.57539    40.94525
------------------------------------------------------------------------------------

Absorbed degrees of freedom:
-----------------------------------------------------------+
       Absorbed FE | Categories  - Redundant  = Num. Coefs |
-------------------+---------------------------------------|
              year |        16           1          15     |
 cve_ent_mun_super |      1119        1119           0    *|
-----------------------------------------------------------+
* = FE nested within cluster; treated as redundant for DoF computation

. 
. /*
> {
>     cap file close bin
>     file open bin using "$tables/appendix/AT_binary_es.tex", write replace
>     file write bin "\begin{tabular}{lcccc} \hline \hline" _n
>     file write bin "Threshold & Intensity 1999 x Post & Obs & High & Low \\ \toprule" _n
>     file write bin "`threshname1' & `bt_1' & `Nt_1' & `n1_treated_15' & `n0_treated_15' \\ " _n
>     file write bin " & (`set_1') & & & \\ " _n
>     file write bin "  & & & & \\ " _n
>     file write bin "`threshname2' & `bt_2' & `Nt_2' & `n1_treated_med' & `n0_treated_med' \\ " _n
>     file write bin " & (`set_2') & & & \\ " _n
>     file write bin "  & & & & \\ " _n
>     file write bin "`threshname3' & `bt_3' & `Nt_3' & `n1_treated_p75' & `n0_treated_p75' \\ " _n
>     file write bin " & (`set_3') & & & \\ " _n
>     file write bin "\bottomrule" _n
>     file write bin "\end{tabular}"
>     file close bin
>     if "$repo_tables" != "" copy "$tables/appendix/AT_binary_es.tex" "$repo_tables/appendix/AT_binary_es.
> tex", replace
> }
> */
. di "Table exported to: $tables/appendix/AT_binary_es.tex"
Table exported to: C:\Users\FELIPEME\Dropbox\Aplicaciones\Overleaf\progresa_cct\tables/appendix/AT_binary_e
> s.tex

. 
. *============================================================
. * D2b: TWO-BINARY VERSION OF THE THRESHOLD MODEL (ADDITIONAL result
. * alongside D2 above -- does not replace it). Addresses the critique in
. * research_project.md (PART 6(6)(a) and its "Net recommendation"): a
. * single high-vs-low cut on Intensity_1999 alone treats "low" as if it
. * were a control group, but under saturation the low group keeps
. * enrolling through 2000-2005, so its own later-phase catch-up
. * contaminates the high-vs-low mortality gap ("the binarized version
. * needs its own later-phase split -- it collapses back to the
. * {Early, Late-only, Never} design, not a simpler alternative to it").
. * The fix: TWO binary indicators, mirroring the continuous T2
. * specification's two intensity variables, instead of one:
. *   High_1999 = 1[Intensity_1999_fix >= c]  (= treated_15/treated_med/
. *                                              treated_p75 from D2 above)
. *   High_2005 = 1[Intensity_2005_fix >= c]  (new: treated05_15/_med/_p75)
. * both entered as separate Post-interactions, giving the "low" group an
. * explicit later-phase escape route instead of collapsing it into a
. * single static contrast.
. *
. * Uses the SAME threshold grid as D2/AT_binary_es (15% a priori; median
. * and 75th percentile of Intensity_1999_fix, HM sample, 1996 cross-
. * section -- thr_p50/thr_p75 computed in D2 above), applied to BOTH
. * Intensity_1999 and Intensity_2005, matching the convention already
. * used in the Early/Late-only/Never/High-Low categorical design
. * (AT_threshold_categorical). Appendix Table~at:binary_es
. * reports the exact numeric threshold values and the High_1999/Low_1999
. * municipality counts; this section's own table cross-references that
. * one rather than repeating them, and adds the new High_2005/Low_2005
. * counts.
. * Output: $figures/appendix/AF_binary_es_2bin_{15,med,p75}.pdf,
. *         $tables/appendix/AT_binary_es_2bin.tex
. *============================================================
. cap drop treated05_15 treated05_med treated05_p75

. gen treated05_15  = (inten2005_fix >= 0.15)      if !missing(inten2005_fix)
(93 missing values generated)

. gen treated05_med = (inten2005_fix >= `thr_p50') if !missing(inten2005_fix)
(93 missing values generated)

. gen treated05_p75 = (inten2005_fix >= `thr_p75') if !missing(inten2005_fix)
(93 missing values generated)

. 
. foreach v in treated05_15 treated05_med treated05_p75 {
  2.     count if $sample_marg & year==1996 & `v'==1
  3.     local n1_`v' = r(N)
  4.     count if $sample_marg & year==1996 & `v'==0
  5.     local n0_`v' = r(N)
  6.     di "`v': `n1_`v'' high / `n0_`v'' low (HM municipalities, 1996)"
  7. }
  1,119
  0
treated05_15: 1119 high / 0 low (HM municipalities, 1996)
  1,058
  61
treated05_med: 1058 high / 61 low (HM municipalities, 1996)
  893
  226
treated05_p75: 893 high / 226 low (HM municipalities, 1996)

. 
. * --- Event study: one combined graph, all 3 thresholds overlaid ---
. * High_2005 x year is still estimated in every regression below (it is
. * the later-phase/final-enrollment-status control this design needs,
. * mirroring Intensity_2005's role in the continuous main spec -- see
. * the coauthor's confirmed reading in the table note below), but its
. * coefficient is not plotted: like Intensity_2005 x post in the main
. * spec, it has no stand-alone interpretation of its own here.
. foreach spec in 15 med p75 {
  2.     if "`spec'" == "15" {
  3.         local v99 treated_15
  4.         local v05 treated05_15
  5.     }
  6.     else if "`spec'" == "med" {
  7.         local v99 treated_med
  8.         local v05 treated05_med
  9.     }
 10.     else {
 11.         local v99 treated_p75
 12.         local v05 treated05_p75
 13.     }
 14. 
.     reghdfe emr65 c.`v99'##ib6.year_1995 c.`v05'##ib6.year_1995 c.sp_intensity ///
>         [aw=popover65_] if $sample_marg, a(cve_ent_mun_super) vce(cluster cve_ent_mun_super)
 15.     forval pos = 1/16 {
 16.         if `pos' == 6 {
 17.             local b2b_`spec'_`pos'  = 0
 18.             local se2b_`spec'_`pos' = 0
 19.         }
 20.         else {
 21.             local b2b_`spec'_`pos'  = _b[`pos'.year_1995#c.`v99']
 22.             local se2b_`spec'_`pos' = _se[`pos'.year_1995#c.`v99']
 23.         }
 24.     }
 25. }
(MWFE estimator converged in 1 iterations)
note: treated_15 is probably collinear with the fixed effects (all partialled-out values are close to zero;
>  tol = 1.0e-09)
note: treated05_15 is probably collinear with the fixed effects (all partialled-out values are close to zer
> o; tol = 1.0e-09)
note: treated05_15 omitted because of collinearity
note: 2.year_1995#c.treated05_15 omitted because of collinearity
note: 3.year_1995#c.treated05_15 omitted because of collinearity
note: 4.year_1995#c.treated05_15 omitted because of collinearity
note: 5.year_1995#c.treated05_15 omitted because of collinearity
note: 6b.year_1995#co.treated05_15 omitted because of collinearity
note: 8.year_1995#c.treated05_15 omitted because of collinearity
note: 9.year_1995#c.treated05_15 omitted because of collinearity
note: 10.year_1995#c.treated05_15 omitted because of collinearity
note: 11.year_1995#c.treated05_15 omitted because of collinearity
note: 12.year_1995#c.treated05_15 omitted because of collinearity
note: 13.year_1995#c.treated05_15 omitted because of collinearity
note: 14.year_1995#c.treated05_15 omitted because of collinearity
note: 15.year_1995#c.treated05_15 omitted because of collinearity
note: 16.year_1995#c.treated05_15 omitted because of collinearity

HDFE Linear regression                            Number of obs   =     17,904
Absorbing 1 HDFE group                            F(  31,   1118) =      17.51
Statistics robust to heteroskedasticity           Prob > F        =     0.0000
                                                  R-squared       =     0.5437
                                                  Adj R-squared   =     0.5124
                                                  Within R-sq.    =     0.0503
Number of clusters (cve_ent_mun_super) =      1,119Root MSE       =     9.1607

                              (Std. err. adjusted for 1,119 clusters in cve_ent_mun_super)
------------------------------------------------------------------------------------------
                         |               Robust
                   emr65 | Coefficient  std. err.      t    P>|t|     [95% conf. interval]
-------------------------+----------------------------------------------------------------
              treated_15 |          0  (omitted)
                         |
               year_1995 |
                   1991  |   -2.29826   1.939427    -1.19   0.236    -6.103587    1.507067
                   1992  |   1.053664   1.980581     0.53   0.595     -2.83241    4.939739
                   1993  |   1.255164   1.661008     0.76   0.450    -2.003879    4.514207
                   1994  |   -2.31027   1.478521    -1.56   0.118    -5.211259    .5907199
                   1995  |   .7506366   1.580643     0.47   0.635    -2.350724    3.851997
                   1997  |  -2.973374   1.627872    -1.83   0.068    -6.167403    .2206542
                   1998  |  -1.858926   1.498274    -1.24   0.215    -4.798672    1.080821
                   1999  |  -.3754922   1.681723    -0.22   0.823    -3.675181    2.924197
                   2000  |  -4.717385   1.538598    -3.07   0.002     -7.73625    -1.69852
                   2001  |  -5.796709   1.614911    -3.59   0.000    -8.965306   -2.628113
                   2002  |  -4.556814   1.386441    -3.29   0.001    -7.277133   -1.836495
                   2003  |  -4.782023   1.412193    -3.39   0.001     -7.55287   -2.011176
                   2004  |  -1.619159   1.824491    -0.89   0.375     -5.19897    1.960652
                   2005  |  -4.177663   1.445798    -2.89   0.004    -7.014446   -1.340881
                   2006  |  -4.614739   1.640729    -2.81   0.005    -7.833993   -1.395485
                         |
  year_1995#c.treated_15 |
                   1991  |   .7213031   2.003107     0.36   0.719    -3.208969    4.651576
                   1992  |  -2.767089   2.031661    -1.36   0.173    -6.753387    1.219208
                   1993  |  -2.907948   1.718139    -1.69   0.091    -6.279087    .4631918
                   1994  |  -.4857673   1.531355    -0.32   0.751     -3.49042    2.518886
                   1995  |  -1.916965   1.634699    -1.17   0.241    -5.124389    1.290458
                   1997  |   1.432837   1.671529     0.86   0.392    -1.846849    4.712524
                   1998  |  -.1142941    1.54873    -0.07   0.941    -3.153038     2.92445
                   1999  |  -2.712453   1.729872    -1.57   0.117    -6.106614    .6817082
                   2000  |   -2.09254   1.593821    -1.31   0.189    -5.219757    1.034678
                   2001  |    -.81317   1.672243    -0.49   0.627    -4.094258    2.467918
                   2002  |  -.9275274   1.449142    -0.64   0.522    -3.770873    1.915818
                   2003  |   .2661483    1.47614     0.18   0.857    -2.630168    3.162464
                   2004  |  -3.396501   1.872205    -1.81   0.070    -7.069933    .2769314
                   2005  |   .5102591    1.51978     0.34   0.737    -2.471684    3.492202
                   2006  |  -.3558251   1.692216    -0.21   0.833    -3.676102    2.964452
                         |
            treated05_15 |          0  (omitted)
                         |
year_1995#c.treated05_15 |
                   1991  |          0  (omitted)
                   1992  |          0  (omitted)
                   1993  |          0  (omitted)
                   1994  |          0  (omitted)
                   1995  |          0  (omitted)
                   1997  |          0  (omitted)
                   1998  |          0  (omitted)
                   1999  |          0  (omitted)
                   2000  |          0  (omitted)
                   2001  |          0  (omitted)
                   2002  |          0  (omitted)
                   2003  |          0  (omitted)
                   2004  |          0  (omitted)
                   2005  |          0  (omitted)
                   2006  |          0  (omitted)
                         |
            sp_intensity |  -1.423981   .9605421    -1.48   0.138    -3.308649    .4606874
                   _cons |   43.98968   .2943063   149.47   0.000     43.41222    44.56713
------------------------------------------------------------------------------------------

Absorbed degrees of freedom:
-----------------------------------------------------------+
       Absorbed FE | Categories  - Redundant  = Num. Coefs |
-------------------+---------------------------------------|
 cve_ent_mun_super |      1119        1119           0    *|
-----------------------------------------------------------+
* = FE nested within cluster; treated as redundant for DoF computation
(MWFE estimator converged in 1 iterations)
note: treated_med is probably collinear with the fixed effects (all partialled-out values are close to zero
> ; tol = 1.0e-09)
note: treated05_med is probably collinear with the fixed effects (all partialled-out values are close to ze
> ro; tol = 1.0e-09)

HDFE Linear regression                            Number of obs   =     17,904
Absorbing 1 HDFE group                            F(  46,   1118) =      14.55
Statistics robust to heteroskedasticity           Prob > F        =     0.0000
                                                  R-squared       =     0.5444
                                                  Adj R-squared   =     0.5127
                                                  Within R-sq.    =     0.0519
Number of clusters (cve_ent_mun_super) =      1,119Root MSE       =     9.1571

                               (Std. err. adjusted for 1,119 clusters in cve_ent_mun_super)
-------------------------------------------------------------------------------------------
                          |               Robust
                    emr65 | Coefficient  std. err.      t    P>|t|     [95% conf. interval]
--------------------------+----------------------------------------------------------------
              treated_med |          0  (omitted)
                          |
                year_1995 |
                    1991  |   1.897985   1.718498     1.10   0.270    -1.473859    5.269829
                    1992  |   1.701326   1.368791     1.24   0.214    -.9843618    4.387014
                    1993  |   1.045433   1.347888     0.78   0.438    -1.599242    3.690107
                    1994  |   -2.13034   1.877853    -1.13   0.257    -5.814854    1.554174
                    1995  |   2.943171    1.54986     1.90   0.058    -.0977916    5.984133
                    1997  |  -1.674119   1.670046    -1.00   0.316    -4.950896    1.602659
                    1998  |  -.9210432   1.444203    -0.64   0.524    -3.754697    1.912611
                    1999  |   -1.37631   1.665045    -0.83   0.409    -4.643274    1.890654
                    2000  |  -2.821145   1.675808    -1.68   0.093    -6.109228    .4669383
                    2001  |  -5.862888   1.995057    -2.94   0.003    -9.777365   -1.948411
                    2002  |   -3.96012   1.551679    -2.55   0.011    -7.004651   -.9155895
                    2003  |  -1.815689   1.590331    -1.14   0.254    -4.936057     1.30468
                    2004  |   -.912074   1.931631    -0.47   0.637    -4.702105    2.877957
                    2005  |  -2.238148    1.95639    -1.14   0.253    -6.076758    1.600462
                    2006  |  -4.395896   1.821964    -2.41   0.016     -7.97075   -.8210422
                          |
  year_1995#c.treated_med |
                    1991  |   .4402154   .9928327     0.44   0.658     -1.50781    2.388241
                    1992  |  -.4118337   .9131433    -0.45   0.652    -2.203501    1.379834
                    1993  |  -.7934361   .8867813    -0.89   0.371    -2.533379    .9465069
                    1994  |   .0977371   .7777821     0.13   0.900     -1.42834    1.623814
                    1995  |  -.4248866    .819525    -0.52   0.604    -2.032867    1.183094
                    1997  |   .1563516    .755158     0.21   0.836    -1.325335    1.638038
                    1998  |   .1106546   .7838412     0.14   0.888    -1.427311     1.64862
                    1999  |  -1.572657   .7978496    -1.97   0.049    -3.138108   -.0072057
                    2000  |  -.9510051   .8168344    -1.16   0.245    -2.553706     .651696
                    2001  |  -1.676697   .8469496    -1.98   0.048    -3.338487    -.014907
                    2002  |  -1.573864   .8328306    -1.89   0.059    -3.207951    .0602229
                    2003  |  -1.450641   .8416641    -1.72   0.085     -3.10206    .2007781
                    2004  |  -.8545503   .8193677    -1.04   0.297    -2.462222    .7531214
                    2005  |  -.9452992   .9141447    -1.03   0.301    -2.738932    .8483333
                    2006  |  -.4251894   .8898668    -0.48   0.633    -2.171187    1.320808
                          |
            treated05_med |          0  (omitted)
                          |
year_1995#c.treated05_med |
                    1991  |  -3.947998   1.870741    -2.11   0.035    -7.618557   -.2774387
                    1992  |    -3.2898   1.517858    -2.17   0.030    -6.267972   -.3116289
                    1993  |  -2.338053   1.476737    -1.58   0.114    -5.235542    .5594353
                    1994  |  -.7284828    1.96194    -0.37   0.710    -4.577982    3.121016
                    1995  |  -4.069266   1.643112    -2.48   0.013    -7.293197   -.8453352
                    1997  |  -.0091413   1.753268    -0.01   0.996    -3.449207    3.430924
                    1998  |  -1.169312   1.534794    -0.76   0.446    -4.180712    1.842088
                    1999  |  -.9261221    1.75387    -0.53   0.598    -4.367369    2.515125
                    2000  |  -3.676902   1.769494    -2.08   0.038    -7.148804   -.2049991
                    2001  |   .0535999   2.075668     0.03   0.979    -4.019043    4.126243
                    2002  |   -.815502   1.672365    -0.49   0.626    -4.096829    2.465825
                    2003  |  -2.184163   1.695605    -1.29   0.198     -5.51109    1.142764
                    2004  |  -3.776814   2.011316    -1.88   0.061    -7.723193    .1695663
                    2005  |  -1.087128   2.057467    -0.53   0.597     -5.12406    2.949804
                    2006  |  -.3862503   1.919967    -0.20   0.841    -4.153395    3.380895
                          |
             sp_intensity |  -1.450786    .968708    -1.50   0.135    -3.351477    .4499046
                    _cons |   43.99413    .290989   151.19   0.000     43.42318    44.56507
-------------------------------------------------------------------------------------------

Absorbed degrees of freedom:
-----------------------------------------------------------+
       Absorbed FE | Categories  - Redundant  = Num. Coefs |
-------------------+---------------------------------------|
 cve_ent_mun_super |      1119        1119           0    *|
-----------------------------------------------------------+
* = FE nested within cluster; treated as redundant for DoF computation
(MWFE estimator converged in 1 iterations)
note: treated_p75 is probably collinear with the fixed effects (all partialled-out values are close to zero
> ; tol = 1.0e-09)
note: treated05_p75 is probably collinear with the fixed effects (all partialled-out values are close to ze
> ro; tol = 1.0e-09)

HDFE Linear regression                            Number of obs   =     17,904
Absorbing 1 HDFE group                            F(  46,   1118) =      12.84
Statistics robust to heteroskedasticity           Prob > F        =     0.0000
                                                  R-squared       =     0.5453
                                                  Adj R-squared   =     0.5137
                                                  Within R-sq.    =     0.0538
Number of clusters (cve_ent_mun_super) =      1,119Root MSE       =     9.1481

                               (Std. err. adjusted for 1,119 clusters in cve_ent_mun_super)
-------------------------------------------------------------------------------------------
                          |               Robust
                    emr65 | Coefficient  std. err.      t    P>|t|     [95% conf. interval]
--------------------------+----------------------------------------------------------------
              treated_p75 |          0  (omitted)
                          |
                year_1995 |
                    1991  |  -1.628325   1.126739    -1.45   0.149    -3.839086    .5824355
                    1992  |  -1.485705   1.009779    -1.47   0.141     -3.46698    .4955696
                    1993  |  -1.629342   .8405259    -1.94   0.053    -3.278528    .0198443
                    1994  |  -3.695855   .8029423    -4.60   0.000    -5.271299   -2.120411
                    1995  |  -.6567266   .7883228    -0.83   0.405    -2.203485    .8900322
                    1997  |  -1.082202   .7619678    -1.42   0.156     -2.57725    .4128461
                    1998  |  -1.894143   .7198475    -2.63   0.009    -3.306548   -.4817393
                    1999  |  -1.825412   .8424425    -2.17   0.030    -3.478359   -.1724658
                    2000  |  -5.203212   .8031334    -6.48   0.000     -6.77903   -3.627393
                    2001  |  -5.133821   .8610343    -5.96   0.000    -6.823246   -3.444396
                    2002  |  -4.327711   .8594113    -5.04   0.000    -6.013952    -2.64147
                    2003  |  -3.235529   .8451216    -3.83   0.000    -4.893732   -1.577326
                    2004  |   -3.59679   .8487864    -4.24   0.000    -5.262184   -1.931397
                    2005  |  -2.745258   .9005302    -3.05   0.002    -4.512177   -.9783382
                    2006  |   -4.25136    .837939    -5.07   0.000    -5.895471    -2.60725
                          |
  year_1995#c.treated_p75 |
                    1991  |    1.47099   1.230737     1.20   0.232    -.9438234    3.885804
                    1992  |   .1952243   1.100815     0.18   0.859    -1.964672    2.355121
                    1993  |  -.1261013   1.218696    -0.10   0.918    -2.517289    2.265087
                    1994  |  -1.283233   .9933184    -1.29   0.197    -3.232211    .6657453
                    1995  |   .3261766   1.151093     0.28   0.777     -1.93237    2.584723
                    1997  |   .3010839   1.011887     0.30   0.766    -1.684328    2.286496
                    1998  |   1.404633   1.087499     1.29   0.197     -.729137    3.538402
                    1999  |  -2.177319    1.05179    -2.07   0.039    -4.241024   -.1136145
                    2000  |  -1.430004   1.087069    -1.32   0.189    -3.562929    .7029207
                    2001  |  -1.425602   1.122375    -1.27   0.204    -3.627802    .7765977
                    2002  |  -2.072228   1.071074    -1.93   0.053     -4.17377    .0293144
                    2003  |  -2.712784   1.064434    -2.55   0.011    -4.801298   -.6242693
                    2004  |  -2.002603    1.06751    -1.88   0.061    -4.097152    .0919468
                    2005  |  -2.386287   1.110854    -2.15   0.032    -4.565881   -.2066927
                    2006  |  -1.652695   1.138524    -1.45   0.147     -3.88658    .5811905
                          |
            treated05_p75 |          0  (omitted)
                          |
year_1995#c.treated05_p75 |
                    1991  |  -.3377802   1.268543    -0.27   0.790    -2.826774    2.151213
                    1992  |  -.1682294    1.14845    -0.15   0.884     -2.42159    2.085131
                    1993  |   .1976872   .9998902     0.20   0.843    -1.764185     2.15956
                    1994  |   1.567861    .944361     1.66   0.097    -.2850581    3.420781
                    1995  |  -.6386047    .944969    -0.68   0.499    -2.492717    1.215508
                    1997  |  -.7927177   .8963324    -0.88   0.377    -2.551401    .9659654
                    1998  |  -.4484072   .8715477    -0.51   0.607    -2.158461    1.261646
                    1999  |  -1.003518    .972492    -1.03   0.302    -2.911633    .9045966
                    2000  |  -1.689078   .9585924    -1.76   0.078    -3.569921    .1917651
                    2001  |  -1.595581   1.013115    -1.57   0.116    -3.583402    .3922401
                    2002  |  -.9975911   1.000805    -1.00   0.319    -2.961259    .9660769
                    2003  |  -1.081214   .9944619    -1.09   0.277    -3.032436    .8700075
                    2004  |  -1.220285   .9918907    -1.23   0.219    -3.166462    .7258923
                    2005  |   -.725513   1.070674    -0.68   0.498    -2.826269    1.375243
                    2006  |  -.5992841   .9982106    -0.60   0.548    -2.557861    1.359293
                          |
             sp_intensity |  -1.288357   .9621545    -1.34   0.181    -3.176189    .5994752
                    _cons |    43.9972   .2934362   149.94   0.000     43.42145    44.57295
-------------------------------------------------------------------------------------------

Absorbed degrees of freedom:
-----------------------------------------------------------+
       Absorbed FE | Categories  - Redundant  = Num. Coefs |
-------------------+---------------------------------------|
 cve_ent_mun_super |      1119        1119           0    *|
-----------------------------------------------------------+
* = FE nested within cluster; treated as redundant for DoF computation

. 
. preserve

. clear

. set obs 16
Number of observations (_N) was 0, now 16.

. gen yr_pos = _n

. gen xpos_15  = yr_pos - 0.18

. gen xpos_med = yr_pos

. gen xpos_p75 = yr_pos + 0.18

. foreach spec in 15 med p75 {
  2.     gen b_`spec'  = .
  3.     gen hi_`spec' = .
  4.     gen lo_`spec' = .
  5. }
(16 missing values generated)
(16 missing values generated)
(16 missing values generated)
(16 missing values generated)
(16 missing values generated)
(16 missing values generated)
(16 missing values generated)
(16 missing values generated)
(16 missing values generated)

. forval pos = 1/16 {
  2.     foreach spec in 15 med p75 {
  3.         replace b_`spec'  = `b2b_`spec'_`pos''                            if yr_pos == `pos'
  4.         replace hi_`spec' = `b2b_`spec'_`pos'' + 1.96 * `se2b_`spec'_`pos'' if yr_pos == `pos'
  5.         replace lo_`spec' = `b2b_`spec'_`pos'' - 1.96 * `se2b_`spec'_`pos'' if yr_pos == `pos'
  6.     }
  7. }
(1 real change made)
(1 real change made)
(1 real change made)
(1 real change made)
(1 real change made)
(1 real change made)
(1 real change made)
(1 real change made)
(1 real change made)
(1 real change made)
(1 real change made)
(1 real change made)
(1 real change made)
(1 real change made)
(1 real change made)
(1 real change made)
(1 real change made)
(1 real change made)
(1 real change made)
(1 real change made)
(1 real change made)
(1 real change made)
(1 real change made)
(1 real change made)
(1 real change made)
(1 real change made)
(1 real change made)
(1 real change made)
(1 real change made)
(1 real change made)
(1 real change made)
(1 real change made)
(1 real change made)
(1 real change made)
(1 real change made)
(1 real change made)
(1 real change made)
(1 real change made)
(1 real change made)
(1 real change made)
(1 real change made)
(1 real change made)
(1 real change made)
(1 real change made)
(1 real change made)
(1 real change made)
(1 real change made)
(1 real change made)
(1 real change made)
(1 real change made)
(1 real change made)
(1 real change made)
(1 real change made)
(1 real change made)
(1 real change made)
(1 real change made)
(1 real change made)
(1 real change made)
(1 real change made)
(1 real change made)
(1 real change made)
(1 real change made)
(1 real change made)
(1 real change made)
(1 real change made)
(1 real change made)
(1 real change made)
(1 real change made)
(1 real change made)
(1 real change made)
(1 real change made)
(1 real change made)
(1 real change made)
(1 real change made)
(1 real change made)
(1 real change made)
(1 real change made)
(1 real change made)
(1 real change made)
(1 real change made)
(1 real change made)
(1 real change made)
(1 real change made)
(1 real change made)
(1 real change made)
(1 real change made)
(1 real change made)
(1 real change made)
(1 real change made)
(1 real change made)
(1 real change made)
(1 real change made)
(1 real change made)
(1 real change made)
(1 real change made)
(1 real change made)
(1 real change made)
(1 real change made)
(1 real change made)
(1 real change made)
(1 real change made)
(1 real change made)
(1 real change made)
(1 real change made)
(1 real change made)
(1 real change made)
(1 real change made)
(1 real change made)
(1 real change made)
(1 real change made)
(1 real change made)
(1 real change made)
(1 real change made)
(1 real change made)
(1 real change made)
(1 real change made)
(1 real change made)
(1 real change made)
(1 real change made)
(1 real change made)
(1 real change made)
(1 real change made)
(1 real change made)
(1 real change made)
(1 real change made)
(1 real change made)
(1 real change made)
(1 real change made)
(1 real change made)
(1 real change made)
(1 real change made)
(1 real change made)
(1 real change made)
(1 real change made)
(1 real change made)
(1 real change made)
(1 real change made)
(1 real change made)
(1 real change made)
(1 real change made)
(1 real change made)
(1 real change made)
(1 real change made)
(1 real change made)

. 
. twoway ///
>     (rcap hi_15 lo_15 xpos_15, lcolor(black%60) lwidth(vthin) lpattern(solid)) ///
>     (scatter b_15 xpos_15, mcolor(black) msymbol(circle) msize(vsmall)) ///
>     (rcap hi_med lo_med xpos_med, lcolor(red%60) lwidth(vthin) lpattern(dash)) ///
>     (scatter b_med xpos_med, mcolor(red) msymbol(square) msize(vsmall)) ///
>     (rcap hi_p75 lo_p75 xpos_p75, lcolor(blue%60) lwidth(vthin) lpattern(shortdash_dot)) ///
>     (scatter b_p75 xpos_p75, mcolor(blue) msymbol(triangle) msize(vsmall)) ///
>     (line b_15 xpos_15 if 1==0, lcolor(black) lpattern(solid) lwidth(thin) mcolor(black) msymbol(circle) 
> msize(vsmall)) ///
>     (line b_med xpos_med if 1==0, lcolor(red) lpattern(dash) lwidth(thin) mcolor(red) msymbol(square) msi
> ze(vsmall)) ///
>     (line b_p75 xpos_p75 if 1==0, lcolor(blue) lpattern(shortdash_dot) lwidth(thin) mcolor(blue) msymbol(
> triangle) msize(vsmall)), ///
>     yline(0, lcolor(gs8) lpattern(solid) lwidth(vthin)) ///
>     xline(6.5, lcolor(yellow) lpattern(dash) lwidth(vthin)) ///
>     xlabel(`yr_labels', labsize(small) angle(45) labcolor(black)) ///
>     xscale(range(0.5 16.5)) ///
>     xtitle("") ///
>     ytitle("Mortality Rate 65+ (per 1,000)", size(medsmall)) ///
>     ylabel(, grid gmin gmax labsize(small)) ///
>     legend(order(7 "Threshold: 15%" 8 "Threshold: median" 9 "Threshold: p75") ///
>         cols(3) size(small) position(6) ring(1) ///
>         region(lcolor(none)) symxsize(5) keygap(1) rowgap(0)) ///
>     graphregion(color(white)) ///
>     plotregion(margin(l=1 r=1))

. * graph export "$figures/appendix/AF_binary_es_2bin.pdf", as(pdf) replace
. * if "$repo_figures" != "" graph export "$repo_figures/appendix/AF_binary_es_2bin.pdf", as(pdf) replace
. restore

. di "Figure exported to: $figures/appendix/AF_binary_es_2bin.pdf"
Figure exported to: C:\Users\FELIPEME\Dropbox\Aplicaciones\Overleaf\progresa_cct\figures/appendix/AF_binary
> _es_2bin.pdf

. 
. *------------------------------------------------------------
. * Companion TABLE: two-binary Post-interaction estimates (mirrors D2's
. * AT_binary_es point-estimate companion). High_2005xPost is still
. * estimated in every regression below (the later-phase/final-enrollment
. * control this design needs) but is not printed -- like Intensity_2005 x
. * post in the main spec, it has no stand-alone interpretation here.
. * Reuses threshname1/2/3 (defined in D2 above) so the threshold labels
. * match AT_binary_es exactly. High_1999/Low_1999 counts are NOT repeated
. * here -- see Appendix Table~at:binary_es -- only the new High_2005/
. * Low_2005 counts are reported.
. * Output: $tables/appendix/AT_binary_es_2bin.tex
. *------------------------------------------------------------
. local i = 0

. foreach spec in 15 med p75 {
  2.     local ++i
  3.     if "`spec'" == "15" {
  4.         local v99 treated_15
  5.         local v05 treated05_15
  6.     }
  7.     else if "`spec'" == "med" {
  8.         local v99 treated_med
  9.         local v05 treated05_med
 10.     }
 11.     else {
 12.         local v99 treated_p75
 13.         local v05 treated05_p75
 14.     }
 15.     reghdfe emr65 c.`v99'#i.post c.`v05'#i.post c.sp_intensity ///
>         [aw=popover65_] if $sample_marg, a(year cve_ent_mun_super) vce(cluster cve_ent_mun_super)
 16. 
.     local aux : di %9.3f _b[1.post#c.`v99']
 17.     local tstat = abs(_b[1.post#c.`v99'] / _se[1.post#c.`v99'])
 18.     if      `tstat' >= 2.576 local b99t_`i' = trim("`aux'") + "***"
 19.     else if `tstat' >= 1.960 local b99t_`i' = trim("`aux'") + "**"
 20.     else if `tstat' >= 1.645 local b99t_`i' = trim("`aux'") + "*"
 21.     else                     local b99t_`i' = trim("`aux'")
 22.     local se99t_`i' : di %9.3f _se[1.post#c.`v99']
 23. 
.     local Nt2_`i' : di %12.0fc e(N)
 24. }
(MWFE estimator converged in 4 iterations)
note: 1bn.post#c.treated05_15 is probably collinear with the fixed effects (all partialled-out values are c
> lose to zero; tol = 1.0e-09)
note: 2bn.post#c.treated05_15 is probably collinear with the fixed effects (all partialled-out values are c
> lose to zero; tol = 1.0e-09)
note: 2.post#c.treated_15 omitted because of collinearity

HDFE Linear regression                            Number of obs   =     17,904
Absorbing 2 HDFE groups                           F(   2,   1118) =       1.15
Statistics robust to heteroskedasticity           Prob > F        =     0.3172
                                                  R-squared       =     0.5431
                                                  Adj R-squared   =     0.5122
                                                  Within R-sq.    =     0.0002
Number of clusters (cve_ent_mun_super) =      1,119Root MSE       =     9.1622

                         (Std. err. adjusted for 1,119 clusters in cve_ent_mun_super)
-------------------------------------------------------------------------------------
                    |               Robust
              emr65 | Coefficient  std. err.      t    P>|t|     [95% conf. interval]
--------------------+----------------------------------------------------------------
  post#c.treated_15 |
         1997-2006  |    .391089   .7153752     0.55   0.585     -1.01254    1.794718
         1991-1996  |          0  (omitted)
                    |
post#c.treated05_15 |
         1997-2006  |          0  (omitted)
         1991-1996  |          0  (omitted)
                    |
       sp_intensity |  -1.390411   .9527096    -1.46   0.145    -3.259711    .4788894
              _cons |   40.26209   .4671944    86.18   0.000     39.34541    41.17877
-------------------------------------------------------------------------------------

Absorbed degrees of freedom:
-----------------------------------------------------------+
       Absorbed FE | Categories  - Redundant  = Num. Coefs |
-------------------+---------------------------------------|
              year |        16           1          15     |
 cve_ent_mun_super |      1119        1119           0    *|
-----------------------------------------------------------+
* = FE nested within cluster; treated as redundant for DoF computation
(MWFE estimator converged in 4 iterations)
note: 2.post#c.treated_med omitted because of collinearity
note: 2.post#c.treated05_med omitted because of collinearity

HDFE Linear regression                            Number of obs   =     17,904
Absorbing 2 HDFE groups                           F(   3,   1118) =       1.56
Statistics robust to heteroskedasticity           Prob > F        =     0.1978
                                                  R-squared       =     0.5433
                                                  Adj R-squared   =     0.5124
                                                  Within R-sq.    =     0.0006
Number of clusters (cve_ent_mun_super) =      1,119Root MSE       =     9.1606

                          (Std. err. adjusted for 1,119 clusters in cve_ent_mun_super)
--------------------------------------------------------------------------------------
                     |               Robust
               emr65 | Coefficient  std. err.      t    P>|t|     [95% conf. interval]
---------------------+----------------------------------------------------------------
  post#c.treated_med |
          1997-2006  |  -.7517026   .5082431    -1.48   0.139     -1.74892    .2455151
          1991-1996  |          0  (omitted)
                     |
post#c.treated05_med |
          1997-2006  |   .9282218   .8776741     1.06   0.290     -.793852    2.650296
          1991-1996  |          0  (omitted)
                     |
        sp_intensity |  -1.341416   .9527416    -1.41   0.159     -3.21078    .5279466
               _cons |   40.15076   .5484676    73.21   0.000     39.07462     41.2269
--------------------------------------------------------------------------------------

Absorbed degrees of freedom:
-----------------------------------------------------------+
       Absorbed FE | Categories  - Redundant  = Num. Coefs |
-------------------+---------------------------------------|
              year |        16           1          15     |
 cve_ent_mun_super |      1119        1119           0    *|
-----------------------------------------------------------+
* = FE nested within cluster; treated as redundant for DoF computation
(MWFE estimator converged in 4 iterations)
note: 2.post#c.treated_p75 omitted because of collinearity
note: 2.post#c.treated05_p75 omitted because of collinearity

HDFE Linear regression                            Number of obs   =     17,904
Absorbing 2 HDFE groups                           F(   3,   1118) =       4.38
Statistics robust to heteroskedasticity           Prob > F        =     0.0045
                                                  R-squared       =     0.5441
                                                  Adj R-squared   =     0.5132
                                                  Within R-sq.    =     0.0023
Number of clusters (cve_ent_mun_super) =      1,119Root MSE       =     9.1529

                          (Std. err. adjusted for 1,119 clusters in cve_ent_mun_super)
--------------------------------------------------------------------------------------
                     |               Robust
               emr65 | Coefficient  std. err.      t    P>|t|     [95% conf. interval]
---------------------+----------------------------------------------------------------
  post#c.treated_p75 |
          1997-2006  |  -1.585674   .6620829    -2.39   0.017    -2.884739   -.2866089
          1991-1996  |          0  (omitted)
                     |
post#c.treated05_p75 |
          1997-2006  |  -1.119709   .5899288    -1.90   0.058    -2.277201    .0377835
          1991-1996  |          0  (omitted)
                     |
        sp_intensity |  -1.222522   .9449487    -1.29   0.196    -3.076595    .6315503
               _cons |   41.28572   .2993114   137.94   0.000     40.69844    41.87299
--------------------------------------------------------------------------------------

Absorbed degrees of freedom:
-----------------------------------------------------------+
       Absorbed FE | Categories  - Redundant  = Num. Coefs |
-------------------+---------------------------------------|
              year |        16           1          15     |
 cve_ent_mun_super |      1119        1119           0    *|
-----------------------------------------------------------+
* = FE nested within cluster; treated as redundant for DoF computation

. 
. /*
> {
>     cap file close bin2
>     file open bin2 using "$tables/appendix/AT_binary_es_2bin.tex", write replace
>     file write bin2 "\begin{tabular}{lcccc} \hline \hline" _n
>     file write bin2 "Threshold & Intensity 1999 x Post & Obs & High\textsubscript{2005} & Low\textsubscri
> pt{2005} \\ \toprule" _n
>     file write bin2 "`threshname1' & `b99t_1' & `Nt2_1' & `n1_treated05_15' & `n0_treated05_15' \\ " _n
>     file write bin2 " & (`se99t_1') & & & \\ " _n
>     file write bin2 "  & & & & \\ " _n
>     file write bin2 "`threshname2' & `b99t_2' & `Nt2_2' & `n1_treated05_med' & `n0_treated05_med' \\ " _n
>     file write bin2 " & (`se99t_2') & & & \\ " _n
>     file write bin2 "  & & & & \\ " _n
>     file write bin2 "`threshname3' & `b99t_3' & `Nt2_3' & `n1_treated05_p75' & `n0_treated05_p75' \\ " _n
>     file write bin2 " & (`se99t_3') & & & \\ " _n
>     file write bin2 "\bottomrule" _n
>     file write bin2 "\end{tabular}"
>     file close bin2
>     if "$repo_tables" != "" copy "$tables/appendix/AT_binary_es_2bin.tex" "$repo_tables/appendix/AT_binar
> y_es_2bin.tex", replace
> }
> */
. di "Table exported to: $tables/appendix/AT_binary_es_2bin.tex"
Table exported to: C:\Users\FELIPEME\Dropbox\Aplicaciones\Overleaf\progresa_cct\tables/appendix/AT_binary_e
> s_2bin.tex

. 
. 
. *============================================================
. * RAW MORTALITY-BY-GROUP-OVER-TIME FIGURE: threshold validation for the
. * Early/Late-only/Never categorical design (research_project.md PART 6,
. * items 1-4 and 7). This is the raw-data companion the user asked to
. * "resurface" -- unmodeled, population-weighted mean emr65 by year, one
. * line per group, across a threshold grid, to (a) visually pre-trend-
. * test the groups with no modeling, and (b) show directly that the
. * low-low ("Never") cell is empty at 15% and only becomes populated at a
. * higher threshold, matching the count correction in PART 6(7).
. *
. * Groups use inten1999_fix / inten2005_fix -- the End-of-year numerator,
. * fixed 1997 P&V denominator, the coauthor-preferred main construction
. * (PART 7, column 3 of T2_b_mortality_fixeddenom) -- NOT the FASE-
. * cumulative construction this block originally used. Switching to
. * End-of-year matters here specifically because it is NOT guaranteed
. * monotonic (25 HM municipalities have Intensity_2005 < Intensity_1999;
. * AT_crosswalk_supermun_diagnostic), so the ORIGINAL three-way sequential
. * assignment (each `replace' broadening the condition and overwriting
. * the previous one) would have silently mis-classified any municipality
. * that is high at 1999 but drops back below c by 2005 as "Never" instead
. * of flagging it -- exactly the kind of silent error the FASE-cumulative
. * version could not produce (nesting was guaranteed there). Fixed here by
. * using a genuine 4-way partition on the mutually-exclusive AND-conditions
. * of (Intensity_1999 >= c, Intensity_2005 >= c), adding an explicit
. * "High-Low" (non-monotone) cell rather than letting it fall through:
. *   Early(c):     Intensity_1999_fix >= c  AND Intensity_2005_fix >= c
. *   Late-only(c): Intensity_1999_fix <  c  AND Intensity_2005_fix >= c
. *   Never(c):     Intensity_1999_fix <  c  AND Intensity_2005_fix <  c
. *   High-Low(c):  Intensity_1999_fix >= c  AND Intensity_2005_fix <  c  (non-monotone)
. *
. * Thresholds are chosen OUTCOME-BLIND, per the credibility caveat in
. * PART 6(7): 15% (the a priori cut used elsewhere in this project), and
. * the median and upper-tercile of Intensity_1999_fix in the 1996 HM
. * cross-section (distribution-based, not chosen to maximize any visible
. * mortality gap). Population-weighted by popover65_, pooled sample only
. * for this first build (a female/male split, and an unweighted companion
. * panel, are natural extensions -- see PART 6(7) and PART 6(2) on
. * weighting -- not built here).
. * Output: $figures/appendix/AF_threshold_validation_15.pdf,
. *         $figures/appendix/AF_threshold_validation_median.pdf,
. *         $figures/appendix/AF_threshold_validation_tercile.pdf
. * (the cell counts computed here feed AT_threshold_categorical.tex
. * below, not a separate table of their own -- see the note after this
. * foreach loop)
. *------------------------------------------------------------
. preserve

. keep if $sample_marg & inrange(year, 1991, 2006)
(55,690 observations deleted)

. 
. count if missing(inten1999_fix) | missing(inten2005_fix)
  0

. di "`r(N)' HM municipality-years dropped for missing End-of-year fixed-denom intensity in the threshold-v
> alidation figure"
0 HM municipality-years dropped for missing End-of-year fixed-denom intensity in the threshold-validation f
> igure

. drop if missing(inten1999_fix) | missing(inten2005_fix)
(0 observations deleted)

. 
. * --- Outcome-blind thresholds from the 1996 (pre-period) cross-section ---
. * NOTE: `summarize, detail` only stores the fixed percentiles p1/p5/p10/p25/
. * p50/p75/p90/p95/p99 in r() -- r(p67) does not exist and silently returns
. * missing, which (since Stata treats missing as +infinity in comparisons)
. * previously made every municipality satisfy "Intensity_2005 < c" and fall
. * into the Never group at the tercile threshold. Use _pctile, which
. * accepts arbitrary percentiles, instead.
. _pctile inten1999_fix if year == 1996, percentiles(50 67)

. local thresh_median  = r(r1)

. local thresh_tercile = r(r2)

. di "Threshold grid (Intensity_1999, End-of-year fixed-denom, 1996 HM cross-section): 15% (a priori); medi
> an = `thresh_median'; upper tercile = `thresh_tercile'"
Threshold grid (Intensity_1999, End-of-year fixed-denom, 1996 HM cross-section): 15% (a priori); median = .
> 4911117553710938; upper tercile = .5874825119972229

. 
. foreach spec in 15 median tercile {
  2.     if "`spec'" == "15" {
  3.         local c = 0.15
  4.         local clabel_15 "15\%"
  5.     }
  6.     else if "`spec'" == "median" {
  7.         local c = `thresh_median'
  8.         local clabel_median : di %4.3f `thresh_median'
  9.     }
 10.     else {
 11.         local c = `thresh_tercile'
 12.         local clabel_tercile : di %4.3f `thresh_tercile'
 13.     }
 14. 
.     cap drop group_`spec'
 15.     gen byte group_`spec' = .
 16.     replace group_`spec' = 1 if inten1999_fix >= `c' & inten2005_fix >= `c'
 17.     replace group_`spec' = 2 if inten1999_fix <  `c' & inten2005_fix >= `c'
 18.     replace group_`spec' = 3 if inten1999_fix <  `c' & inten2005_fix <  `c'
 19.     replace group_`spec' = 4 if inten1999_fix >= `c' & inten2005_fix <  `c'
 20.     label define group_`spec'_lbl 1 "Early" 2 "Late-only" 3 "Never" 4 "High-Low (non-monotone)", repla
> ce
 21.     label values group_`spec' group_`spec'_lbl
 22. 
.     * --- Cell counts (municipality-level, 1996 cross-section) ---
.     count if year == 1996 & group_`spec' == 1
 23.     local n_early_`spec' = r(N)
 24.     count if year == 1996 & group_`spec' == 2
 25.     local n_late_`spec' = r(N)
 26.     count if year == 1996 & group_`spec' == 3
 27.     local n_never_`spec' = r(N)
 28.     count if year == 1996 & group_`spec' == 4
 29.     local n_hl_`spec' = r(N)
 30.     di "Threshold `spec': Early=`n_early_`spec'', Late-only=`n_late_`spec'', Never=`n_never_`spec'', H
> igh-Low=`n_hl_`spec''"
 31. 
.     * --- Raw population-weighted group means by year ---
.     * NOTE: cannot use preserve/restore here -- Stata only allows one
.     * active preserve at a time, and the outer block (before this foreach
.     * loop) already holds one. Save/use a tempfile instead to return to
.     * the municipality-year panel after each iteration's collapse.
.     tempfile panel_snapshot_`spec'
 32.     save `panel_snapshot_`spec'', replace
 33. 
.     * --- DOUBLE-THRESHOLD CATEGORICAL REGRESSION (PART 6, Proposal 1) ---
.     * Must run BEFORE the collapse below, which destroys the municipality-
.     * year panel this needs. Base category = Never; Early/Late-only/
.     * High-Low are each read as a contrast against the low-low group.
.     * High-Low (non-monotone) is kept as its own category rather than
.     * dropped or folded into another group -- same reasoning as the raw-
.     * trends figure above: this construction is not guaranteed monotonic
.     * (25 HM municipalities per AT_crosswalk_supermun_diagnostic), so
.     * silently absorbing it elsewhere would repeat the exact
.     * misclassification bug already found and fixed in that block.
.     *
.     * The groups enter as EXPLICIT 0/1 dummies interacted with post as
.     * CONTINUOUS (c.d_g#i.post), with Never omitted as the base (no dummy),
.     * NOT as ib3.group#i.post. A factor#factor pure interaction omits the
.     * base level of BOTH factors, so the surviving term would be on 2.post
.     * (which is the PRE period here -- post is coded 2=pre, 1=post) and
.     * 1.post#group would not exist at all -- exactly the extraction pattern
.     * that fails silently. c.d_g#i.post matches how T2 (c.inten1999#i.post)
.     * and the binary event study (c.treated#i.post) recover 1.post as the
.     * post-period DiD coefficient (see the note at ~line 1864).
.     cap drop d_early_`spec' d_late_`spec' d_hl_`spec'
 34.     gen byte d_early_`spec' = (group_`spec' == 1)
 35.     gen byte d_late_`spec'  = (group_`spec' == 2)
 36.     gen byte d_hl_`spec'    = (group_`spec' == 4)
 37. 
.     cap noisily reghdfe emr65 c.d_early_`spec'#i.post c.d_late_`spec'#i.post ///
>         c.d_hl_`spec'#i.post c.sp_intensity ///
>         [aw=popover65_] if $sample_marg, a(year cve_ent_mun_super) vce(cluster cve_ent_mun_super)
 38.     if _rc == 0 {
 39.         local Nthr_`spec' : di %12.0fc e(N)
 40.         foreach g in 1 2 4 {
 41.             if `g' == 1 local dv d_early_`spec'
 42.             if `g' == 2 local dv d_late_`spec'
 43.             if `g' == 4 local dv d_hl_`spec'
 44.             cap local bcoef = _b[1.post#c.`dv']
 45.             local ok = (_rc == 0)
 46.             cap local scoef = _se[1.post#c.`dv']
 47.             local ok = `ok' & (_rc == 0)
 48.             if `ok' & `scoef' > 0 & `scoef' < . {
 49.                 local aux : di %9.3f `bcoef'
 50.                 local tstat = abs(`bcoef' / `scoef')
 51.                 if      `tstat' >= 2.576 local bthr_`spec'_`g' = trim("`aux'") + "***"
 52.                 else if `tstat' >= 1.960 local bthr_`spec'_`g' = trim("`aux'") + "**"
 53.                 else if `tstat' >= 1.645 local bthr_`spec'_`g' = trim("`aux'") + "*"
 54.                 else                     local bthr_`spec'_`g' = trim("`aux'")
 55.                 local sethr_`spec'_`g' : di %9.3f `scoef'
 56.             }
 57.             else {
 58.                 local bthr_`spec'_`g'  "n/a"
 59.                 local sethr_`spec'_`g' "n/a"
 60.             }
 61.         }
 62.     }
 63.     else {
 64.         di as error "Threshold-categorical regression `spec': reghdfe failed (rc=`_rc'), likely an emp
> ty/collinear category (e.g. Never at 15%) -- cells written as n/a"
 65.         foreach g in 1 2 4 {
 66.             local bthr_`spec'_`g'  "n/a"
 67.             local sethr_`spec'_`g' "n/a"
 68.         }
 69.         local Nthr_`spec' "n/a"
 70.     }
 71. 
.     * --- EVENT-STUDY version: Early-vs-Never year-by-year path (the "b0"
.     * analog -- the early-adopter group's dynamic coefficient), stored for
.     * the 3-threshold overlay figure built after this loop. Full categorical
.     * (all three group dummies interacted with year), so Early is measured
.     * against the Never base exactly as in the point-estimate table above;
.     * only the Early path is extracted/plotted. Mirrors the binary event
.     * study's c.treated##ib6.year_1995 construction. ---
.     forval pos = 1/16 {
 72.         local bes_`spec'_`pos'  = .
 73.         local sees_`spec'_`pos' = .
 74.     }
 75.     cap noisily reghdfe emr65 c.d_early_`spec'##ib6.year_1995 ///
>         c.d_late_`spec'##ib6.year_1995 c.d_hl_`spec'##ib6.year_1995 c.sp_intensity ///
>         [aw=popover65_] if $sample_marg, a(cve_ent_mun_super) vce(cluster cve_ent_mun_super)
 76.     if _rc == 0 {
 77.         forval pos = 1/16 {
 78.             if `pos' == 6 {
 79.                 local bes_`spec'_`pos'  = 0
 80.                 local sees_`spec'_`pos' = 0
 81.             }
 82.             else {
 83.                 cap local bes_`spec'_`pos'  = _b[`pos'.year_1995#c.d_early_`spec']
 84.                 cap local sees_`spec'_`pos' = _se[`pos'.year_1995#c.d_early_`spec']
 85.             }
 86.         }
 87.     }
 88.     else {
 89.         di as error "Threshold-categorical event study `spec': reghdfe failed (rc=`_rc') -- Early path
>  left blank"
 90.     }
 91. 
.     collapse (mean) emr65 [aw=popover65_], by(year group_`spec')
 92. 
.     * Build the plot and legend dynamically: skip empty groups (e.g. "Never"
.     * at the 15% threshold, per PART 6(7)'s count correction) rather than
.     * plotting an empty series or mislabeling the legend.
.     local plotcmd ""
 93.     local legend_order ""
 94.     local nser = 0
 95.     if `n_early_`spec'' > 0 {
 96.         local nser = `nser' + 1
 97.         local plotcmd `"`plotcmd' (connected emr65 year if group_`spec'==1, lcolor(black) mcolor(black
> ) msymbol(circle) msize(small))"'
 98.         local legend_order `"`legend_order' `nser' "Early""'
 99.     }
100.     if `n_late_`spec'' > 0 {
101.         local nser = `nser' + 1
102.         local plotcmd `"`plotcmd' (connected emr65 year if group_`spec'==2, lcolor(blue) mcolor(blue) 
> msymbol(triangle) msize(small))"'
103.         local legend_order `"`legend_order' `nser' "Late-only""'
104.     }
105.     if `n_never_`spec'' > 0 {
106.         local nser = `nser' + 1
107.         local plotcmd `"`plotcmd' (connected emr65 year if group_`spec'==3, lcolor(red) mcolor(red) ms
> ymbol(square) msize(small))"'
108.         local legend_order `"`legend_order' `nser' "Never""'
109.     }
110.     if `n_hl_`spec'' > 0 {
111.         local nser = `nser' + 1
112.         local plotcmd `"`plotcmd' (connected emr65 year if group_`spec'==4, lcolor(orange) mcolor(oran
> ge) msymbol(diamond) msize(small))"'
113.         local legend_order `"`legend_order' `nser' "High-Low""'
114.     }
115. 
.     twoway `plotcmd', ///
>         xline(1997, lcolor(gs8) lpattern(dash)) ///
>         xtitle("Year", size(small)) ///
>         ytitle("EMR 65+ (per 1,000)", size(small)) ///
>         xlabel(1991(2)2006, labsize(small)) ylabel(, labsize(small)) ///
>         legend(order(`legend_order') cols(4) size(small) position(6) ring(1) region(lcolor(none))) ///
>         graphregion(color(white)) plotregion(margin(l=1 r=1))
116.     * graph export "$figures/appendix/AF_threshold_validation_`spec'.pdf", as(pdf) replace
.     * if "$repo_figures" != "" graph export "$repo_figures/appendix/AF_threshold_validation_`spec'.pdf", 
> as(pdf) replace
.     use `panel_snapshot_`spec'', clear
117. }
(17,904 missing values generated)
(15,760 real changes made)
(2,144 real changes made)
(0 real changes made)
(0 real changes made)
  985
  134
  0
  0
Threshold 15: Early=985, Late-only=134, Never=0, High-Low=0
(file C:\Users\FELIPEME\AppData\Local\Temp\ST_1dfc_000005.tmp not found)
file C:\Users\FELIPEME\AppData\Local\Temp\ST_1dfc_000005.tmp saved as .dta format
(MWFE estimator converged in 4 iterations)
note: 2.post#c.d_early_15 omitted because of collinearity
note: 1b.post#c.d_late_15 omitted because of collinearity
note: 2.post#c.d_late_15 omitted because of collinearity
note: 1b.post#c.d_hl_15 omitted because of collinearity
note: 2.post#c.d_hl_15 omitted because of collinearity

HDFE Linear regression                            Number of obs   =     17,904
Absorbing 2 HDFE groups                           F(   2,   1118) =       1.15
Statistics robust to heteroskedasticity           Prob > F        =     0.3172
                                                  R-squared       =     0.5431
                                                  Adj R-squared   =     0.5122
                                                  Within R-sq.    =     0.0002
Number of clusters (cve_ent_mun_super) =      1,119Root MSE       =     9.1622

                       (Std. err. adjusted for 1,119 clusters in cve_ent_mun_super)
-----------------------------------------------------------------------------------
                  |               Robust
            emr65 | Coefficient  std. err.      t    P>|t|     [95% conf. interval]
------------------+----------------------------------------------------------------
post#c.d_early_15 |
       1997-2006  |    .391089   .7153752     0.55   0.585     -1.01254    1.794718
       1991-1996  |          0  (omitted)
                  |
 post#c.d_late_15 |
       1997-2006  |          0  (omitted)
       1991-1996  |          0  (omitted)
                  |
   post#c.d_hl_15 |
       1997-2006  |          0  (omitted)
       1991-1996  |          0  (omitted)
                  |
     sp_intensity |  -1.390411   .9527096    -1.46   0.145    -3.259711    .4788894
            _cons |   40.26209   .4671944    86.18   0.000     39.34541    41.17877
-----------------------------------------------------------------------------------

Absorbed degrees of freedom:
-----------------------------------------------------------+
       Absorbed FE | Categories  - Redundant  = Num. Coefs |
-------------------+---------------------------------------|
              year |        16           1          15     |
 cve_ent_mun_super |      1119        1119           0    *|
-----------------------------------------------------------+
* = FE nested within cluster; treated as redundant for DoF computation
(MWFE estimator converged in 1 iterations)
note: d_early_15 is probably collinear with the fixed effects (all partialled-out values are close to zero;
>  tol = 1.0e-09)
note: d_late_15 is probably collinear with the fixed effects (all partialled-out values are close to zero; 
> tol = 1.0e-09)
note: d_late_15 omitted because of collinearity
note: 2.year_1995#c.d_late_15 omitted because of collinearity
note: 3.year_1995#c.d_late_15 omitted because of collinearity
note: 4.year_1995#c.d_late_15 omitted because of collinearity
note: 5.year_1995#c.d_late_15 omitted because of collinearity
note: 6b.year_1995#co.d_late_15 omitted because of collinearity
note: 8.year_1995#c.d_late_15 omitted because of collinearity
note: 9.year_1995#c.d_late_15 omitted because of collinearity
note: 10.year_1995#c.d_late_15 omitted because of collinearity
note: 11.year_1995#c.d_late_15 omitted because of collinearity
note: 12.year_1995#c.d_late_15 omitted because of collinearity
note: 13.year_1995#c.d_late_15 omitted because of collinearity
note: 14.year_1995#c.d_late_15 omitted because of collinearity
note: 15.year_1995#c.d_late_15 omitted because of collinearity
note: 16.year_1995#c.d_late_15 omitted because of collinearity
note: d_hl_15 omitted because of collinearity
note: 1.year_1995#c.d_hl_15 omitted because of collinearity
note: 2.year_1995#c.d_hl_15 omitted because of collinearity
note: 3.year_1995#c.d_hl_15 omitted because of collinearity
note: 4.year_1995#c.d_hl_15 omitted because of collinearity
note: 5.year_1995#c.d_hl_15 omitted because of collinearity
note: 6b.year_1995#co.d_hl_15 omitted because of collinearity
note: 8.year_1995#c.d_hl_15 omitted because of collinearity
note: 9.year_1995#c.d_hl_15 omitted because of collinearity
note: 10.year_1995#c.d_hl_15 omitted because of collinearity
note: 11.year_1995#c.d_hl_15 omitted because of collinearity
note: 12.year_1995#c.d_hl_15 omitted because of collinearity
note: 13.year_1995#c.d_hl_15 omitted because of collinearity
note: 14.year_1995#c.d_hl_15 omitted because of collinearity
note: 15.year_1995#c.d_hl_15 omitted because of collinearity
note: 16.year_1995#c.d_hl_15 omitted because of collinearity

HDFE Linear regression                            Number of obs   =     17,904
Absorbing 1 HDFE group                            F(  31,   1118) =      17.51
Statistics robust to heteroskedasticity           Prob > F        =     0.0000
                                                  R-squared       =     0.5437
                                                  Adj R-squared   =     0.5124
                                                  Within R-sq.    =     0.0503
Number of clusters (cve_ent_mun_super) =      1,119Root MSE       =     9.1607

                            (Std. err. adjusted for 1,119 clusters in cve_ent_mun_super)
----------------------------------------------------------------------------------------
                       |               Robust
                 emr65 | Coefficient  std. err.      t    P>|t|     [95% conf. interval]
-----------------------+----------------------------------------------------------------
            d_early_15 |          0  (omitted)
                       |
             year_1995 |
                 1991  |   -2.29826   1.939427    -1.19   0.236    -6.103587    1.507067
                 1992  |   1.053664   1.980581     0.53   0.595     -2.83241    4.939739
                 1993  |   1.255164   1.661008     0.76   0.450    -2.003879    4.514207
                 1994  |   -2.31027   1.478521    -1.56   0.118    -5.211259    .5907199
                 1995  |   .7506366   1.580643     0.47   0.635    -2.350724    3.851997
                 1997  |  -2.973374   1.627872    -1.83   0.068    -6.167403    .2206542
                 1998  |  -1.858926   1.498274    -1.24   0.215    -4.798672    1.080821
                 1999  |  -.3754922   1.681723    -0.22   0.823    -3.675181    2.924197
                 2000  |  -4.717385   1.538598    -3.07   0.002     -7.73625    -1.69852
                 2001  |  -5.796709   1.614911    -3.59   0.000    -8.965306   -2.628113
                 2002  |  -4.556814   1.386441    -3.29   0.001    -7.277133   -1.836495
                 2003  |  -4.782023   1.412193    -3.39   0.001     -7.55287   -2.011176
                 2004  |  -1.619159   1.824491    -0.89   0.375     -5.19897    1.960652
                 2005  |  -4.177663   1.445798    -2.89   0.004    -7.014446   -1.340881
                 2006  |  -4.614739   1.640729    -2.81   0.005    -7.833993   -1.395485
                       |
year_1995#c.d_early_15 |
                 1991  |   .7213031   2.003107     0.36   0.719    -3.208969    4.651576
                 1992  |  -2.767089   2.031661    -1.36   0.173    -6.753387    1.219208
                 1993  |  -2.907948   1.718139    -1.69   0.091    -6.279087    .4631918
                 1994  |  -.4857673   1.531355    -0.32   0.751     -3.49042    2.518886
                 1995  |  -1.916965   1.634699    -1.17   0.241    -5.124389    1.290458
                 1997  |   1.432837   1.671529     0.86   0.392    -1.846849    4.712524
                 1998  |  -.1142941    1.54873    -0.07   0.941    -3.153038     2.92445
                 1999  |  -2.712453   1.729872    -1.57   0.117    -6.106614    .6817082
                 2000  |   -2.09254   1.593821    -1.31   0.189    -5.219757    1.034678
                 2001  |    -.81317   1.672243    -0.49   0.627    -4.094258    2.467918
                 2002  |  -.9275274   1.449142    -0.64   0.522    -3.770873    1.915818
                 2003  |   .2661483    1.47614     0.18   0.857    -2.630168    3.162464
                 2004  |  -3.396501   1.872205    -1.81   0.070    -7.069933    .2769314
                 2005  |   .5102591    1.51978     0.34   0.737    -2.471684    3.492202
                 2006  |  -.3558251   1.692216    -0.21   0.833    -3.676102    2.964452
                       |
             d_late_15 |          0  (omitted)
                       |
 year_1995#c.d_late_15 |
                 1991  |          0  (omitted)
                 1992  |          0  (omitted)
                 1993  |          0  (omitted)
                 1994  |          0  (omitted)
                 1995  |          0  (omitted)
                 1997  |          0  (omitted)
                 1998  |          0  (omitted)
                 1999  |          0  (omitted)
                 2000  |          0  (omitted)
                 2001  |          0  (omitted)
                 2002  |          0  (omitted)
                 2003  |          0  (omitted)
                 2004  |          0  (omitted)
                 2005  |          0  (omitted)
                 2006  |          0  (omitted)
                       |
               d_hl_15 |          0  (omitted)
                       |
   year_1995#c.d_hl_15 |
                 1991  |          0  (omitted)
                 1992  |          0  (omitted)
                 1993  |          0  (omitted)
                 1994  |          0  (omitted)
                 1995  |          0  (omitted)
                 1997  |          0  (omitted)
                 1998  |          0  (omitted)
                 1999  |          0  (omitted)
                 2000  |          0  (omitted)
                 2001  |          0  (omitted)
                 2002  |          0  (omitted)
                 2003  |          0  (omitted)
                 2004  |          0  (omitted)
                 2005  |          0  (omitted)
                 2006  |          0  (omitted)
                       |
          sp_intensity |  -1.423981   .9605421    -1.48   0.138    -3.308649    .4606874
                 _cons |   43.98968   .2943063   149.47   0.000     43.41222    44.56713
----------------------------------------------------------------------------------------

Absorbed degrees of freedom:
-----------------------------------------------------------+
       Absorbed FE | Categories  - Redundant  = Num. Coefs |
-------------------+---------------------------------------|
 cve_ent_mun_super |      1119        1119           0    *|
-----------------------------------------------------------+
* = FE nested within cluster; treated as redundant for DoF computation
(17,904 missing values generated)
(8,896 real changes made)
(8,032 real changes made)
(928 real changes made)
(48 real changes made)
  556
  502
  58
  3
Threshold median: Early=556, Late-only=502, Never=58, High-Low=3
(file C:\Users\FELIPEME\AppData\Local\Temp\ST_1dfc_000006.tmp not found)
file C:\Users\FELIPEME\AppData\Local\Temp\ST_1dfc_000006.tmp saved as .dta format
(MWFE estimator converged in 4 iterations)
note: 2.post#c.d_early_median omitted because of collinearity
note: 2.post#c.d_late_median omitted because of collinearity
note: 2.post#c.d_hl_median omitted because of collinearity

HDFE Linear regression                            Number of obs   =     17,904
Absorbing 2 HDFE groups                           F(   4,   1118) =       5.67
Statistics robust to heteroskedasticity           Prob > F        =     0.0002
                                                  R-squared       =     0.5435
                                                  Adj R-squared   =     0.5126
                                                  Within R-sq.    =     0.0010
Number of clusters (cve_ent_mun_super) =      1,119Root MSE       =     9.1588

                           (Std. err. adjusted for 1,119 clusters in cve_ent_mun_super)
---------------------------------------------------------------------------------------
                      |               Robust
                emr65 | Coefficient  std. err.      t    P>|t|     [95% conf. interval]
----------------------+----------------------------------------------------------------
post#c.d_early_median |
           1997-2006  |  -.0071742   .8832951    -0.01   0.994    -1.740277    1.725929
           1991-1996  |          0  (omitted)
                      |
 post#c.d_late_median |
           1997-2006  |    .691265   .8703371     0.79   0.427    -1.016413    2.398943
           1991-1996  |          0  (omitted)
                      |
   post#c.d_hl_median |
           1997-2006  |  -14.05236   3.388876    -4.15   0.000    -20.70164   -7.403089
           1991-1996  |          0  (omitted)
                      |
         sp_intensity |  -1.357953   .9525496    -1.43   0.154    -3.226939    .5110335
                _cons |   40.29754   .5429262    74.22   0.000     39.23227    41.36281
---------------------------------------------------------------------------------------

Absorbed degrees of freedom:
-----------------------------------------------------------+
       Absorbed FE | Categories  - Redundant  = Num. Coefs |
-------------------+---------------------------------------|
              year |        16           1          15     |
 cve_ent_mun_super |      1119        1119           0    *|
-----------------------------------------------------------+
* = FE nested within cluster; treated as redundant for DoF computation
(MWFE estimator converged in 1 iterations)
note: d_early_median is probably collinear with the fixed effects (all partialled-out values are close to z
> ero; tol = 1.0e-09)
note: d_late_median is probably collinear with the fixed effects (all partialled-out values are close to ze
> ro; tol = 1.0e-09)
note: d_hl_median is probably collinear with the fixed effects (all partialled-out values are close to zero
> ; tol = 1.0e-09)
warning: missing F statistic; dropped variables due to collinearity or too few clusters

HDFE Linear regression                            Number of obs   =     17,904
Absorbing 1 HDFE group                            F(  61,   1118) =          .
Statistics robust to heteroskedasticity           Prob > F        =          .
                                                  R-squared       =     0.5449
                                                  Adj R-squared   =     0.5129
                                                  Within R-sq.    =     0.0530
Number of clusters (cve_ent_mun_super) =      1,119Root MSE       =     9.1560

                                (Std. err. adjusted for 1,119 clusters in cve_ent_mun_super)
--------------------------------------------------------------------------------------------
                           |               Robust
                     emr65 | Coefficient  std. err.      t    P>|t|     [95% conf. interval]
---------------------------+----------------------------------------------------------------
            d_early_median |          0  (omitted)
                           |
                 year_1995 |
                     1991  |    2.05898   1.731216     1.19   0.235    -1.337817    5.455778
                     1992  |   1.784964   1.384074     1.29   0.197    -.9307115    4.500639
                     1993  |   .8923121   1.351847     0.66   0.509    -1.760131    3.544755
                     1994  |    -2.0209   1.896253    -1.07   0.287    -5.741516    1.699717
                     1995  |   2.993833   1.570245     1.91   0.057    -.0871255    6.074792
                     1997  |  -1.441274   1.676959    -0.86   0.390    -4.731616    1.849067
                     1998  |  -.9012886   1.466695    -0.61   0.539    -3.779073    1.976496
                     1999  |  -1.282956   1.682541    -0.76   0.446     -4.58425    2.018338
                     2000  |   -2.63732   1.696269    -1.55   0.120    -5.965549    .6909085
                     2001  |  -5.626449   2.013797    -2.79   0.005    -9.577697     -1.6752
                     2002  |  -3.537286    1.51107    -2.34   0.019    -6.502139   -.5724332
                     2003  |  -1.489004   1.583044    -0.94   0.347    -4.595076    1.617068
                     2004  |  -.6830486   1.943584    -0.35   0.725    -4.496531    3.130434
                     2005  |  -2.017239   1.968531    -1.02   0.306    -5.879671    1.845193
                     2006  |  -3.897662   1.806161    -2.16   0.031     -7.44151   -.3538141
                           |
year_1995#c.d_early_median |
                     1991  |  -3.647414   1.849698    -1.97   0.049    -7.276685   -.0181438
                     1992  |  -3.774177   1.518806    -2.48   0.013    -6.754209   -.7941457
                     1993  |  -2.998799   1.497557    -2.00   0.045    -5.937137   -.0604607
                     1994  |   -.725768   1.965736    -0.37   0.712    -4.582715    3.131179
                     1995  |  -4.538309   1.680965    -2.70   0.007    -7.836511   -1.240106
                     1997  |   -.054875   1.758173    -0.03   0.975    -3.504565    3.394815
                     1998  |  -1.075304   1.575676    -0.68   0.495     -4.16692    2.016313
                     1999  |  -2.579354   1.775425    -1.45   0.147    -6.062895    .9041868
                     2000  |  -4.787362   1.790759    -2.67   0.008    -8.300989   -1.273735
                     2001  |  -1.828519   2.104531    -0.87   0.385    -5.957794    2.300756
                     2002  |   -2.75757   1.611195    -1.71   0.087    -5.918877    .4037379
                     2003  |  -3.918722   1.691942    -2.32   0.021    -7.238462   -.5989833
                     2004  |  -4.826752   2.035198    -2.37   0.018    -8.819991   -.8335137
                     2005  |    -2.2166   2.081319    -1.06   0.287    -6.300331    1.867131
                     2006  |  -1.232848     1.9218    -0.64   0.521    -5.003588    2.537893
                           |
             d_late_median |          0  (omitted)
                           |
 year_1995#c.d_late_median |
                     1991  |  -4.128415   1.887961    -2.19   0.029    -7.832761   -.4240683
                     1992  |  -3.383529   1.537656    -2.20   0.028    -6.400546   -.3665118
                     1993  |  -2.166426   1.484374    -1.46   0.145    -5.078898    .7460468
                     1994  |  -.8510928   1.983788    -0.43   0.668     -4.74346    3.041274
                     1995  |  -4.125967    1.66822    -2.47   0.014    -7.399161   -.8527735
                     1997  |  -.2700223   1.762155    -0.15   0.878    -3.727526    3.187482
                     1998  |  -1.191616   1.561864    -0.76   0.446    -4.256132    1.872899
                     1999  |  -1.030865   1.774955    -0.58   0.562    -4.513484    2.451753
                     2000  |  -3.882875   1.794464    -2.16   0.031    -7.403771   -.3619784
                     2001  |  -.2112183   2.098474    -0.10   0.920     -4.32861    3.906173
                     2002  |  -1.288618   1.631539    -0.79   0.430    -4.489842    1.912606
                     2003  |  -2.549182   1.692545    -1.51   0.132    -5.870103    .7717401
                     2004  |  -4.029706   2.027407    -1.99   0.047    -8.007658   -.0517539
                     2005  |  -1.325444   2.074559    -0.64   0.523    -5.395912    2.745025
                     2006  |  -.9309887   1.905815    -0.49   0.625    -4.670366    2.808389
                           |
               d_hl_median |          0  (omitted)
                           |
   year_1995#c.d_hl_median |
                     1991  |  -9.873029   10.94483    -0.90   0.367    -31.34776     11.6017
                     1992  |    -5.7386   7.146411    -0.80   0.422    -19.76049    8.283288
                     1993  |   9.172469   11.94969     0.77   0.443    -14.27388    32.61882
                     1994  |  -6.848068   11.51476    -0.59   0.552    -29.44105    15.74491
                     1995  |  -3.535719   2.946217    -1.20   0.230    -9.316457    2.245019
                     1997  |  -14.69566   10.83541    -1.36   0.175     -35.9557    6.564374
                     1998  |  -1.478465    1.78602    -0.83   0.408    -4.982793    2.025862
                     1999  |  -7.825887   9.427322    -0.83   0.407    -26.32312    10.67135
                     2000  |  -12.73938   5.400628    -2.36   0.019    -23.33589    -2.14287
                     2001  |  -16.59382   6.185669    -2.68   0.007    -28.73065   -4.456994
                     2002  |  -27.42622   13.96924    -1.96   0.050     -54.8351   -.0173359
                     2003  |  -21.52954   4.379689    -4.92   0.000    -30.12287    -12.9362
                     2004  |   -15.1042   8.535039    -1.77   0.077     -31.8507    1.642297
                     2005  |  -14.47695   5.179274    -2.80   0.005    -24.63914   -4.314756
                     2006  |  -29.49747   3.552925    -8.30   0.000    -36.46862   -22.52632
                           |
              sp_intensity |  -1.496093   .9691742    -1.54   0.123    -3.397698    .4055126
                     _cons |   43.99449   .2909093   151.23   0.000      43.4237    44.56528
--------------------------------------------------------------------------------------------

Absorbed degrees of freedom:
-----------------------------------------------------------+
       Absorbed FE | Categories  - Redundant  = Num. Coefs |
-------------------+---------------------------------------|
 cve_ent_mun_super |      1119        1119           0    *|
-----------------------------------------------------------+
* = FE nested within cluster; treated as redundant for DoF computation
(17,904 missing values generated)
(5,808 real changes made)
(9,568 real changes made)
(2,416 real changes made)
(112 real changes made)
  363
  598
  151
  7
Threshold tercile: Early=363, Late-only=598, Never=151, High-Low=7
(file C:\Users\FELIPEME\AppData\Local\Temp\ST_1dfc_000007.tmp not found)
file C:\Users\FELIPEME\AppData\Local\Temp\ST_1dfc_000007.tmp saved as .dta format
(MWFE estimator converged in 4 iterations)
note: 2.post#c.d_early_tercile omitted because of collinearity
note: 2.post#c.d_late_tercile omitted because of collinearity
note: 2.post#c.d_hl_tercile omitted because of collinearity

HDFE Linear regression                            Number of obs   =     17,904
Absorbing 2 HDFE groups                           F(   4,   1118) =       1.57
Statistics robust to heteroskedasticity           Prob > F        =     0.1796
                                                  R-squared       =     0.5435
                                                  Adj R-squared   =     0.5125
                                                  Within R-sq.    =     0.0010
Number of clusters (cve_ent_mun_super) =      1,119Root MSE       =     9.1591

                            (Std. err. adjusted for 1,119 clusters in cve_ent_mun_super)
----------------------------------------------------------------------------------------
                       |               Robust
                 emr65 | Coefficient  std. err.      t    P>|t|     [95% conf. interval]
-----------------------+----------------------------------------------------------------
post#c.d_early_tercile |
            1997-2006  |  -1.618941   .7984686    -2.03   0.043    -3.185607    -.052275
            1991-1996  |          0  (omitted)
                       |
 post#c.d_late_tercile |
            1997-2006  |  -.6947685   .6896213    -1.01   0.314    -2.047866    .6583293
            1991-1996  |          0  (omitted)
                       |
   post#c.d_hl_tercile |
            1997-2006  |   .7517248   4.716431     0.16   0.873    -8.502329    10.00578
            1991-1996  |          0  (omitted)
                       |
          sp_intensity |  -1.274566   .9470988    -1.35   0.179    -3.132858    .5837252
                 _cons |   41.06746   .3804942   107.93   0.000      40.3209    41.81402
----------------------------------------------------------------------------------------

Absorbed degrees of freedom:
-----------------------------------------------------------+
       Absorbed FE | Categories  - Redundant  = Num. Coefs |
-------------------+---------------------------------------|
              year |        16           1          15     |
 cve_ent_mun_super |      1119        1119           0    *|
-----------------------------------------------------------+
* = FE nested within cluster; treated as redundant for DoF computation
(MWFE estimator converged in 1 iterations)
note: d_early_tercile is probably collinear with the fixed effects (all partialled-out values are close to 
> zero; tol = 1.0e-09)
note: d_late_tercile is probably collinear with the fixed effects (all partialled-out values are close to z
> ero; tol = 1.0e-09)
note: d_hl_tercile is probably collinear with the fixed effects (all partialled-out values are close to zer
> o; tol = 1.0e-09)
warning: missing F statistic; dropped variables due to collinearity or too few clusters

HDFE Linear regression                            Number of obs   =     17,904
Absorbing 1 HDFE group                            F(  61,   1118) =          .
Statistics robust to heteroskedasticity           Prob > F        =          .
                                                  R-squared       =     0.5449
                                                  Adj R-squared   =     0.5128
                                                  Within R-sq.    =     0.0529
Number of clusters (cve_ent_mun_super) =      1,119Root MSE       =     9.1565

                                 (Std. err. adjusted for 1,119 clusters in cve_ent_mun_super)
---------------------------------------------------------------------------------------------
                            |               Robust
                      emr65 | Coefficient  std. err.      t    P>|t|     [95% conf. interval]
----------------------------+----------------------------------------------------------------
            d_early_tercile |          0  (omitted)
                            |
                  year_1995 |
                      1991  |  -2.665468     1.4182    -1.88   0.060    -5.448101    .1171662
                      1992  |  -1.162209   1.323081    -0.88   0.380    -3.758211    1.433792
                      1993  |  -2.016928   .9745826    -2.07   0.039    -3.929145   -.1047114
                      1994  |  -3.851086   1.007614    -3.82   0.000    -5.828113    -1.87406
                      1995  |  -.6529942   1.005541    -0.65   0.516    -2.625954    1.319966
                      1997  |  -1.851215     .93336    -1.98   0.048     -3.68255    -.019881
                      1998  |  -2.276809    .873877    -2.61   0.009    -3.991433   -.5621856
                      1999  |  -2.782776   .9640377    -2.89   0.004    -4.674303   -.8912492
                      2000  |  -5.928751   .9891338    -5.99   0.000    -7.869519   -3.987983
                      2001  |  -5.879404   1.037466    -5.67   0.000    -7.915004   -3.843804
                      2002  |  -4.779662   1.045002    -4.57   0.000    -6.830048   -2.729275
                      2003  |  -4.091913   1.002674    -4.08   0.000    -6.059249   -2.124578
                      2004  |  -3.465176   1.044889    -3.32   0.001     -5.51534   -1.415012
                      2005  |  -2.744347    1.13057    -2.43   0.015    -4.962625   -.5260704
                      2006  |  -4.734542   .9962251    -4.75   0.000    -6.689223    -2.77986
                            |
year_1995#c.d_early_tercile |
                      1991  |   1.743601   1.677502     1.04   0.299    -1.547805    5.035008
                      1992  |  -.4564396   1.559445    -0.29   0.770    -3.516207    2.603328
                      1993  |   .5587112   1.334099     0.42   0.675    -2.058909    3.176331
                      1994  |   .8358631   1.229209     0.68   0.497    -1.575954     3.24768
                      1995  |  -.3524934   1.330219    -0.26   0.791    -2.962501    2.257514
                      1997  |   .5554825    1.17156     0.47   0.635    -1.743221    2.854186
                      1998  |   1.160189   1.197384     0.97   0.333    -1.189184    3.509563
                      1999  |  -1.708087   1.232159    -1.39   0.166    -4.125692    .7095174
                      2000  |   -1.87723   1.284824    -1.46   0.144    -4.398168    .6437082
                      2001  |  -1.632612    1.32809    -1.23   0.219    -4.238441    .9732175
                      2002  |  -2.077246    1.31029    -1.59   0.113    -4.648149    .4936585
                      2003  |  -1.888763    1.28772    -1.47   0.143    -4.415384    .6378583
                      2004  |  -2.304006   1.335629    -1.73   0.085    -4.924628    .3166166
                      2005  |  -1.849415   1.426773    -1.30   0.195     -4.64887      .95004
                      2006  |  -.3267572   1.320297    -0.25   0.805    -2.917296    2.263781
                            |
             d_late_tercile |          0  (omitted)
                            |
 year_1995#c.d_late_tercile |
                      1991  |   1.081301   1.536759     0.70   0.482    -1.933956    4.096557
                      1992  |  -.5619696   1.429975    -0.39   0.694    -3.367707    2.243768
                      1993  |   .6530459    1.12005     0.58   0.560    -1.544592    2.850684
                      1994  |   1.601932   1.127667     1.42   0.156    -.6106508    3.814515
                      1995  |    -.59414   1.126344    -0.53   0.598    -2.804126    1.615846
                      1997  |   .1907606   1.052848     0.18   0.856    -1.875019     2.25654
                      1998  |   .0083745   1.001622     0.01   0.993    -1.956897    1.973646
                      1999  |   .4467106   1.090834     0.41   0.682    -1.693601    2.587022
                      2000  |  -.5351779   1.117516    -0.48   0.632    -2.727843    1.657487
                      2001  |   -.496761   1.172878    -0.42   0.672    -2.798051     1.80453
                      2002  |  -.2070986   1.168259    -0.18   0.859    -2.499327    2.085129
                      2003  |   .0690313   1.138899     0.06   0.952     -2.16559    2.303652
                      2004  |  -1.436602   1.163913    -1.23   0.217    -3.720301    .8470973
                      2005  |  -.8884623   1.264116    -0.70   0.482     -3.36877    1.591845
                      2006  |  -.2987437   1.132939    -0.26   0.792    -2.521669    1.924182
                            |
               d_hl_tercile |          0  (omitted)
                            |
   year_1995#c.d_hl_tercile |
                      1991  |   3.716065   5.777041     0.64   0.520    -7.618998    15.05113
                      1992  |   7.409594   7.733009     0.96   0.338    -7.763252    22.58244
                      1993  |   2.078962   2.543982     0.82   0.414    -2.912555    7.070478
                      1994  |  -12.72114   5.027991    -2.53   0.012     -22.5865   -2.855777
                      1995  |   1.865568   5.427011     0.34   0.731    -8.782706    12.51384
                      1997  |  -3.592258   7.899331    -0.45   0.649    -19.09144    11.90693
                      1998  |   4.003402   4.620841     0.87   0.386    -5.063095     13.0699
                      1999  |   5.217102   7.541161     0.69   0.489    -9.579319    20.01352
                      2000  |  -1.426341   5.493567    -0.26   0.795     -12.2052    9.352522
                      2001  |   1.454747   7.702435     0.19   0.850    -13.65811     16.5676
                      2002  |  -6.203394    8.09186    -0.77   0.443    -22.08034    9.673548
                      2003  |   5.065697   6.053333     0.84   0.403    -6.811476    16.94287
                      2004  |  -.7725274   7.193183    -0.11   0.914    -14.88619    13.34113
                      2005  |   4.602791   7.035798     0.65   0.513    -9.202064    18.40765
                      2006  |   1.602227    5.48954     0.29   0.770    -9.168733    12.37319
                            |
               sp_intensity |  -1.343741   .9651037    -1.39   0.164    -3.237359    .5498778
                      _cons |   43.99279   .2937398   149.77   0.000     43.41644    44.56913
---------------------------------------------------------------------------------------------

Absorbed degrees of freedom:
-----------------------------------------------------------+
       Absorbed FE | Categories  - Redundant  = Num. Coefs |
-------------------+---------------------------------------|
 cve_ent_mun_super |      1119        1119           0    *|
-----------------------------------------------------------+
* = FE nested within cluster; treated as redundant for DoF computation

. 
. * NOTE: the former separate cell-count companion table
. * (AT_threshold_validation_cellcounts.tex) has been removed as redundant
. * with AT_threshold_categorical.tex below, which reports the identical
. * Early/Late-only/Never/High-Low counts (plus the threshold value row
. * added here to preserve that one piece of information this table alone
. * used to carry).
. 
. di "Figures exported to: $figures/appendix/AF_threshold_validation_15.pdf, AF_threshold_validation_median
> .pdf, AF_threshold_validation_tercile.pdf"
Figures exported to: C:\Users\FELIPEME\Dropbox\Aplicaciones\Overleaf\progresa_cct\figures/appendix/AF_thres
> hold_validation_15.pdf, AF_threshold_validation_median.pdf, AF_threshold_validation_tercile.pdf

. 
. *------------------------------------------------------------
. * DOUBLE-THRESHOLD CATEGORICAL REGRESSION TABLE (PART 6, Proposal 1):
. * point-estimate companion to the raw-trends validation figure above,
. * using the SAME Early/Late-only/Never/High-Low classification and the
. * same 3-threshold grid. Base category = Never; Proposal 2 (drop
. * Late-only for a clean 2x2 against Never) is not used as the headline
. * here because Never is close to empty at the 15% threshold (n=2) --
. * keeping Late-only lets the design degrade gracefully across the grid
. * instead of failing at the a priori cutoff.
. * Output: $tables/appendix/AT_threshold_categorical.tex
. *------------------------------------------------------------
. /*
> cap file close tc
> file open tc using "$tables/appendix/AT_threshold_categorical.tex", write replace
> file write tc "\begin{tabular}{lccc} \hline \hline" _n
> file write tc "& \multicolumn{1}{c}{15\% (a priori)} & \multicolumn{1}{c}{Median} & \multicolumn{1}{c}{Up
> per tercile} \\ \toprule" _n
> file write tc "\textit{Early x Post} & `bthr_15_1' & `bthr_median_1' & `bthr_tercile_1' \\ " _n
> file write tc " & (`sethr_15_1') & (`sethr_median_1') & (`sethr_tercile_1') \\ " _n
> file write tc "  & & & \\ " _n
> file write tc "\textit{Late-only x Post} & `bthr_15_2' & `bthr_median_2' & `bthr_tercile_2' \\ " _n
> file write tc " & (`sethr_15_2') & (`sethr_median_2') & (`sethr_tercile_2') \\ " _n
> file write tc "  & & & \\ " _n
> file write tc "\textit{High-Low (non-monotone) x Post} & `bthr_15_4' & `bthr_median_4' & `bthr_tercile_4'
>  \\ " _n
> file write tc " & (`sethr_15_4') & (`sethr_median_4') & (`sethr_tercile_4') \\ " _n
> file write tc "  & & & \\ " _n
> file write tc "Obs & `Nthr_15' & `Nthr_median' & `Nthr_tercile' \\ " _n
> file write tc "  & & & \\ " _n
> file write tc "Threshold value & `clabel_15' & `clabel_median' & `clabel_tercile' \\ " _n
> file write tc "Early & `n_early_15' & `n_early_median' & `n_early_tercile' \\ " _n
> file write tc "Late-only & `n_late_15' & `n_late_median' & `n_late_tercile' \\ " _n
> file write tc "Never (base) & `n_never_15' & `n_never_median' & `n_never_tercile' \\ " _n
> file write tc "High-Low (non-monotone) & `n_hl_15' & `n_hl_median' & `n_hl_tercile' \\ " _n
> file write tc "\bottomrule" _n
> file write tc "\end{tabular}"
> file close tc
> if "$repo_tables" != "" copy "$tables/appendix/AT_threshold_categorical.tex" "$repo_tables/appendix/AT_th
> reshold_categorical.tex", replace
> */
. di "Table written to: $tables/appendix/AT_threshold_categorical.tex"
Table written to: C:\Users\FELIPEME\Dropbox\Aplicaciones\Overleaf\progresa_cct\tables/appendix/AT_threshold
> _categorical.tex

. 
. *------------------------------------------------------------
. * EVENT-STUDY OVERLAY: Early-vs-Never year-by-year coefficient (the "b0"
. * analog of the double-threshold categorical design), the three thresholds
. * (15% / median / upper tercile) overlaid on one figure -- the event-study
. * companion to AT_threshold_categorical (which reports the collapsed Post-
. * interaction point estimate). Directly parallels AF_binary_es, which does
. * the same 3-threshold overlay for the SINGLE-threshold binary design; this
. * is its double-threshold (Early = high on both 1999 and 2005 vs. the Never
. * base) counterpart. Reference year 1996. The bes_*/sees_* series were
. * stored per threshold in the loop above.
. *
. * Built from the stored locals only (no dependence on the current data), so
. * it is safe to clear here: the outer restore below repops the original
. * pre-preserve panel regardless of the working data's state.
. * Output: $figures/appendix/AF_threshold_categorical_es.pdf
. *------------------------------------------------------------
. local yr_labels `"1 "1991" 2 "1992" 3 "1993" 4 "1994" 5 "1995" 6 "1996" 7 "1997" 8 "1998" 9 "1999" 10 "20
> 00" 11 "2001" 12 "2002" 13 "2003" 14 "2004" 15 "2005" 16 "2006""'

. clear

. set obs 16
Number of observations (_N) was 0, now 16.

. gen yr_pos = _n

. gen xpos_15  = yr_pos - 0.18

. gen xpos_med = yr_pos

. gen xpos_ter = yr_pos + 0.18

. foreach s in 15 med ter {
  2.     gen b_`s'  = .
  3.     gen hi_`s' = .
  4.     gen lo_`s' = .
  5. }
(16 missing values generated)
(16 missing values generated)
(16 missing values generated)
(16 missing values generated)
(16 missing values generated)
(16 missing values generated)
(16 missing values generated)
(16 missing values generated)
(16 missing values generated)

. forval pos = 1/16 {
  2.     replace b_15  = `bes_15_`pos''                            if yr_pos == `pos'
  3.     replace hi_15 = `bes_15_`pos'' + 1.96 * `sees_15_`pos''  if yr_pos == `pos'
  4.     replace lo_15 = `bes_15_`pos'' - 1.96 * `sees_15_`pos''  if yr_pos == `pos'
  5.     replace b_med  = `bes_median_`pos''                            if yr_pos == `pos'
  6.     replace hi_med = `bes_median_`pos'' + 1.96 * `sees_median_`pos''  if yr_pos == `pos'
  7.     replace lo_med = `bes_median_`pos'' - 1.96 * `sees_median_`pos''  if yr_pos == `pos'
  8.     replace b_ter  = `bes_tercile_`pos''                            if yr_pos == `pos'
  9.     replace hi_ter = `bes_tercile_`pos'' + 1.96 * `sees_tercile_`pos''  if yr_pos == `pos'
 10.     replace lo_ter = `bes_tercile_`pos'' - 1.96 * `sees_tercile_`pos''  if yr_pos == `pos'
 11. }
(1 real change made)
(1 real change made)
(1 real change made)
(1 real change made)
(1 real change made)
(1 real change made)
(1 real change made)
(1 real change made)
(1 real change made)
(1 real change made)
(1 real change made)
(1 real change made)
(1 real change made)
(1 real change made)
(1 real change made)
(1 real change made)
(1 real change made)
(1 real change made)
(1 real change made)
(1 real change made)
(1 real change made)
(1 real change made)
(1 real change made)
(1 real change made)
(1 real change made)
(1 real change made)
(1 real change made)
(1 real change made)
(1 real change made)
(1 real change made)
(1 real change made)
(1 real change made)
(1 real change made)
(1 real change made)
(1 real change made)
(1 real change made)
(1 real change made)
(1 real change made)
(1 real change made)
(1 real change made)
(1 real change made)
(1 real change made)
(1 real change made)
(1 real change made)
(1 real change made)
(1 real change made)
(1 real change made)
(1 real change made)
(1 real change made)
(1 real change made)
(1 real change made)
(1 real change made)
(1 real change made)
(1 real change made)
(1 real change made)
(1 real change made)
(1 real change made)
(1 real change made)
(1 real change made)
(1 real change made)
(1 real change made)
(1 real change made)
(1 real change made)
(1 real change made)
(1 real change made)
(1 real change made)
(1 real change made)
(1 real change made)
(1 real change made)
(1 real change made)
(1 real change made)
(1 real change made)
(1 real change made)
(1 real change made)
(1 real change made)
(1 real change made)
(1 real change made)
(1 real change made)
(1 real change made)
(1 real change made)
(1 real change made)
(1 real change made)
(1 real change made)
(1 real change made)
(1 real change made)
(1 real change made)
(1 real change made)
(1 real change made)
(1 real change made)
(1 real change made)
(1 real change made)
(1 real change made)
(1 real change made)
(1 real change made)
(1 real change made)
(1 real change made)
(1 real change made)
(1 real change made)
(1 real change made)
(1 real change made)
(1 real change made)
(1 real change made)
(1 real change made)
(1 real change made)
(1 real change made)
(1 real change made)
(1 real change made)
(1 real change made)
(1 real change made)
(1 real change made)
(1 real change made)
(1 real change made)
(1 real change made)
(1 real change made)
(1 real change made)
(1 real change made)
(1 real change made)
(1 real change made)
(1 real change made)
(1 real change made)
(1 real change made)
(1 real change made)
(1 real change made)
(1 real change made)
(1 real change made)
(1 real change made)
(1 real change made)
(1 real change made)
(1 real change made)
(1 real change made)
(1 real change made)
(1 real change made)
(1 real change made)
(1 real change made)
(1 real change made)
(1 real change made)
(1 real change made)
(1 real change made)
(1 real change made)
(1 real change made)
(1 real change made)
(1 real change made)
(1 real change made)
(1 real change made)

. twoway ///
>     (rcap hi_15 lo_15 xpos_15, lcolor(black%60) lwidth(vthin) lpattern(solid)) ///
>     (scatter b_15 xpos_15, mcolor(black) msymbol(circle) msize(vsmall)) ///
>     (rcap hi_med lo_med xpos_med, lcolor(red%60) lwidth(vthin) lpattern(dash)) ///
>     (scatter b_med xpos_med, mcolor(red) msymbol(square) msize(vsmall)) ///
>     (rcap hi_ter lo_ter xpos_ter, lcolor(blue%60) lwidth(vthin) lpattern(shortdash_dot)) ///
>     (scatter b_ter xpos_ter, mcolor(blue) msymbol(triangle) msize(vsmall)) ///
>     (line b_15 xpos_15 if 1==0, lcolor(black) lpattern(solid) lwidth(thin) mcolor(black) msymbol(circle) 
> msize(vsmall)) ///
>     (line b_med xpos_med if 1==0, lcolor(red) lpattern(dash) lwidth(thin) mcolor(red) msymbol(square) msi
> ze(vsmall)) ///
>     (line b_ter xpos_ter if 1==0, lcolor(blue) lpattern(shortdash_dot) lwidth(thin) mcolor(blue) msymbol(
> triangle) msize(vsmall)), ///
>     yline(0, lcolor(gs8) lpattern(solid) lwidth(vthin)) ///
>     xline(6.5, lcolor(yellow) lpattern(dash) lwidth(vthin)) ///
>     xlabel(`yr_labels', labsize(small) angle(45) labcolor(black)) ///
>     xscale(range(0.5 16.5)) ///
>     xtitle("") ///
>     ytitle("Mortality Rate 65+ (per 1,000)", size(medsmall)) ///
>     ylabel(, grid gmin gmax labsize(small)) ///
>     legend(order(7 "Threshold: 15%" 8 "Threshold: median" 9 "Threshold: upper tercile") ///
>         cols(3) size(small) position(6) ring(1) ///
>         region(lcolor(none)) symxsize(5) keygap(1) rowgap(0)) ///
>     graphregion(color(white)) ///
>     plotregion(margin(l=1 r=1))

. * graph export "$figures/appendix/AF_threshold_categorical_es.pdf", as(pdf) replace
. * if "$repo_figures" != "" graph export "$repo_figures/appendix/AF_threshold_categorical_es.pdf", as(pdf)
>  replace
. di "Figure exported to: $figures/appendix/AF_threshold_categorical_es.pdf"
Figure exported to: C:\Users\FELIPEME\Dropbox\Aplicaciones\Overleaf\progresa_cct\figures/appendix/AF_thresh
> old_categorical_es.pdf

. 
. restore

. 
. *============================================================
. * APPENDIX FIGURE: Time series of the 4 intensity constructions,
. * 1997-2006, population-weighted (65+). Coauthor-requested; corrects an
. * earlier mis-specification in this conversation (a first version
. * proposed building the "End-of-year" series from the 1999/2005
. * snapshots) -- the correct End-of-year series is `intensity_new' itself,
. * the genuine year-by-year snapshot, unrelated to which intensity years
. * are used downstream. An unweighted companion was considered but
. * dropped: the weighted version is the relevant one for the analysis
. * sample (regressions are population-weighted throughout), so an
. * unweighted panel added a robustness check without a corresponding
. * need here.
. *
. * The 4 series (HM-sample weighted averages, by calendar year):
. *   (1) End-of-year, year-varying denom = intensity_new (= pgbenef_new/hh_tot)
. *   (2) Cumulative,  year-varying denom = pg_fase/hh_tot
. *   (3) End-of-year, fixed denom        = pgbenef_new/hog1997_fixed
. *   (4) Cumulative,  fixed denom        = pg_fase/hog1997_fixed
. * Output: $figures/appendix/AF_intensity_timeseries_w.pdf
. *------------------------------------------------------------
. preserve

. keep if $sample_marg & inrange(year, 1997, 2006)
(62,404 observations deleted)

. 
. gen ts_eoy_yv  = intensity_new

. gen ts_cum_yv  = pg_fase / hh_tot

. gen ts_eoy_fix = pgbenef_new / hog1997_fixed

. gen ts_cum_fix = pg_fase / hog1997_fixed

. 
. count if missing(ts_eoy_yv) | missing(ts_cum_yv) | missing(ts_eoy_fix) | missing(ts_cum_fix)
  0

. di "`r(N)' HM municipality-years dropped for missing intensity in the time-series figure"
0 HM municipality-years dropped for missing intensity in the time-series figure

. drop if missing(ts_eoy_yv) | missing(ts_cum_yv) | missing(ts_eoy_fix) | missing(ts_cum_fix)
(0 observations deleted)

. 
. collapse (mean) ts_eoy_yv ts_cum_yv ts_eoy_fix ts_cum_fix [aw=popover65_], by(year)

. 
. twoway ///
>     (connected ts_eoy_yv year, lcolor(black) mcolor(black) msymbol(circle) msize(small)) ///
>     (connected ts_cum_yv year, lcolor(black) mcolor(black) msymbol(circle) msize(small) lpattern(dash)) /
> //
>     (connected ts_eoy_fix year, lcolor(red) mcolor(red) msymbol(triangle) msize(small)) ///
>     (connected ts_cum_fix year, lcolor(red) mcolor(red) msymbol(triangle) msize(small) lpattern(dash)), /
> //
>     xtitle("Year", size(small)) ///
>     ytitle("Mean Intensity", size(small)) ///
>     xlabel(1997(1)2006, labsize(small)) ylabel(, labsize(small)) ///
>     legend(order(1 "End-of-year, year-varying denom" 2 "Cumulative, year-varying denom" ///
>                  3 "End-of-year, fixed denom" 4 "Cumulative, fixed denom") ///
>            cols(2) size(small) position(6) ring(1) region(lcolor(none))) ///
>     graphregion(color(white)) plotregion(margin(l=1 r=1))

. * graph export "$figures/appendix/AF_intensity_timeseries_w.pdf", as(pdf) replace
. * if "$repo_figures" != "" graph export "$repo_figures/appendix/AF_intensity_timeseries_w.pdf", as(pdf) r
> eplace
. restore

. 
. di "Figure exported to: $figures/appendix/AF_intensity_timeseries_w.pdf"
Figure exported to: C:\Users\FELIPEME\Dropbox\Aplicaciones\Overleaf\progresa_cct\figures/appendix/AF_intens
> ity_timeseries_w.pdf

. 
. 
. *============================================================
. * The following blocks (AT8-AT12 in the appendix numbering: R^2
. * decomposition, intensity correlations, power/MDE, crosswalk
. * super-municipality diagnostic, saturation diagnostics) moved here
. * per the coauthor's request. Their content is summarized in
. * research_project.md so the key findings survive as citable
. * footnote material even with the tables out of the appendix.
. *============================================================
. *------------------------------------------------------------
. * fn.18-style R²: how much of Intensity_1999's variance does Intensity_2005
. * explain, unweighted and weighted by the population aged 65 and older
. * (matching the weighting used throughout the main regressions). Run on
. * the HM analysis sample (matches P&V's own "in sample municipalities"
. * wording for their 65%/67%/75% progression).
. *------------------------------------------------------------
. preserve

. keep if year == 1996 & $sample_marg
(72,475 observations deleted)

. keep cve_ent_mun_super inten1999 inten2005 im_mun_1990 popover65_

. duplicates drop cve_ent_mun_super, force

Duplicates in terms of cve_ent_mun_super

(0 observations are duplicates)

. count
  1,119

. local n_r2_mun = r(N)

. di "`n_r2_mun' HM municipalities in the correlation cross-section"
1119 HM municipalities in the correlation cross-section

. 
. reg inten1999 inten2005

      Source |       SS           df       MS      Number of obs   =     1,119
-------------+----------------------------------   F(1, 1117)      =    212.30
       Model |  8.57886172         1  8.57886172   Prob > F        =    0.0000
    Residual |  45.1366256     1,117  .040408796   R-squared       =    0.1597
-------------+----------------------------------   Adj R-squared   =    0.1590
       Total |  53.7154873     1,118  .048046053   Root MSE        =    .20102

------------------------------------------------------------------------------
   inten1999 | Coefficient  Std. err.      t    P>|t|     [95% conf. interval]
-------------+----------------------------------------------------------------
   inten2005 |   .5256865   .0360786    14.57   0.000      .454897     .596476
       _cons |   .0669006   .0265409     2.52   0.012     .0148249    .1189762
------------------------------------------------------------------------------

. local r2_1 : di %5.3f e(r2)

. di "R² of inten1999 ~ inten2005 (HM sample): `r2_1'   [P&V fn.18 benchmark: 0.65]"
R² of inten1999 ~ inten2005 (HM sample): 0.160   [P&V fn.18 benchmark: 0.65]

. 
. * Signed correlation companion to r2_1 -- coauthor requested a correlation
. * table (corr(Intensity_1999, Intensity_2005) within each construction) as
. * the "R2 in terms of correlation" complement to the R2 decomposition
. * table above. R2 alone loses the sign; take corr directly.
. corr inten1999 inten2005
(obs=1,119)

             | int~1999 int~2005
-------------+------------------
   inten1999 |   1.0000
   inten2005 |   0.3996   1.0000


. local corr_eoy_yv : di %5.3f r(rho)

. 
. corr inten1999 inten2005 [aw=popover65_]
(sum of wgt is 677,420.407329559)
(obs=1,119)

             | int~1999 int~2005
-------------+------------------
   inten1999 |   1.0000
   inten2005 |   0.6141   1.0000


. local corr_eoy_yv_w : di %5.3f r(rho)

. 
. reg inten1999 inten2005 [aw=popover65_]
(sum of wgt is 677,420.407329559)

      Source |       SS           df       MS      Number of obs   =     1,119
-------------+----------------------------------   F(1, 1117)      =    676.39
       Model |  12.4047616         1  12.4047616   Prob > F        =    0.0000
    Residual |  20.4854006     1,117   .01833966   R-squared       =    0.3772
-------------+----------------------------------   Adj R-squared   =    0.3766
       Total |  32.8901621     1,118   .02941875   Root MSE        =    .13542

------------------------------------------------------------------------------
   inten1999 | Coefficient  Std. err.      t    P>|t|     [95% conf. interval]
-------------+----------------------------------------------------------------
   inten2005 |   .6889753   .0264914    26.01   0.000     .6369968    .7409539
       _cons |   -.016909   .0179765    -0.94   0.347    -.0521806    .0183626
------------------------------------------------------------------------------

. local r2_2 : di %5.3f e(r2)

. di "R² of inten1999 ~ inten2005, weighted by pop 65+ (HM sample): `r2_2'   [P&V fn.18 benchmark: 0.65]"
R² of inten1999 ~ inten2005, weighted by pop 65+ (HM sample): 0.377   [P&V fn.18 benchmark: 0.65]

. * r2_1/r2_2 (and n_r2_mun) are reused below, alongside r2fix_1/r2fix_2 (P&V
. * fixed-denominator robustness) and r2fase_yv_*/r2fase_fx_* (FASE-only
. * numerator robustness), in the single consolidated
. * AT_pv_r2_benefsource table -- see the ROBUSTNESS: FASE-ONLY BENEFICIARY
. * SOURCE section for the merged table writer.
. restore

. 
. *============================================================
. * D3: EXACT SATURATION DIAGNOSTICS (year-on-year Δintensity, "stayers",
. * first-crossing-15% distribution). With intensity now known for every
. * year (not interpolated between sparse snapshots), this settles whether
. * a continuous-treatment (dCDH-style) estimator has enough stayer/
. * not-yet-treated comparison units to be feasible, and whether a 15%
. * binarization threshold produces meaningful cohort spread.
. *============================================================
. preserve

. keep if $sample_marg & inrange(year, 1997, 2006)
(62,404 observations deleted)

. sort cve_ent_mun_super year

. 
. by cve_ent_mun_super: gen delta_intensity = intensity_new - intensity_new[_n-1] if year == year[_n-1] + 1
(1,119 missing values generated)

. gen abs_delta = abs(delta_intensity)
(1,119 missing values generated)

. 
. di "--- Year-on-year |Δintensity| distribution, HM sample, 1997-2006 ---"
--- Year-on-year |Δintensity| distribution, HM sample, 1997-2006 ---

. su abs_delta, detail

                          abs_delta
-------------------------------------------------------------
      Percentiles      Smallest
 1%            0              0
 5%            0              0
10%     .0037787              0       Obs              10,071
25%     .0163006              0       Sum of wgt.      10,071

50%     .0360415                      Mean           .0994218
                        Largest       Std. dev.      .1489864
75%     .1126634       .9762084
90%     .2865979              1       Variance        .022197
95%     .4393063              1       Skewness       2.497036
99%     .6982369              1       Kurtosis       9.624224

. local delta_mean : di %6.3f r(mean)

. local delta_p50   : di %6.3f r(p50)

. local delta_p90   : di %6.3f r(p90)

. 
. count if abs_delta < 0.01 & !missing(abs_delta)
  1,700

. local n_stayers = r(N)

. count if !missing(abs_delta)
  10,071

. local n_total = r(N)

. local stayer_pct : di %5.1f 100*`n_stayers'/`n_total'

. di "Municipality-years with |Δintensity| < 1pp ('stayers'): `n_stayers' / `n_total' (`stayer_pct'%)"
Municipality-years with |Δintensity| < 1pp ('stayers'): 1700 / 10071 ( 16.9%)

. 
. di "--- |Δintensity| by year ---"
--- |Δintensity| by year ---

. tabstat abs_delta, by(year) stat(mean p50 p90) format(%6.3f)

Summary for variables: abs_delta
Group variable: year (year)

    year |      Mean       p50       p90
---------+------------------------------
    1997 |         .         .         .
    1998 |     0.280     0.255     0.622
    1999 |     0.142     0.056     0.447
    2000 |     0.089     0.033     0.249
    2001 |     0.101     0.048     0.267
    2002 |     0.119     0.088     0.278
    2003 |     0.039     0.026     0.080
    2004 |     0.066     0.037     0.166
    2005 |     0.030     0.027     0.057
    2006 |     0.029     0.025     0.057
---------+------------------------------
   Total |     0.099     0.036     0.287
----------------------------------------

. 
. * First year each municipality crosses 15% intensity (feeds D2's
. * threshold choice and checks cohort spread for any staggered-timing
. * estimator)
. gen crossed15 = year if intensity_new >= 0.15 & !missing(intensity_new)
(1,538 missing values generated)

. bys cve_ent_mun_super: egen first_cross15 = min(crossed15)

. 
. * Save the full municipality-year panel before collapsing to one row per
. * municipality below -- we are already inside a preserve opened earlier in
. * D3, and Stata does not support a second, nested preserve/restore, so use
. * a tempfile instead to get back to the full panel afterward.
. tempfile d3_panel

. save `d3_panel'
file C:\Users\FELIPEME\AppData\Local\Temp\ST_1dfc_00000b.tmp saved as .dta format

. 
. duplicates drop cve_ent_mun_super, force

Duplicates in terms of cve_ent_mun_super

(10,071 observations deleted)

. count
  1,119

. local n_mun_hm = r(N)

. di "--- Distribution of first year crossing 15% intensity, HM sample ---"
--- Distribution of first year crossing 15% intensity, HM sample ---

. tab first_cross15

first_cross |
         15 |      Freq.     Percent        Cum.
------------+-----------------------------------
       1997 |        126       11.26       11.26
       1998 |        635       56.75       68.01
       1999 |        225       20.11       88.11
       2000 |        107        9.56       97.68
       2001 |         18        1.61       99.29
       2002 |          3        0.27       99.55
       2003 |          1        0.09       99.64
       2004 |          4        0.36      100.00
------------+-----------------------------------
      Total |      1,119      100.00

. count if first_cross15 <= 1999
  986

. local n_cross_early = r(N)

. count if missing(first_cross15)
  0

. local n_never_cross = r(N)

. di "`n_never_cross' HM municipalities NEVER cross 15% intensity by 2006"
0 HM municipalities NEVER cross 15% intensity by 2006

. 
. use `d3_panel', clear

. 
. * Any HM municipality with near-zero intensity throughout the post period?
. bys cve_ent_mun_super: egen max_intensity_post = max(intensity_new) if inrange(year,1997,2006)

. count if max_intensity_post < 0.05 & inrange(year,1997,2006)
  0

. local n_near_zero = r(N)

. di "`n_near_zero' HM municipality-years with max post-1997 intensity below 5% (near-zero penetration thro
> ughout)"
0 HM municipality-years with max post-1997 intensity below 5% (near-zero penetration throughout)

. 
. /*
> {
>     cap file close sat
>     file open sat using "$tables/appendix/AT_saturation_diagnostics.tex", write replace
>     file write sat "\begin{tabular}{lc} \hline \hline" _n
>     file write sat "\multicolumn{2}{l}{\textit{Year-on-year \$|\Delta\$Intensity\$|\$, HM sample, 1997--2
> 006}} \\ \toprule" _n
>     file write sat "Mean & `delta_mean' \\ " _n
>     file write sat "Median & `delta_p50' \\ " _n
>     file write sat "90th percentile & `delta_p90' \\ " _n
>     file write sat "Municipality-years, \$|\Delta\$Intensity\$|<\$1pp (\textit{stayers}) & `n_stayers' / 
> `n_total' (`stayer_pct'\%) \\ " _n
>     file write sat "  & \\ " _n
>     file write sat "\multicolumn{2}{l}{\textit{First year crossing 15\% intensity}} \\ " _n
>     file write sat "Municipalities crossing by 1999 & `n_cross_early' / `n_mun_hm' \\ " _n
>     file write sat "Municipalities never crossing by 2006 & `n_never_cross' / `n_mun_hm' \\ " _n
>     file write sat "  & \\ " _n
>     file write sat "Municipality-years with max intensity \$<\$5\% (near-zero penetration) & `n_near_zero
> ' \\ " _n
>     file write sat "\bottomrule" _n
>     file write sat "\end{tabular}"
>     file close sat
>     if "$repo_tables" != "" copy "$tables/appendix/AT_saturation_diagnostics.tex" "$repo_tables/appendix/
> AT_saturation_diagnostics.tex", replace
> }
> */
. di "Table exported to: $tables/appendix/AT_saturation_diagnostics.tex"
Table exported to: C:\Users\FELIPEME\Dropbox\Aplicaciones\Overleaf\progresa_cct\tables/appendix/AT_saturati
> on_diagnostics.tex

. restore

. di "D3 saturation diagnostics complete -- see log above for stayer availability and first-crossing spread
> ."
D3 saturation diagnostics complete -- see log above for stayer availability and first-crossing spread.

. 
. *------------------------------------------------------------
. * Robustness R²: same fn.18-style check as above, but using the
. * fixed-denominator Intensity_1999/2005 instead of the year-varying-
. * denominator versions. r2fix_1/r2fix_2 (and n_r2fix_mun) feed into the
. * single consolidated AT_pv_r2_benefsource table below (ROBUSTNESS:
. * FASE-ONLY BENEFICIARY SOURCE section) rather than a separate table here.
. *------------------------------------------------------------
. preserve

. keep if year == 1996 & $sample_marg
(72,475 observations deleted)

. keep cve_ent_mun_super inten1999_fix inten2005_fix im_mun_1990 popover65_

. duplicates drop cve_ent_mun_super, force

Duplicates in terms of cve_ent_mun_super

(0 observations are duplicates)

. count
  1,119

. local n_r2fix_mun = r(N)

. di "`n_r2fix_mun' HM municipalities in the fixed-denominator correlation cross-section"
1119 HM municipalities in the fixed-denominator correlation cross-section

. 
. reg inten1999_fix inten2005_fix

      Source |       SS           df       MS      Number of obs   =     1,119
-------------+----------------------------------   F(1, 1117)      =    349.17
       Model |  13.7183456         1  13.7183456   Prob > F        =    0.0000
    Residual |  43.8849577     1,117  .039288234   R-squared       =    0.2382
-------------+----------------------------------   Adj R-squared   =    0.2375
       Total |  57.6033033     1,118  .051523527   Root MSE        =    .19821

-------------------------------------------------------------------------------
inten1999_fix | Coefficient  Std. err.      t    P>|t|     [95% conf. interval]
--------------+----------------------------------------------------------------
inten2005_fix |   .6615537   .0354034    18.69   0.000     .5920889    .7310184
        _cons |  -.0571464   .0282502    -2.02   0.043    -.1125759   -.0017169
-------------------------------------------------------------------------------

. local r2fix_1 : di %5.3f e(r2)

. di "R² of inten1999_fix ~ inten2005_fix (HM sample, FIXED denominator): `r2fix_1'   [current year-varying
> -denom version: 0.160; P&V benchmark: 0.65]"
R² of inten1999_fix ~ inten2005_fix (HM sample, FIXED denominator): 0.238   [current year-varying-denom ver
> sion: 0.160; P&V benchmark: 0.65]

. 
. corr inten1999_fix inten2005_fix
(obs=1,119)

             | inten1~x inten2~x
-------------+------------------
inten1999_~x |   1.0000
inten2005_~x |   0.4880   1.0000


. local corr_eoy_fix : di %5.3f r(rho)

. 
. corr inten1999_fix inten2005_fix [aw=popover65_]
(sum of wgt is 677,420.407329559)
(obs=1,119)

             | inten1~x inten2~x
-------------+------------------
inten1999_~x |   1.0000
inten2005_~x |   0.6332   1.0000


. local corr_eoy_fix_w : di %5.3f r(rho)

. 
. reg inten1999_fix inten2005_fix [aw=popover65_]
(sum of wgt is 677,420.407329559)

      Source |       SS           df       MS      Number of obs   =     1,119
-------------+----------------------------------   F(1, 1117)      =    747.68
       Model |  14.2084402         1  14.2084402   Prob > F        =    0.0000
    Residual |  21.2266885     1,117  .019003302   R-squared       =    0.4010
-------------+----------------------------------   Adj R-squared   =    0.4004
       Total |  35.4351286     1,118  .031695106   Root MSE        =    .13785

-------------------------------------------------------------------------------
inten1999_fix | Coefficient  Std. err.      t    P>|t|     [95% conf. interval]
--------------+----------------------------------------------------------------
inten2005_fix |    .699573   .0255843    27.34   0.000     .6493742    .7497718
        _cons |  -.0624037   .0194081    -3.22   0.001     -.100484   -.0243233
-------------------------------------------------------------------------------

. local r2fix_2 : di %5.3f e(r2)

. di "R² of inten1999_fix ~ inten2005_fix, weighted by pop 65+ (FIXED denominator): `r2fix_2'   [P&V benchm
> ark: 0.65]"
R² of inten1999_fix ~ inten2005_fix, weighted by pop 65+ (FIXED denominator): 0.401   [P&V benchmark: 0.65]

. restore

. 
. *============================================================
. * Correlation between the two beneficiary-numerator constructions (used
. * as a bottom-of-table diagnostic in the merged T2_b_mortality_fixeddenom
. * table below): inten1999/inten2005 (mixed source, point-in-time
. * headcount -- FASE 1997, then newProg_98_16 taken directly for 1998+;
. * not guaranteed monotonic since newProg_98_16 carries no stable household
. * ID across years) vs. inten1999_fase/inten2005_fase (Parker & Vogl's own
. * construction, a genuine running sum of annual FASE beneficiary counts,
. * giving a monotonic "ever enrolled by year Y" measure). Only FASE (an
. * annual flow) can be validly summed this way; a prior version of this
. * file summed the mixed/newProg series instead ("inten*_summix") and was
. * removed -- newProg_98_16 is already a status headcount, not a flow, so
. * summing it year-over-year double-counts continuing beneficiaries.
. *============================================================
. corr inten1999 inten1999_fase if $sample_marg & year==1996
(obs=1,119)

             | int~1999 i~9_fase
-------------+------------------
   inten1999 |   1.0000
inten1999_~e |   0.6997   1.0000


. local corr99: di %5.3f r(rho)

. corr inten2005 inten2005_fase if $sample_marg & year==1996
(obs=1,119)

             | int~2005 inten2~e
-------------+------------------
   inten2005 |   1.0000
inten2005_~e |   0.9109   1.0000


. local corr05: di %5.3f r(rho)

. corr inten1999_fix inten1999_fase_fix if $sample_marg & year==1996
(obs=1,119)

             | in~9_fix inten1..
-------------+------------------
inten1~9_fix |   1.0000
inten1~e_fix |   0.7061   1.0000


. local corr99_fix: di %5.3f r(rho)

. corr inten2005_fix inten2005_fase_fix if $sample_marg & year==1996
(obs=1,119)

             | in~5_fix inten2..
-------------+------------------
inten2~5_fix |   1.0000
inten2~e_fix |   0.9123   1.0000


. local corr05_fix: di %5.3f r(rho)

. 
. * Weighted companions (population aged 65+), for AT_intensity_correlations
. * Panel B -- same four correlations, weighted to match the main
. * regressions' weighting.
. corr inten1999 inten1999_fase [aw=popover65_] if $sample_marg & year==1996
(sum of wgt is 677,420.407329559)
(obs=1,119)

             | int~1999 i~9_fase
-------------+------------------
   inten1999 |   1.0000
inten1999_~e |   0.7945   1.0000


. local corr99_w: di %5.3f r(rho)

. corr inten2005 inten2005_fase [aw=popover65_] if $sample_marg & year==1996
(sum of wgt is 677,420.407329559)
(obs=1,119)

             | int~2005 inten2~e
-------------+------------------
   inten2005 |   1.0000
inten2005_~e |   0.9290   1.0000


. local corr05_w: di %5.3f r(rho)

. corr inten1999_fix inten1999_fase_fix [aw=popover65_] if $sample_marg & year==1996
(sum of wgt is 677,420.407329559)
(obs=1,119)

             | in~9_fix inten1..
-------------+------------------
inten1~9_fix |   1.0000
inten1~e_fix |   0.7959   1.0000


. local corr99_fix_w: di %5.3f r(rho)

. corr inten2005_fix inten2005_fase_fix [aw=popover65_] if $sample_marg & year==1996
(sum of wgt is 677,420.407329559)
(obs=1,119)

             | in~5_fix inten2..
-------------+------------------
inten2~5_fix |   1.0000
inten2~e_fix |   0.9255   1.0000


. local corr05_fix_w: di %5.3f r(rho)

. 
. 
. *============================================================
. * CROSSWALK "SUPER-MUNICIPALITY" DIAGNOSTIC
. *
. * NOTE ON THE SAMPLE-SIZE LADDER: this block reports how many municipalities
. * in the HM ANALYSIS SAMPLE are multi-origin harmonized units. It is the
. * sample-restricted counterpart to two upstream diagnostics added for the
. * Barham-Rowberry municipality-count comparison:
. *   - 0.super_municipality_id_and_HH_data.do prints a [CROSSWALK yyyy] line
. *     when each crosswalk is built, giving raw codes -> harmonized units
. *     nationally;
. *   - 000. and 00. write $codes/harmonization_ladder.log, recording the same
. *     counts at each collapse of an input series onto cve_ent_mun_super;
. *   - 01_mortality_data.do writes $codes/01_sample_ladder.log, recording
. *     municipalities surviving each completeness/balance screen plus the
. *     final panel's composition by marginality grade and first-enrollment year.
. * Together these separate boundary harmonization from panel-completeness
. * screening from the phase-in definition as sources of the gap to BR's 1,961.
. *
. * Original purpose below -- is the A1 non-monotonicity
. * (Intensity_2005 < Intensity_1999 under the Mixed construction) a
. * crosswalk-aggregation artifact rather than real household attrition?
. * research_project.md PART 3 flags municipality-boundary harmonization
. * (cve_ent_mun_super, built in 0.super_municipality_id_and_HH_data.do,
. * harmonizing ~100+ municipality splits/creations 1990-2020, mostly
. * Oaxaca/Chiapas) as an unverified candidate driver of the R2 gap vs.
. * Parker & Vogl; the same mechanism could independently produce A1/A3-
. * type symptoms if a super-municipality's component (origin) codes are
. * inconsistently present across years in the source admin data, with no
. * need for any real enrollment change.
. *
. * Uses the SAME crosswalk file as the map-figure code and the intensity-
. * construction blocks above (crosswalk_super_mun_id_1990.dta): one row
. * per origin (cve_ent, cve_mun) pair mapped to a harmonized
. * cve_ent_mun_super code. A "super-municipality" is one where 2+ distinct
. * origin pairs map to the same harmonized code; municipalities absent
. * from the crosswalk file had no boundary change and map 1:1 to
. * themselves (n_origin_mun = 1 by construction, matching the
. * "replace cve_ent_mun_super = cve_ent + cve_mun if ==''" convention
. * used elsewhere in this file).
. * Output: $tables/appendix/AT_crosswalk_supermun_diagnostic.tex
. *------------------------------------------------------------
. preserve

. use "$data/crosswalk_super_mun_id_1990.dta", clear

. keep cve_ent cve_mun cve_ent_mun_super

. duplicates drop cve_ent cve_mun cve_ent_mun_super, force

Duplicates in terms of cve_ent cve_mun cve_ent_mun_super

(0 observations are duplicates)

. bys cve_ent_mun_super: gen n_origin_mun = _N

. duplicates drop cve_ent_mun_super, force

Duplicates in terms of cve_ent_mun_super

(58 observations deleted)

. keep cve_ent_mun_super n_origin_mun

. tempfile origin_counts

. save `origin_counts'
file C:\Users\FELIPEME\AppData\Local\Temp\ST_1dfc_00000e.tmp saved as .dta format

. restore

. 
. *============================================================
. * A1 NON-MONOTONICITY DIAGNOSTIC: identifies HM municipalities where the
. * Mixed (snapshot) construction has Intensity_2005 < Intensity_1999
. * (research_project.md PART 6, A1 discussion), using the End-of-year
. * numerator over the year-varying household denominator (inten1999/
. * inten2005), the coauthors' main specification, so only the numerator
. * construction (mixed snapshot vs. FASE cumulative sum) differs. Feeds
. * the crosswalk "super-municipality" cross-tab below (does the
. * non-monotonicity concentrate among municipalities built from 2+ origin
. * INEGI codes, i.e. a boundary-aggregation artifact, rather than real
. * household attrition/migration?).
. * Output: $tables/appendix/AT_crosswalk_supermun_diagnostic.tex
. *------------------------------------------------------------
. preserve

. keep if year == 1996 & $sample_marg
(72,475 observations deleted)

. keep cve_ent_mun_super inten1999 inten2005 inten1999_fase inten2005_fase

. duplicates drop cve_ent_mun_super, force

Duplicates in terms of cve_ent_mun_super

(0 observations are duplicates)

. 
. count if missing(inten1999) | missing(inten2005) | missing(inten1999_fase) | missing(inten2005_fase)
  0

. di "`r(N)' HM municipalities dropped for missing intensity values in the construction-comparison figure"
0 HM municipalities dropped for missing intensity values in the construction-comparison figure

. drop if missing(inten1999) | missing(inten2005) | missing(inten1999_fase) | missing(inten2005_fase)
(0 observations deleted)

. 
. gen byte nonmonotone_mix = (inten2005 < inten1999)

. count if nonmonotone_mix
  51

. local n_nonmono = r(N)

. local n_tot = _N

. di "`n_nonmono' / `n_tot' HM municipalities have Intensity_2005 < Intensity_1999 under the Mixed (snapsho
> t) construction -- candidates for the A1 'drop non-monotone municipalities' robustness trim"
51 / 1119 HM municipalities have Intensity_2005 < Intensity_1999 under the Mixed (snapshot) construction --
>  candidates for the A1 'drop non-monotone municipalities' robustness trim

. 
. *------------------------------------------------------------
. * Crosswalk cross-tab: are the non-monotone-in-Mixed municipalities
. * disproportionately crosswalk "super-municipalities" (2+ origin codes
. * harmonized into one), suggesting a boundary-aggregation artifact
. * rather than real attrition/churn?
. *------------------------------------------------------------
. merge m:1 cve_ent_mun_super using `origin_counts', keep(master match) nogen

    Result                      Number of obs
    -----------------------------------------
    Not matched                         1,103
        from master                     1,103  
        from using                          0  

    Matched                                16  
    -----------------------------------------

. replace n_origin_mun = 1 if missing(n_origin_mun)
(1,103 real changes made)

. gen byte super_mun = (n_origin_mun >= 2)

. count if super_mun
  9

. local n_super = r(N)

. di "`n_super' / `n_tot' HM municipalities are crosswalk 'super-municipalities' (2+ origin INEGI codes har
> monized into one)"
9 / 1119 HM municipalities are crosswalk 'super-municipalities' (2+ origin INEGI codes harmonized into one)

. 
. count if super_mun
  9

. local n_super_tot = r(N)

. count if !super_mun
  1,110

. local n_notsuper_tot = r(N)

. count if nonmonotone_mix & super_mun
  0

. local n_nonmono_super = r(N)

. count if nonmonotone_mix & !super_mun
  51

. local n_nonmono_notsuper = r(N)

. local pct_super    : di %4.1f 100*`n_nonmono_super'/`n_super_tot'

. local pct_notsuper : di %4.1f 100*`n_nonmono_notsuper'/`n_notsuper_tot'

. di "Non-monotone share among super-municipalities: `n_nonmono_super' / `n_super_tot' (`pct_super'%)"
Non-monotone share among super-municipalities: 0 / 9 ( 0.0%)

. di "Non-monotone share among non-super municipalities: `n_nonmono_notsuper' / `n_notsuper_tot' (`pct_nots
> uper'%)"
Non-monotone share among non-super municipalities: 51 / 1110 ( 4.6%)

. 
. /*
> cap file close fd
> file open fd using "$tables/appendix/AT_crosswalk_supermun_diagnostic.tex", write replace
> file write fd "\begin{tabular}{lccc} \hline \hline" _n
> file write fd "& Non-monotone & Monotone & Total \\ " _n
> file write fd "& (Intensity{\textsubscript{2005}} \$<\$ Intensity{\textsubscript{1999}}, Mixed) & & \\ \t
> oprule" _n
> file write fd "Super-municipality (2+ origin codes) & `n_nonmono_super' & `=`n_super_tot'-`n_nonmono_supe
> r'' & `n_super_tot' (`pct_super'\%) \\ " _n
> file write fd "Simple municipality (1 origin code) & `n_nonmono_notsuper' & `=`n_notsuper_tot'-`n_nonmono
> _notsuper'' & `n_notsuper_tot' (`pct_notsuper'\%) \\ " _n
> file write fd "\bottomrule" _n
> file write fd "Total & `n_nonmono' & `=`n_tot'-`n_nonmono'' & `n_tot' \\ " _n
> file write fd "\end{tabular}" _n
> file close fd
> if "$repo_tables" != "" copy "$tables/appendix/AT_crosswalk_supermun_diagnostic.tex" "$repo_tables/append
> ix/AT_crosswalk_supermun_diagnostic.tex", replace
> */
. di "Table written to: $tables/appendix/AT_crosswalk_supermun_diagnostic.tex"
Table written to: C:\Users\FELIPEME\Dropbox\Aplicaciones\Overleaf\progresa_cct\tables/appendix/AT_crosswalk
> _supermun_diagnostic.tex

. restore

. 
. di "A1 diagnostic: `n_nonmono' of `n_tot' HM municipalities are non-monotone under the Mixed construction
> "
A1 diagnostic: 51 of 1119 HM municipalities are non-monotone under the Mixed construction

. 
. 
. * CONSOLIDATED ROBUSTNESS R² TABLE (merges the former AT_pv_fig3_r2,
. * AT_pv_fig3_r2_fixeddenom, and AT_pv_r2_benefsource into one table):
. * 2 numerator variants (mixed snapshot -- current default; FASE-only
. * cumulative, P&V's numerator) x 2 denominator choices (year-varying;
. * fixed P&V-style), reusing r2_1/r2_2 (mixed snapshot, year-varying) and
. * r2fix_1/r2fix_2 (mixed snapshot, fixed) computed above, plus a
. * decomposition of how much of the R² gap to the P&V benchmark each fix
. * closes on its own vs. combined, so the numerator vs. denominator
. * choice can be judged separately.
. * Output: $tables/appendix/AT_pv_r2_benefsource.tex
. *------------------------------------------------------------
. preserve

. keep if year == 1996 & $sample_marg
(72,475 observations deleted)

. keep cve_ent_mun_super inten1999_fase inten2005_fase inten1999_fase_fix inten2005_fase_fix im_mun_1990 po
> pover65_

. duplicates drop cve_ent_mun_super, force

Duplicates in terms of cve_ent_mun_super

(0 observations are duplicates)

. count
  1,119

. local n_r2fase_mun = r(N)

. di "`n_r2fase_mun' HM municipalities in the FASE-only correlation cross-section"
1119 HM municipalities in the FASE-only correlation cross-section

. 
. reg inten1999_fase inten2005_fase

      Source |       SS           df       MS      Number of obs   =     1,119
-------------+----------------------------------   F(1, 1117)      =   1568.98
       Model |  15.3039103         1  15.3039103   Prob > F        =    0.0000
    Residual |  10.8952519     1,117   .00975403   R-squared       =    0.5841
-------------+----------------------------------   Adj R-squared   =    0.5838
       Total |  26.1991622     1,118  .023433955   Root MSE        =    .09876

--------------------------------------------------------------------------------
inten1999_fase | Coefficient  Std. err.      t    P>|t|     [95% conf. interval]
---------------+----------------------------------------------------------------
inten2005_fase |   .6253078   .0157865    39.61   0.000     .5943334    .6562823
         _cons |  -.0221179   .0093277    -2.37   0.018    -.0404196   -.0038161
--------------------------------------------------------------------------------

. local r2fase_yv_1 : di %5.3f e(r2)

. di "R² of inten1999_fase ~ inten2005_fase (HM sample, FASE-only numerator, year-varying denom): `r2fase_y
> v_1'   [mixed/year-varying: `r2_1'; P&V benchmark: 0.65]"
R² of inten1999_fase ~ inten2005_fase (HM sample, FASE-only numerator, year-varying denom): 0.584   [mixed/
> year-varying: 0.160; P&V benchmark: 0.65]

. 
. corr inten1999_fase inten2005_fase
(obs=1,119)

             | inten1~e inten2~e
-------------+------------------
inten1999_~e |   1.0000
inten2005_~e |   0.7643   1.0000


. local corr_cum_yv : di %5.3f r(rho)

. 
. corr inten1999_fase inten2005_fase [aw=popover65_]
(sum of wgt is 677,420.407329559)
(obs=1,119)

             | inten1~e inten2~e
-------------+------------------
inten1999_~e |   1.0000
inten2005_~e |   0.8421   1.0000


. local corr_cum_yv_w : di %5.3f r(rho)

. 
. reg inten1999_fase inten2005_fase [aw=popover65_]
(sum of wgt is 677,420.407329559)

      Source |       SS           df       MS      Number of obs   =     1,119
-------------+----------------------------------   F(1, 1117)      =   2722.90
       Model |  12.8824322         1  12.8824322   Prob > F        =    0.0000
    Residual |  5.28468812     1,117  .004731144   R-squared       =    0.7091
-------------+----------------------------------   Adj R-squared   =    0.7088
       Total |  18.1671203     1,118   .01624966   Root MSE        =    .06878

--------------------------------------------------------------------------------
inten1999_fase | Coefficient  Std. err.      t    P>|t|     [95% conf. interval]
---------------+----------------------------------------------------------------
inten2005_fase |   .6721634   .0128813    52.18   0.000     .6468891    .6974376
         _cons |   -.039815   .0068283    -5.83   0.000    -.0532128   -.0264172
--------------------------------------------------------------------------------

. local r2fase_yv_2 : di %5.3f e(r2)

. 
. reg inten1999_fase_fix inten2005_fase_fix

      Source |       SS           df       MS      Number of obs   =     1,119
-------------+----------------------------------   F(1, 1117)      =   2116.43
       Model |  18.5913489         1  18.5913489   Prob > F        =    0.0000
    Residual |  9.81204721     1,117  .008784286   R-squared       =    0.6545
-------------+----------------------------------   Adj R-squared   =    0.6542
       Total |  28.4033961     1,118  .025405542   Root MSE        =    .09372

------------------------------------------------------------------------------------
inten1999_fase_fix | Coefficient  Std. err.      t    P>|t|     [95% conf. interval]
-------------------+----------------------------------------------------------------
inten2005_fase_fix |   .6273867   .0136374    46.00   0.000     .6006288    .6541447
             _cons |  -.0475514   .0088688    -5.36   0.000    -.0649528     -.03015
------------------------------------------------------------------------------------

. local r2fase_fx_1 : di %5.3f e(r2)

. di "R² of inten1999_fase_fix ~ inten2005_fase_fix (HM sample, FASE-only numerator, FIXED denom): `r2fase_
> fx_1'   [mixed/fixed: `r2fix_1'; P&V benchmark: 0.65]"
R² of inten1999_fase_fix ~ inten2005_fase_fix (HM sample, FASE-only numerator, FIXED denom): 0.655   [mixed
> /fixed: 0.238; P&V benchmark: 0.65]

. 
. corr inten1999_fase_fix inten2005_fase_fix
(obs=1,119)

             | inten1~x inten2~x
-------------+------------------
inten1999_~x |   1.0000
inten2005_~x |   0.8090   1.0000


. local corr_cum_fix : di %5.3f r(rho)

. 
. corr inten1999_fase_fix inten2005_fase_fix [aw=popover65_]
(sum of wgt is 677,420.407329559)
(obs=1,119)

             | inten1~x inten2~x
-------------+------------------
inten1999_~x |   1.0000
inten2005_~x |   0.8593   1.0000


. local corr_cum_fix_w : di %5.3f r(rho)

. 
. reg inten1999_fase_fix inten2005_fase_fix [aw=popover65_]
(sum of wgt is 677,420.407329559)

      Source |       SS           df       MS      Number of obs   =     1,119
-------------+----------------------------------   F(1, 1117)      =   3153.28
       Model |  14.5228178         1  14.5228178   Prob > F        =    0.0000
    Residual |  5.14447722     1,117   .00460562   R-squared       =    0.7384
-------------+----------------------------------   Adj R-squared   =    0.7382
       Total |  19.6672951     1,118  .017591498   Root MSE        =    .06786

------------------------------------------------------------------------------------
inten1999_fase_fix | Coefficient  Std. err.      t    P>|t|     [95% conf. interval]
-------------------+----------------------------------------------------------------
inten2005_fase_fix |   .6295465   .0112111    56.15   0.000     .6075494    .6515436
             _cons |  -.0480006   .0067236    -7.14   0.000    -.0611929   -.0348082
------------------------------------------------------------------------------------

. local r2fase_fx_2 : di %5.3f e(r2)

. 
. * Decomposition: how much of the baseline-to-P&V R² gap does each fix close
. * on its own, vs. both combined, relative to the current-default
. * (Mixed numerator, year-varying denom) baseline in the top-left cell.
. local ddenom_1 : di %5.3f (real("`r2fix_1'")     - real("`r2_1'"))

. local ddenom_2 : di %5.3f (real("`r2fix_2'")     - real("`r2_2'"))

. local dnum_1   : di %5.3f (real("`r2fase_yv_1'") - real("`r2_1'"))

. local dnum_2   : di %5.3f (real("`r2fase_yv_2'") - real("`r2_2'"))

. local dboth_1  : di %5.3f (real("`r2fase_fx_1'") - real("`r2_1'"))

. local dboth_2  : di %5.3f (real("`r2fase_fx_2'") - real("`r2_2'"))

. di "Decomposition of Delta-R^2 vs. baseline (`r2_1'/`r2_2'): denom-fix-alone `ddenom_1'/`ddenom_2'; numer
> ator-fix-alone `dnum_1'/`dnum_2'; both-combined `dboth_1'/`dboth_2'"
Decomposition of Delta-R^2 vs. baseline (0.160/0.377): denom-fix-alone 0.078/0.024; numerator-fix-alone 0.4
> 24/0.332; both-combined 0.495/0.361

. 
. /*
> {
>     cap file close r2b
>     file open r2b using "$tables/appendix/AT_pv_r2_benefsource.tex", write replace
>     file write r2b "\begin{tabular}{lcccc} \hline \hline" _n
>     file write r2b "& \multicolumn{2}{c}{Year-varying denom.} & \multicolumn{2}{c}{Fixed (P\&V) denom.} \
> \" _n
>     file write r2b "Numerator construction & R\textsuperscript{2} & + weighted (pop 65+) & R\textsuperscr
> ipt{2} & + weighted (pop 65+) \\ \toprule" _n
>     file write r2b "End-of-year (current default) & `r2_1' & `r2_2' & `r2fix_1' & `r2fix_2' \\ " _n
>     file write r2b "Cumulative (P\&V's numerator) & `r2fase_yv_1' & `r2fase_yv_2' & `r2fase_fx_1' & `r2fa
> se_fx_2' \\ " _n
>     file write r2b "  & & & & \\ " _n
>     file write r2b "P\&V (2023) benchmark & \multicolumn{2}{c}{0.65} & \multicolumn{2}{c}{0.65} \\ " _n
>     file write r2b "\bottomrule" _n
>     file write r2b "\multicolumn{5}{l}{\textit{Decomposition of \$\Delta R^2\$ vs.\ the current-default b
> aseline (top-left cell):}} \\ " _n
>     file write r2b "\quad Denominator fix alone, unweighted & \multicolumn{4}{c}{`ddenom_1'} \\ " _n
>     file write r2b "\quad Denominator fix alone, weighted & \multicolumn{4}{c}{`ddenom_2'} \\ " _n
>     file write r2b "\quad Numerator fix alone, unweighted & \multicolumn{4}{c}{`dnum_1'} \\ " _n
>     file write r2b "\quad Numerator fix alone, weighted & \multicolumn{4}{c}{`dnum_2'} \\ " _n
>     file write r2b "\quad Both combined, unweighted & \multicolumn{4}{c}{`dboth_1'} \\ " _n
>     file write r2b "\quad Both combined, weighted & \multicolumn{4}{c}{`dboth_2'} \\ " _n
>     file write r2b "No.\ HM municipalities & \multicolumn{4}{c}{`n_r2fase_mun'} \\ " _n
>     file write r2b "\end{tabular}"
>     file close r2b
>     if "$repo_tables" != "" copy "$tables/appendix/AT_pv_r2_benefsource.tex" "$repo_tables/appendix/AT_pv
> _r2_benefsource.tex", replace
> }
> */
. di "Table exported to: $tables/appendix/AT_pv_r2_benefsource.tex"
Table exported to: C:\Users\FELIPEME\Dropbox\Aplicaciones\Overleaf\progresa_cct\tables/appendix/AT_pv_r2_be
> nefsource.tex

. restore

. 
. *============================================================
. * APPENDIX TABLE: AT_intensity_correlations -- coauthor-requested
. * correlation table, requested as a complement to (not replacement for)
. * AT_pv_r2_benefsource's R2 decomposition, after the coauthor meeting
. * decision to use the End-of-year (not Cumulative) numerator as the main
. * specification. Two objects:
. *   Row 1: corr(Intensity_1999, Intensity_2005) WITHIN each of the 4
. *          constructions -- "R2 in terms of correlation" per the
. *          coauthor's request. This is the SIGNED companion to the
. *          unweighted R2 column of AT_pv_r2_benefsource (for a simple
. *          bivariate regression, R2 = corr^2, but R2 alone loses the
. *          sign, hence the separate `corr' calls added above rather
. *          than just taking sqrt(R2)).
. *   Rows 2-3: corr(End-of-year, Cumulative) at each snapshot year --
. *          relocated from the footer of T2_b_mortality_fixeddenom (per
. *          the coauthor's request to move it here), unchanged values
. *          (corr99/corr99_fix/corr05/corr05_fix, already computed above).
. * Panel A is unweighted; Panel B repeats all three rows weighted by the
. * population aged 65 and older, matching the main regressions' weighting
. * (corr_*_w/corr99_w/corr05_w/corr99_fix_w/corr05_fix_w, computed above
. * alongside their unweighted counterparts).
. * Column order matches T2_b_mortality_fixeddenom: (1) year-varying
. * denom/End-of-year, (2) year-varying/Cumulative, (3) fixed/End-of-year,
. * (4) fixed/Cumulative.
. * Output: $tables/appendix/AT_intensity_correlations.tex
. *------------------------------------------------------------
. /*
> cap file close ic
> file open ic using "$tables/appendix/AT_intensity_correlations.tex", write replace
> file write ic "\begin{tabular}{lcccc} \hline \hline" _n
> file write ic "& \multicolumn{2}{c}{Year-varying denom.} & \multicolumn{2}{c}{Fixed 1997 denom.\ (P\&V-st
> yle)} \\ " _n
> file write ic "& \multicolumn{1}{c}{End-of-year} & \multicolumn{1}{c}{Cumulative} & \multicolumn{1}{c}{En
> d-of-year} & \multicolumn{1}{c}{Cumulative} \\ " _n
> file write ic "& \multicolumn{1}{c}{(1)} & \multicolumn{1}{c}{(2)} & \multicolumn{1}{c}{(3)} & \multicolu
> mn{1}{c}{(4)} \\ \toprule" _n
> file write ic "\underline{\textit{Panel A: Unweighted}}  \\ " _n
> file write ic "Corr(Intensity{\textsubscript{1999}}, Intensity{\textsubscript{2005}}) & `corr_eoy_yv' & `
> corr_cum_yv' & `corr_eoy_fix' & `corr_cum_fix' \\ " _n
> file write ic "  & & & & \\ " _n
> file write ic "Corr(End-of-year, Cumulative), 1999 & \multicolumn{2}{c}{`corr99'} & \multicolumn{2}{c}{`c
> orr99_fix'} \\ " _n
> file write ic "Corr(End-of-year, Cumulative), 2005 & \multicolumn{2}{c}{`corr05'} & \multicolumn{2}{c}{`c
> orr05_fix'} \\ " _n
> file write ic "  & & & & \\ " _n
> file write ic "\underline{\textit{Panel B: Weighted (pop 65+)}}  \\ " _n
> file write ic "Corr(Intensity{\textsubscript{1999}}, Intensity{\textsubscript{2005}}) & `corr_eoy_yv_w' &
>  `corr_cum_yv_w' & `corr_eoy_fix_w' & `corr_cum_fix_w' \\ " _n
> file write ic "  & & & & \\ " _n
> file write ic "Corr(End-of-year, Cumulative), 1999 & \multicolumn{2}{c}{`corr99_w'} & \multicolumn{2}{c}{
> `corr99_fix_w'} \\ " _n
> file write ic "Corr(End-of-year, Cumulative), 2005 & \multicolumn{2}{c}{`corr05_w'} & \multicolumn{2}{c}{
> `corr05_fix_w'} \\ " _n
> file write ic "\bottomrule" _n
> file write ic "\end{tabular}"
> file close ic
> if "$repo_tables" != "" copy "$tables/appendix/AT_intensity_correlations.tex" "$repo_tables/appendix/AT_i
> ntensity_correlations.tex", replace
> */
. di "Table exported to: $tables/appendix/AT_intensity_correlations.tex"
Table exported to: C:\Users\FELIPEME\Dropbox\Aplicaciones\Overleaf\progresa_cct\tables/appendix/AT_intensit
> y_correlations.tex

. 
. 
. *============================================================
. * APPENDIX TABLE: AT_power_mde -- power/Minimum Detectable Effect (MDE)
. * summary for the Intensity_1999 x Post coefficient (beta_0 only, per
. * coauthor's request -- Intensity_2005 not needed), End-of-year numerator
. * over the year-varying household denominator only. The Cumulative
. * numerator (former column 2) is dropped per the coauthor's request --
. * the End-of-year construction is the coauthors' main specification, so
. * only its MDE is informative going forward.
. * Self-contained: reruns its own small regression per panel here rather
. * than reusing T2_b_mortality_fixeddenom's locals, since that table is
. * built in 02_mortality.do and Stata locals do not survive across a
. * save/use boundary between do-files.
. * Benchmarked against Barham & Rowberry (2013). MDE = (t_power + t_alpha)
. * x SE, using the standard 80%-power/5%-two-sided multiplier 2.80. This
. * is a "can this design detect an effect of BR's magnitude" statement,
. * NOT a formal test that rules BR's estimate out -- BR's own -6.37 comes
. * from a different sample/spec (continuously-lagged intensity, BR-
. * incorporation sample), so the comparison is a magnitude benchmark, not
. * a nested test.
. * Output: $tables/appendix/AT_power_mde.tex
. *------------------------------------------------------------
. local mde_mult = 2.80

. 
. foreach pnl in p f m {
  2.     if "`pnl'" == "p" {
  3.         local out65  emr65
  4.         local wt65   popover65_
  5.     }
  6.     else if "`pnl'" == "f" {
  7.         local out65  emr65f
  8.         local wt65   popover65_f
  9.     }
 10.     else {
 11.         local out65  emr65m
 12.         local wt65   popover65_m
 13.     }
 14. 
.     reghdfe `out65' c.inten1999#i.post c.inten2005#i.post c.sp_intensity ///
>         [aw=`wt65'] if $sample_marg, a(year cve_ent_mun_super) vce(cluster cve_ent_mun_super)
 15.     local aux : di %12.3f _b[1.post#c.inten1999]
 16.     local t = abs(_b[1.post#c.inten1999] / _se[1.post#c.inten1999])
 17.     if      `t' >= 2.576 local b99_mde_`pnl' = "`aux'***"
 18.     else if `t' >= 1.96  local b99_mde_`pnl' = "`aux'**"
 19.     else if `t' >= 1.645 local b99_mde_`pnl' = "`aux'*"
 20.     else                  local b99_mde_`pnl' = "`aux'"
 21.     local se99_mde_`pnl' : di %12.3f _se[1.post#c.inten1999]
 22.     local mde_`pnl' : di %12.2f (`mde_mult' * _se[1.post#c.inten1999])
 23. }
(MWFE estimator converged in 4 iterations)
note: 2.post#c.inten1999 omitted because of collinearity
note: 2.post#c.inten2005 omitted because of collinearity

HDFE Linear regression                            Number of obs   =     17,904
Absorbing 2 HDFE groups                           F(   3,   1118) =       2.16
Statistics robust to heteroskedasticity           Prob > F        =     0.0909
                                                  R-squared       =     0.5434
                                                  Adj R-squared   =     0.5125
                                                  Within R-sq.    =     0.0009
Number of clusters (cve_ent_mun_super) =      1,119Root MSE       =     9.1592

                      (Std. err. adjusted for 1,119 clusters in cve_ent_mun_super)
----------------------------------------------------------------------------------
                 |               Robust
           emr65 | Coefficient  std. err.      t    P>|t|     [95% conf. interval]
-----------------+----------------------------------------------------------------
post#c.inten1999 |
      1997-2006  |  -.7191749   1.464475    -0.49   0.623    -3.592604    2.154254
      1991-1996  |          0  (omitted)
                 |
post#c.inten2005 |
      1997-2006  |  -2.796444   1.802662    -1.55   0.121    -6.333426    .7405374
      1991-1996  |          0  (omitted)
                 |
    sp_intensity |  -1.301244   .9488929    -1.37   0.171    -3.163055    .5605676
           _cons |   42.01212   .7065998    59.46   0.000     40.62571    43.39853
----------------------------------------------------------------------------------

Absorbed degrees of freedom:
-----------------------------------------------------------+
       Absorbed FE | Categories  - Redundant  = Num. Coefs |
-------------------+---------------------------------------|
              year |        16           1          15     |
 cve_ent_mun_super |      1119        1119           0    *|
-----------------------------------------------------------+
* = FE nested within cluster; treated as redundant for DoF computation
(MWFE estimator converged in 4 iterations)
note: 2.post#c.inten1999 omitted because of collinearity
note: 2.post#c.inten2005 omitted because of collinearity

HDFE Linear regression                            Number of obs   =     17,904
Absorbing 2 HDFE groups                           F(   3,   1118) =       2.79
Statistics robust to heteroskedasticity           Prob > F        =     0.0395
                                                  R-squared       =     0.4368
                                                  Adj R-squared   =     0.3986
                                                  Within R-sq.    =     0.0010
Number of clusters (cve_ent_mun_super) =      1,119Root MSE       =    12.1225

                      (Std. err. adjusted for 1,119 clusters in cve_ent_mun_super)
----------------------------------------------------------------------------------
                 |               Robust
          emr65f | Coefficient  std. err.      t    P>|t|     [95% conf. interval]
-----------------+----------------------------------------------------------------
post#c.inten1999 |
      1997-2006  |   .6202626   1.824288     0.34   0.734    -2.959151    4.199676
      1991-1996  |          0  (omitted)
                 |
post#c.inten2005 |
      1997-2006  |  -5.641355   2.204738    -2.56   0.011    -9.967246   -1.315465
      1991-1996  |          0  (omitted)
                 |
    sp_intensity |  -.6229484   1.231887    -0.51   0.613    -3.040019    1.794123
           _cons |   41.14242   .8441195    48.74   0.000     39.48619    42.79866
----------------------------------------------------------------------------------

Absorbed degrees of freedom:
-----------------------------------------------------------+
       Absorbed FE | Categories  - Redundant  = Num. Coefs |
-------------------+---------------------------------------|
              year |        16           1          15     |
 cve_ent_mun_super |      1119        1119           0    *|
-----------------------------------------------------------+
* = FE nested within cluster; treated as redundant for DoF computation
(MWFE estimator converged in 4 iterations)
note: 2.post#c.inten1999 omitted because of collinearity
note: 2.post#c.inten2005 omitted because of collinearity

HDFE Linear regression                            Number of obs   =     17,904
Absorbing 2 HDFE groups                           F(   3,   1118) =       1.92
Statistics robust to heteroskedasticity           Prob > F        =     0.1244
                                                  R-squared       =     0.3934
                                                  Adj R-squared   =     0.3523
                                                  Within R-sq.    =     0.0004
Number of clusters (cve_ent_mun_super) =      1,119Root MSE       =    12.4680

                      (Std. err. adjusted for 1,119 clusters in cve_ent_mun_super)
----------------------------------------------------------------------------------
                 |               Robust
          emr65m | Coefficient  std. err.      t    P>|t|     [95% conf. interval]
-----------------+----------------------------------------------------------------
post#c.inten1999 |
      1997-2006  |  -2.206274   1.734633    -1.27   0.204    -5.609776    1.197228
      1991-1996  |          0  (omitted)
                 |
post#c.inten2005 |
      1997-2006  |    .201069   1.994191     0.10   0.920    -3.711709    4.113847
      1991-1996  |          0  (omitted)
                 |
    sp_intensity |  -1.937563   1.131321    -1.71   0.087    -4.157315    .2821885
           _cons |   42.88614    .764194    56.12   0.000     41.38672    44.38555
----------------------------------------------------------------------------------

Absorbed degrees of freedom:
-----------------------------------------------------------+
       Absorbed FE | Categories  - Redundant  = Num. Coefs |
-------------------+---------------------------------------|
              year |        16           1          15     |
 cve_ent_mun_super |      1119        1119           0    *|
-----------------------------------------------------------+
* = FE nested within cluster; treated as redundant for DoF computation

. 
. /*
> cap file close mde
> file open mde using "$tables/appendix/AT_power_mde.tex", write replace
> file write mde "\begin{tabular}{lc} \hline \hline" _n
> file write mde "& \multicolumn{1}{c}{End-of-year} \\ " _n
> file write mde "& \multicolumn{1}{c}{(1)} \\ \toprule" _n
> 
> foreach pnl in p f m {
>     if "`pnl'" == "p"      local plabel "Panel A: Pooled"
>     else if "`pnl'" == "f" local plabel "Panel B: Females"
>     else                    local plabel "Panel C: Males"
> 
>     file write mde "\underline{\textit{`plabel'}} \\ " _n
>     file write mde "\textit{Intensity 1999 x post (\$\beta_0\$)} & `b99_mde_`pnl'' \\ " _n
>     file write mde " & (`se99_mde_`pnl'') \\ " _n
>     file write mde "\textit{MDE (80\% power, two-sided 5\%)} & `mde_`pnl'' \\ " _n
>     file write mde "  & \\ " _n
> }
> 
> file write mde "\bottomrule" _n
> file write mde "\end{tabular}"
> file close mde
> if "$repo_tables" != "" copy "$tables/appendix/AT_power_mde.tex" "$repo_tables/appendix/AT_power_mde.tex"
> , replace
> */
. di "Table exported to: $tables/appendix/AT_power_mde.tex"
Table exported to: C:\Users\FELIPEME\Dropbox\Aplicaciones\Overleaf\progresa_cct\tables/appendix/AT_power_md
> e.tex

. 
. *============================================================
. * T3 (t:did_age_fixeddenom, T2_b_mortality_fixeddenom.tex) moved here
. * per the coauthor's request. Its non-monotonicity flag
. * (nonmonotone_mix, needed for column 5) is a dataset variable
. * already carried in the checkpointed working panel this file loads.
. *============================================================
. *============================================================
. * MERGED ROBUSTNESS TABLE: T2_b_mortality_fixeddenom
. * Merges the former T2_b_mortality_fixeddenom (year-varying vs.\ fixed
. * P&V denominator, mixed numerator only, all 3 panels) with the former
. * appendix table AT_intensity_construction_comparison (mixed vs.\
. * FASE-cumulative numerator, year-varying denom only, pooled panel only)
. * into ONE table crossing BOTH choices for all three panels, so the
. * denominator fix, the numerator/beneficiary-source fix, and both
. * combined can each be judged against the current-default baseline
. * (column 1) to see which one dominates the main DiD estimate:
. *   Col 1: Mixed numerator,  year-varying denom (current default)
. *   Col 2: FASE numerator,   year-varying denom (numerator fix alone)
. *   Col 3: Mixed numerator,  fixed 1997 P&V denom (denominator fix alone,
. *          the coauthor-preferred main specification)
. *   Col 4: FASE numerator,   fixed 1997 P&V denom (both combined)
. *   Col 5: Same as Col 3, but dropping the `nonmonotone_mix' municipalities
. *          (Intensity_2005 < Intensity_1999 under this construction; see
. *          AT_crosswalk_supermun_diagnostic), since the End-of-year
. *          numerator is not guaranteed monotonic -- this checks whether
. *          those municipalities are driving the column 3 estimate.
. * Output: $tables/T2_b_mortality_fixeddenom.tex
. *============================================================
. foreach pnl in p f m {
  2.     if "`pnl'" == "p" {
  3.         local out65  emr65
  4.         local wt65   popover65_
  5.     }
  6.     else if "`pnl'" == "f" {
  7.         local out65  emr65f
  8.         local wt65   popover65_f
  9.     }
 10.     else {
 11.         local out65  emr65m
 12.         local wt65   popover65_m
 13.     }
 14. 
.     forval c = 1/5 {
 15.         local extracond ""
 16.         if `c' == 1 {
 17.             local inten99v inten1999
 18.             local inten05v inten2005
 19.         }
 20.         else if `c' == 2 {
 21.             local inten99v inten1999_fase
 22.             local inten05v inten2005_fase
 23.         }
 24.         else if `c' == 3 {
 25.             local inten99v inten1999_fix
 26.             local inten05v inten2005_fix
 27.         }
 28.         else if `c' == 4 {
 29.             local inten99v inten1999_fase_fix
 30.             local inten05v inten2005_fase_fix
 31.         }
 32.         else {
 33.             local inten99v inten1999_fix
 34.             local inten05v inten2005_fix
 35.             local extracond "& !nonmonotone_mix"
 36.         }
 37. 
.         local b99_fd_`pnl'_`c'  ""
 38.         local se99_fd_`pnl'_`c' ""
 39.         local b05_fd_`pnl'_`c'  ""
 40.         local se05_fd_`pnl'_`c' ""
 41.         local N_fd_`pnl'_`c'    ""
 42. 
.         cap noisily reghdfe `out65' c.`inten99v'#i.post c.`inten05v'#i.post c.sp_intensity ///
>             [aw=`wt65'] if $sample_marg `extracond', a(year cve_ent_mun_super) vce(cluster cve_ent_mun_su
> per)
 43.         if _rc == 0 & e(N) > 0 {
 44.             local aux : di %12.3f _b[1.post#c.`inten99v']
 45.             * Save the un-starred numeric coefficient under its own name --
.             * `aux' gets reused below for the Intensity_2005 coefficient, so
.             * a persistent copy is needed for the power/MDE table, which
.             * needs the raw number (not the significance-star-annotated
.             * display string in b99_fd_`pnl'_`c').
.             local b99num_fd_`pnl'_`c' "`aux'"
 46.             local t = abs(_b[1.post#c.`inten99v'] / _se[1.post#c.`inten99v'])
 47.             if      `t' >= 2.576 local b99_fd_`pnl'_`c' = "`aux'***"
 48.             else if `t' >= 1.96  local b99_fd_`pnl'_`c' = "`aux'**"
 49.             else if `t' >= 1.645 local b99_fd_`pnl'_`c' = "`aux'*"
 50.             else                  local b99_fd_`pnl'_`c' = "`aux'"
 51.             local se99_fd_`pnl'_`c' : di %12.3f _se[1.post#c.`inten99v']
 52. 
.             local aux : di %12.3f _b[1.post#c.`inten05v']
 53.             local t = abs(_b[1.post#c.`inten05v'] / _se[1.post#c.`inten05v'])
 54.             if      `t' >= 2.576 local b05_fd_`pnl'_`c' = "`aux'***"
 55.             else if `t' >= 1.96  local b05_fd_`pnl'_`c' = "`aux'**"
 56.             else if `t' >= 1.645 local b05_fd_`pnl'_`c' = "`aux'*"
 57.             else                  local b05_fd_`pnl'_`c' = "`aux'"
 58.             local se05_fd_`pnl'_`c' : di %12.3f _se[1.post#c.`inten05v']
 59.             local N_fd_`pnl'_`c' : di %12.0fc e(N)
 60.         }
 61.         else {
 62.             di as error "Panel `pnl', construction `c': reghdfe failed or empty sample (rc=`_rc'), lea
> ving cells blank"
 63.         }
 64.     }
 65. }
(MWFE estimator converged in 4 iterations)
note: 2.post#c.inten1999 omitted because of collinearity
note: 2.post#c.inten2005 omitted because of collinearity

HDFE Linear regression                            Number of obs   =     17,904
Absorbing 2 HDFE groups                           F(   3,   1118) =       2.16
Statistics robust to heteroskedasticity           Prob > F        =     0.0909
                                                  R-squared       =     0.5434
                                                  Adj R-squared   =     0.5125
                                                  Within R-sq.    =     0.0009
Number of clusters (cve_ent_mun_super) =      1,119Root MSE       =     9.1592

                      (Std. err. adjusted for 1,119 clusters in cve_ent_mun_super)
----------------------------------------------------------------------------------
                 |               Robust
           emr65 | Coefficient  std. err.      t    P>|t|     [95% conf. interval]
-----------------+----------------------------------------------------------------
post#c.inten1999 |
      1997-2006  |  -.7191749   1.464475    -0.49   0.623    -3.592604    2.154254
      1991-1996  |          0  (omitted)
                 |
post#c.inten2005 |
      1997-2006  |  -2.796444   1.802662    -1.55   0.121    -6.333426    .7405374
      1991-1996  |          0  (omitted)
                 |
    sp_intensity |  -1.301244   .9488929    -1.37   0.171    -3.163055    .5605676
           _cons |   42.01212   .7065998    59.46   0.000     40.62571    43.39853
----------------------------------------------------------------------------------

Absorbed degrees of freedom:
-----------------------------------------------------------+
       Absorbed FE | Categories  - Redundant  = Num. Coefs |
-------------------+---------------------------------------|
              year |        16           1          15     |
 cve_ent_mun_super |      1119        1119           0    *|
-----------------------------------------------------------+
* = FE nested within cluster; treated as redundant for DoF computation
(MWFE estimator converged in 4 iterations)
note: 2.post#c.inten1999_fase omitted because of collinearity
note: 2.post#c.inten2005_fase omitted because of collinearity

HDFE Linear regression                            Number of obs   =     17,904
Absorbing 2 HDFE groups                           F(   3,   1118) =       4.33
Statistics robust to heteroskedasticity           Prob > F        =     0.0048
                                                  R-squared       =     0.5439
                                                  Adj R-squared   =     0.5130
                                                  Within R-sq.    =     0.0019
Number of clusters (cve_ent_mun_super) =      1,119Root MSE       =     9.1546

                           (Std. err. adjusted for 1,119 clusters in cve_ent_mun_super)
---------------------------------------------------------------------------------------
                      |               Robust
                emr65 | Coefficient  std. err.      t    P>|t|     [95% conf. interval]
----------------------+----------------------------------------------------------------
post#c.inten1999_fase |
           1997-2006  |   3.415028   3.235172     1.06   0.291    -2.932665    9.762721
           1991-1996  |          0  (omitted)
                      |
post#c.inten2005_fase |
           1997-2006  |  -7.062647    2.56457    -2.75   0.006    -12.09456   -2.030734
           1991-1996  |          0  (omitted)
                      |
         sp_intensity |  -1.282955   .9448678    -1.36   0.175    -3.136869    .5709591
                _cons |   42.27825   .5357796    78.91   0.000     41.22701     43.3295
---------------------------------------------------------------------------------------

Absorbed degrees of freedom:
-----------------------------------------------------------+
       Absorbed FE | Categories  - Redundant  = Num. Coefs |
-------------------+---------------------------------------|
              year |        16           1          15     |
 cve_ent_mun_super |      1119        1119           0    *|
-----------------------------------------------------------+
* = FE nested within cluster; treated as redundant for DoF computation
(MWFE estimator converged in 4 iterations)
note: 2.post#c.inten1999_fix omitted because of collinearity
note: 2.post#c.inten2005_fix omitted because of collinearity

HDFE Linear regression                            Number of obs   =     17,904
Absorbing 2 HDFE groups                           F(   3,   1118) =       2.70
Statistics robust to heteroskedasticity           Prob > F        =     0.0447
                                                  R-squared       =     0.5436
                                                  Adj R-squared   =     0.5127
                                                  Within R-sq.    =     0.0013
Number of clusters (cve_ent_mun_super) =      1,119Root MSE       =     9.1575

                          (Std. err. adjusted for 1,119 clusters in cve_ent_mun_super)
--------------------------------------------------------------------------------------
                     |               Robust
               emr65 | Coefficient  std. err.      t    P>|t|     [95% conf. interval]
---------------------+----------------------------------------------------------------
post#c.inten1999_fix |
          1997-2006  |   .0952925   1.429774     0.07   0.947     -2.71005    2.900635
          1991-1996  |          0  (omitted)
                     |
post#c.inten2005_fix |
          1997-2006  |  -3.988601   1.851458    -2.15   0.031    -7.621325   -.3558782
          1991-1996  |          0  (omitted)
                     |
        sp_intensity |  -1.221214   .9443421    -1.29   0.196    -3.074096    .6316688
               _cons |   42.52905   .7966754    53.38   0.000      40.9659     44.0922
--------------------------------------------------------------------------------------

Absorbed degrees of freedom:
-----------------------------------------------------------+
       Absorbed FE | Categories  - Redundant  = Num. Coefs |
-------------------+---------------------------------------|
              year |        16           1          15     |
 cve_ent_mun_super |      1119        1119           0    *|
-----------------------------------------------------------+
* = FE nested within cluster; treated as redundant for DoF computation
(MWFE estimator converged in 4 iterations)
note: 2.post#c.inten1999_fase_fix omitted because of collinearity
note: 2.post#c.inten2005_fase_fix omitted because of collinearity

HDFE Linear regression                            Number of obs   =     17,904
Absorbing 2 HDFE groups                           F(   3,   1118) =       4.50
Statistics robust to heteroskedasticity           Prob > F        =     0.0038
                                                  R-squared       =     0.5441
                                                  Adj R-squared   =     0.5132
                                                  Within R-sq.    =     0.0024
Number of clusters (cve_ent_mun_super) =      1,119Root MSE       =     9.1525

                               (Std. err. adjusted for 1,119 clusters in cve_ent_mun_super)
-------------------------------------------------------------------------------------------
                          |               Robust
                    emr65 | Coefficient  std. err.      t    P>|t|     [95% conf. interval]
--------------------------+----------------------------------------------------------------
post#c.inten1999_fase_fix |
               1997-2006  |   5.418508   3.267919     1.66   0.098    -.9934374    11.83045
               1991-1996  |          0  (omitted)
                          |
post#c.inten2005_fase_fix |
               1997-2006  |  -7.920898    2.58591    -3.06   0.002    -12.99468   -2.847115
               1991-1996  |          0  (omitted)
                          |
             sp_intensity |  -1.165005   .9384797    -1.24   0.215    -3.006385    .6763749
                    _cons |   42.48074   .5861959    72.47   0.000     41.33058    43.63091
-------------------------------------------------------------------------------------------

Absorbed degrees of freedom:
-----------------------------------------------------------+
       Absorbed FE | Categories  - Redundant  = Num. Coefs |
-------------------+---------------------------------------|
              year |        16           1          15     |
 cve_ent_mun_super |      1119        1119           0    *|
-----------------------------------------------------------+
* = FE nested within cluster; treated as redundant for DoF computation
(MWFE estimator converged in 4 iterations)
note: 2.post#c.inten1999_fix omitted because of collinearity
note: 2.post#c.inten2005_fix omitted because of collinearity

HDFE Linear regression                            Number of obs   =     17,504
Absorbing 2 HDFE groups                           F(   3,   1093) =       2.84
Statistics robust to heteroskedasticity           Prob > F        =     0.0370
                                                  R-squared       =     0.5454
                                                  Adj R-squared   =     0.5146
                                                  Within R-sq.    =     0.0014
Number of clusters (cve_ent_mun_super) =      1,094Root MSE       =     9.1091

                          (Std. err. adjusted for 1,094 clusters in cve_ent_mun_super)
--------------------------------------------------------------------------------------
                     |               Robust
               emr65 | Coefficient  std. err.      t    P>|t|     [95% conf. interval]
---------------------+----------------------------------------------------------------
post#c.inten1999_fix |
          1997-2006  |   .1697756   1.438203     0.12   0.906    -2.652174    2.991726
          1991-1996  |          0  (omitted)
                     |
post#c.inten2005_fix |
          1997-2006  |  -4.214806    1.88855    -2.23   0.026      -7.9204    -.509212
          1991-1996  |          0  (omitted)
                     |
        sp_intensity |  -1.235728   .9492436    -1.30   0.193    -3.098274    .6268176
               _cons |     42.626   .8107277    52.58   0.000     41.03524    44.21676
--------------------------------------------------------------------------------------

Absorbed degrees of freedom:
-----------------------------------------------------------+
       Absorbed FE | Categories  - Redundant  = Num. Coefs |
-------------------+---------------------------------------|
              year |        16           1          15     |
 cve_ent_mun_super |      1094        1094           0    *|
-----------------------------------------------------------+
* = FE nested within cluster; treated as redundant for DoF computation
(MWFE estimator converged in 4 iterations)
note: 2.post#c.inten1999 omitted because of collinearity
note: 2.post#c.inten2005 omitted because of collinearity

HDFE Linear regression                            Number of obs   =     17,904
Absorbing 2 HDFE groups                           F(   3,   1118) =       2.79
Statistics robust to heteroskedasticity           Prob > F        =     0.0395
                                                  R-squared       =     0.4368
                                                  Adj R-squared   =     0.3986
                                                  Within R-sq.    =     0.0010
Number of clusters (cve_ent_mun_super) =      1,119Root MSE       =    12.1225

                      (Std. err. adjusted for 1,119 clusters in cve_ent_mun_super)
----------------------------------------------------------------------------------
                 |               Robust
          emr65f | Coefficient  std. err.      t    P>|t|     [95% conf. interval]
-----------------+----------------------------------------------------------------
post#c.inten1999 |
      1997-2006  |   .6202626   1.824288     0.34   0.734    -2.959151    4.199676
      1991-1996  |          0  (omitted)
                 |
post#c.inten2005 |
      1997-2006  |  -5.641355   2.204738    -2.56   0.011    -9.967246   -1.315465
      1991-1996  |          0  (omitted)
                 |
    sp_intensity |  -.6229484   1.231887    -0.51   0.613    -3.040019    1.794123
           _cons |   41.14242   .8441195    48.74   0.000     39.48619    42.79866
----------------------------------------------------------------------------------

Absorbed degrees of freedom:
-----------------------------------------------------------+
       Absorbed FE | Categories  - Redundant  = Num. Coefs |
-------------------+---------------------------------------|
              year |        16           1          15     |
 cve_ent_mun_super |      1119        1119           0    *|
-----------------------------------------------------------+
* = FE nested within cluster; treated as redundant for DoF computation
(MWFE estimator converged in 4 iterations)
note: 2.post#c.inten1999_fase omitted because of collinearity
note: 2.post#c.inten2005_fase omitted because of collinearity

HDFE Linear regression                            Number of obs   =     17,904
Absorbing 2 HDFE groups                           F(   3,   1118) =       5.75
Statistics robust to heteroskedasticity           Prob > F        =     0.0007
                                                  R-squared       =     0.4374
                                                  Adj R-squared   =     0.3993
                                                  Within R-sq.    =     0.0021
Number of clusters (cve_ent_mun_super) =      1,119Root MSE       =    12.1158

                           (Std. err. adjusted for 1,119 clusters in cve_ent_mun_super)
---------------------------------------------------------------------------------------
                      |               Robust
               emr65f | Coefficient  std. err.      t    P>|t|     [95% conf. interval]
----------------------+----------------------------------------------------------------
post#c.inten1999_fase |
           1997-2006  |   3.103573    3.91891     0.79   0.429    -4.585673    10.79282
           1991-1996  |          0  (omitted)
                      |
post#c.inten2005_fase |
           1997-2006  |  -9.245515   3.118651    -2.96   0.003    -15.36458   -3.126447
           1991-1996  |          0  (omitted)
                      |
         sp_intensity |  -.5562455   1.228973    -0.45   0.651    -2.967599    1.855108
                _cons |   41.34452   .6345277    65.16   0.000     40.09952    42.58952
---------------------------------------------------------------------------------------

Absorbed degrees of freedom:
-----------------------------------------------------------+
       Absorbed FE | Categories  - Redundant  = Num. Coefs |
-------------------+---------------------------------------|
              year |        16           1          15     |
 cve_ent_mun_super |      1119        1119           0    *|
-----------------------------------------------------------+
* = FE nested within cluster; treated as redundant for DoF computation
(MWFE estimator converged in 4 iterations)
note: 2.post#c.inten1999_fix omitted because of collinearity
note: 2.post#c.inten2005_fix omitted because of collinearity

HDFE Linear regression                            Number of obs   =     17,904
Absorbing 2 HDFE groups                           F(   3,   1118) =       3.41
Statistics robust to heteroskedasticity           Prob > F        =     0.0170
                                                  R-squared       =     0.4370
                                                  Adj R-squared   =     0.3989
                                                  Within R-sq.    =     0.0014
Number of clusters (cve_ent_mun_super) =      1,119Root MSE       =    12.1202

                          (Std. err. adjusted for 1,119 clusters in cve_ent_mun_super)
--------------------------------------------------------------------------------------
                     |               Robust
              emr65f | Coefficient  std. err.      t    P>|t|     [95% conf. interval]
---------------------+----------------------------------------------------------------
post#c.inten1999_fix |
          1997-2006  |   1.544989   1.791877     0.86   0.389    -1.970832     5.06081
          1991-1996  |          0  (omitted)
                     |
post#c.inten2005_fix |
          1997-2006  |   -6.79102    2.27311    -2.99   0.003    -11.25106   -2.330977
          1991-1996  |          0  (omitted)
                     |
        sp_intensity |  -.4833616   1.224921    -0.39   0.693    -2.886764    1.920041
               _cons |    41.7459   .9569549    43.62   0.000     39.86827    43.62353
--------------------------------------------------------------------------------------

Absorbed degrees of freedom:
-----------------------------------------------------------+
       Absorbed FE | Categories  - Redundant  = Num. Coefs |
-------------------+---------------------------------------|
              year |        16           1          15     |
 cve_ent_mun_super |      1119        1119           0    *|
-----------------------------------------------------------+
* = FE nested within cluster; treated as redundant for DoF computation
(MWFE estimator converged in 4 iterations)
note: 2.post#c.inten1999_fase_fix omitted because of collinearity
note: 2.post#c.inten2005_fase_fix omitted because of collinearity

HDFE Linear regression                            Number of obs   =     17,904
Absorbing 2 HDFE groups                           F(   3,   1118) =       5.46
Statistics robust to heteroskedasticity           Prob > F        =     0.0010
                                                  R-squared       =     0.4376
                                                  Adj R-squared   =     0.3995
                                                  Within R-sq.    =     0.0024
Number of clusters (cve_ent_mun_super) =      1,119Root MSE       =    12.1143

                               (Std. err. adjusted for 1,119 clusters in cve_ent_mun_super)
-------------------------------------------------------------------------------------------
                          |               Robust
                   emr65f | Coefficient  std. err.      t    P>|t|     [95% conf. interval]
--------------------------+----------------------------------------------------------------
post#c.inten1999_fase_fix |
               1997-2006  |   5.062754     3.9666     1.28   0.202    -2.720064    12.84557
               1991-1996  |          0  (omitted)
                          |
post#c.inten2005_fase_fix |
               1997-2006  |  -9.746138   3.128995    -3.11   0.002     -15.8855   -3.606775
               1991-1996  |          0  (omitted)
                          |
             sp_intensity |  -.4034321   1.221288    -0.33   0.741    -2.799706    1.992842
                    _cons |   41.51738   .6930229    59.91   0.000     40.15761    42.87715
-------------------------------------------------------------------------------------------

Absorbed degrees of freedom:
-----------------------------------------------------------+
       Absorbed FE | Categories  - Redundant  = Num. Coefs |
-------------------+---------------------------------------|
              year |        16           1          15     |
 cve_ent_mun_super |      1119        1119           0    *|
-----------------------------------------------------------+
* = FE nested within cluster; treated as redundant for DoF computation
(MWFE estimator converged in 4 iterations)
note: 2.post#c.inten1999_fix omitted because of collinearity
note: 2.post#c.inten2005_fix omitted because of collinearity

HDFE Linear regression                            Number of obs   =     17,504
Absorbing 2 HDFE groups                           F(   3,   1093) =       3.86
Statistics robust to heteroskedasticity           Prob > F        =     0.0092
                                                  R-squared       =     0.4388
                                                  Adj R-squared   =     0.4008
                                                  Within R-sq.    =     0.0016
Number of clusters (cve_ent_mun_super) =      1,094Root MSE       =    12.0383

                          (Std. err. adjusted for 1,094 clusters in cve_ent_mun_super)
--------------------------------------------------------------------------------------
                     |               Robust
              emr65f | Coefficient  std. err.      t    P>|t|     [95% conf. interval]
---------------------+----------------------------------------------------------------
post#c.inten1999_fix |
          1997-2006  |   1.858753    1.78948     1.04   0.299    -1.652452    5.369958
          1991-1996  |          0  (omitted)
                     |
post#c.inten2005_fix |
          1997-2006  |   -7.37926   2.291964    -3.22   0.001    -11.87641   -2.882114
          1991-1996  |          0  (omitted)
                     |
        sp_intensity |   -.455068   1.231867    -0.37   0.712     -2.87216    1.962024
               _cons |   41.94238   .9673599    43.36   0.000     40.04429    43.84047
--------------------------------------------------------------------------------------

Absorbed degrees of freedom:
-----------------------------------------------------------+
       Absorbed FE | Categories  - Redundant  = Num. Coefs |
-------------------+---------------------------------------|
              year |        16           1          15     |
 cve_ent_mun_super |      1094        1094           0    *|
-----------------------------------------------------------+
* = FE nested within cluster; treated as redundant for DoF computation
(MWFE estimator converged in 4 iterations)
note: 2.post#c.inten1999 omitted because of collinearity
note: 2.post#c.inten2005 omitted because of collinearity

HDFE Linear regression                            Number of obs   =     17,904
Absorbing 2 HDFE groups                           F(   3,   1118) =       1.92
Statistics robust to heteroskedasticity           Prob > F        =     0.1244
                                                  R-squared       =     0.3934
                                                  Adj R-squared   =     0.3523
                                                  Within R-sq.    =     0.0004
Number of clusters (cve_ent_mun_super) =      1,119Root MSE       =    12.4680

                      (Std. err. adjusted for 1,119 clusters in cve_ent_mun_super)
----------------------------------------------------------------------------------
                 |               Robust
          emr65m | Coefficient  std. err.      t    P>|t|     [95% conf. interval]
-----------------+----------------------------------------------------------------
post#c.inten1999 |
      1997-2006  |  -2.206274   1.734633    -1.27   0.204    -5.609776    1.197228
      1991-1996  |          0  (omitted)
                 |
post#c.inten2005 |
      1997-2006  |    .201069   1.994191     0.10   0.920    -3.711709    4.113847
      1991-1996  |          0  (omitted)
                 |
    sp_intensity |  -1.937563   1.131321    -1.71   0.087    -4.157315    .2821885
           _cons |   42.88614    .764194    56.12   0.000     41.38672    44.38555
----------------------------------------------------------------------------------

Absorbed degrees of freedom:
-----------------------------------------------------------+
       Absorbed FE | Categories  - Redundant  = Num. Coefs |
-------------------+---------------------------------------|
              year |        16           1          15     |
 cve_ent_mun_super |      1119        1119           0    *|
-----------------------------------------------------------+
* = FE nested within cluster; treated as redundant for DoF computation
(MWFE estimator converged in 4 iterations)
note: 2.post#c.inten1999_fase omitted because of collinearity
note: 2.post#c.inten2005_fase omitted because of collinearity

HDFE Linear regression                            Number of obs   =     17,904
Absorbing 2 HDFE groups                           F(   3,   1118) =       2.11
Statistics robust to heteroskedasticity           Prob > F        =     0.0973
                                                  R-squared       =     0.3935
                                                  Adj R-squared   =     0.3524
                                                  Within R-sq.    =     0.0005
Number of clusters (cve_ent_mun_super) =      1,119Root MSE       =    12.4674

                           (Std. err. adjusted for 1,119 clusters in cve_ent_mun_super)
---------------------------------------------------------------------------------------
                      |               Robust
               emr65m | Coefficient  std. err.      t    P>|t|     [95% conf. interval]
----------------------+----------------------------------------------------------------
post#c.inten1999_fase |
           1997-2006  |   3.440862   3.670303     0.94   0.349    -3.760596    10.64232
           1991-1996  |          0  (omitted)
                      |
post#c.inten2005_fase |
           1997-2006  |  -4.686437   2.890239    -1.62   0.105    -10.35734    .9844656
           1991-1996  |          0  (omitted)
                      |
         sp_intensity |  -1.969801   1.126624    -1.75   0.081    -4.180337    .2407347
                _cons |   43.23191   .5812352    74.38   0.000     42.09148    44.37234
---------------------------------------------------------------------------------------

Absorbed degrees of freedom:
-----------------------------------------------------------+
       Absorbed FE | Categories  - Redundant  = Num. Coefs |
-------------------+---------------------------------------|
              year |        16           1          15     |
 cve_ent_mun_super |      1119        1119           0    *|
-----------------------------------------------------------+
* = FE nested within cluster; treated as redundant for DoF computation
(MWFE estimator converged in 4 iterations)
note: 2.post#c.inten1999_fix omitted because of collinearity
note: 2.post#c.inten2005_fix omitted because of collinearity

HDFE Linear regression                            Number of obs   =     17,904
Absorbing 2 HDFE groups                           F(   3,   1118) =       1.97
Statistics robust to heteroskedasticity           Prob > F        =     0.1167
                                                  R-squared       =     0.3934
                                                  Adj R-squared   =     0.3523
                                                  Within R-sq.    =     0.0004
Number of clusters (cve_ent_mun_super) =      1,119Root MSE       =    12.4678

                          (Std. err. adjusted for 1,119 clusters in cve_ent_mun_super)
--------------------------------------------------------------------------------------
                     |               Robust
              emr65m | Coefficient  std. err.      t    P>|t|     [95% conf. interval]
---------------------+----------------------------------------------------------------
post#c.inten1999_fix |
          1997-2006  |   -1.47682   1.673189    -0.88   0.378    -4.759764    1.806124
          1991-1996  |          0  (omitted)
                     |
post#c.inten2005_fix |
          1997-2006  |  -1.065211   1.958663    -0.54   0.587     -4.90828    2.777858
          1991-1996  |          0  (omitted)
                     |
        sp_intensity |  -1.914876    1.13171    -1.69   0.091    -4.135391    .3056393
               _cons |   43.31863   .8365511    51.78   0.000     41.67724    44.96002
--------------------------------------------------------------------------------------

Absorbed degrees of freedom:
-----------------------------------------------------------+
       Absorbed FE | Categories  - Redundant  = Num. Coefs |
-------------------+---------------------------------------|
              year |        16           1          15     |
 cve_ent_mun_super |      1119        1119           0    *|
-----------------------------------------------------------+
* = FE nested within cluster; treated as redundant for DoF computation
(MWFE estimator converged in 4 iterations)
note: 2.post#c.inten1999_fase_fix omitted because of collinearity
note: 2.post#c.inten2005_fase_fix omitted because of collinearity

HDFE Linear regression                            Number of obs   =     17,904
Absorbing 2 HDFE groups                           F(   3,   1118) =       2.71
Statistics robust to heteroskedasticity           Prob > F        =     0.0437
                                                  R-squared       =     0.3936
                                                  Adj R-squared   =     0.3525
                                                  Within R-sq.    =     0.0007
Number of clusters (cve_ent_mun_super) =      1,119Root MSE       =    12.4660

                               (Std. err. adjusted for 1,119 clusters in cve_ent_mun_super)
-------------------------------------------------------------------------------------------
                          |               Robust
                   emr65m | Coefficient  std. err.      t    P>|t|     [95% conf. interval]
--------------------------+----------------------------------------------------------------
post#c.inten1999_fase_fix |
               1997-2006  |   5.549055   3.669949     1.51   0.131    -1.651708    12.74982
               1991-1996  |          0  (omitted)
                          |
post#c.inten2005_fase_fix |
               1997-2006  |  -5.985605    2.75739    -2.17   0.030    -11.39585   -.5753634
               1991-1996  |          0  (omitted)
                          |
             sp_intensity |  -1.884353   1.124941    -1.68   0.094    -4.091587    .3228809
                    _cons |    43.4766   .6077341    71.54   0.000     42.28417    44.66903
-------------------------------------------------------------------------------------------

Absorbed degrees of freedom:
-----------------------------------------------------------+
       Absorbed FE | Categories  - Redundant  = Num. Coefs |
-------------------+---------------------------------------|
              year |        16           1          15     |
 cve_ent_mun_super |      1119        1119           0    *|
-----------------------------------------------------------+
* = FE nested within cluster; treated as redundant for DoF computation
(MWFE estimator converged in 4 iterations)
note: 2.post#c.inten1999_fix omitted because of collinearity
note: 2.post#c.inten2005_fix omitted because of collinearity

HDFE Linear regression                            Number of obs   =     17,504
Absorbing 2 HDFE groups                           F(   3,   1093) =       2.09
Statistics robust to heteroskedasticity           Prob > F        =     0.1004
                                                  R-squared       =     0.3953
                                                  Adj R-squared   =     0.3544
                                                  Within R-sq.    =     0.0005
Number of clusters (cve_ent_mun_super) =      1,094Root MSE       =    12.4110

                          (Std. err. adjusted for 1,094 clusters in cve_ent_mun_super)
--------------------------------------------------------------------------------------
                     |               Robust
              emr65m | Coefficient  std. err.      t    P>|t|     [95% conf. interval]
---------------------+----------------------------------------------------------------
post#c.inten1999_fix |
          1997-2006  |   -1.62639    1.71616    -0.95   0.343     -4.99373     1.74095
          1991-1996  |          0  (omitted)
                     |
post#c.inten2005_fix |
          1997-2006  |  -.9543822   2.025499    -0.47   0.638    -4.928689    3.019924
          1991-1996  |          0  (omitted)
                     |
        sp_intensity |  -1.979315   1.137116    -1.74   0.082    -4.210493    .2518626
               _cons |   43.32597   .8536031    50.76   0.000     41.65108    45.00086
--------------------------------------------------------------------------------------

Absorbed degrees of freedom:
-----------------------------------------------------------+
       Absorbed FE | Categories  - Redundant  = Num. Coefs |
-------------------+---------------------------------------|
              year |        16           1          15     |
 cve_ent_mun_super |      1094        1094           0    *|
-----------------------------------------------------------+
* = FE nested within cluster; treated as redundant for DoF computation

. 
. /*
> {
>     cap file close fd
>     file open fd using "$tables/T2_b_mortality_fixeddenom.tex", write replace
>     file write fd "\begin{tabular}{lccccc} \hline \hline" _n
>     file write fd "& \multicolumn{2}{c}{Year-varying denom.} & \multicolumn{2}{c}{Fixed 1997 denom.\ (P\&
> V-style)} & \\ " _n
>     file write fd "& \multicolumn{1}{c}{End-of-year} & \multicolumn{1}{c}{Cumulative} & \multicolumn{1}{c
> }{End-of-year} & \multicolumn{1}{c}{Cumulative} & \multicolumn{1}{c}{End-of-year} \\ " _n
>     file write fd "& & & & & \multicolumn{1}{c}{Excl.\ non-monotone} \\ " _n
>     file write fd "& \multicolumn{1}{c}{(1)} & \multicolumn{1}{c}{(2)} & \multicolumn{1}{c}{(3)} & \multi
> column{1}{c}{(4)} & \multicolumn{1}{c}{(5)} \\ \toprule" _n
>     file write fd "\underline{\textit{Panel A: Pooled}} \\ " _n
>     file write fd "\textit{Intensity 1999 x post} & `b99_fd_p_1' & `b99_fd_p_2' & `b99_fd_p_3' & `b99_fd_
> p_4' & `b99_fd_p_5' \\ " _n
>     file write fd " & (`se99_fd_p_1') & (`se99_fd_p_2') & (`se99_fd_p_3') & (`se99_fd_p_4') & (`se99_fd_p
> _5') \\ " _n
>     file write fd "  & & & & & \\ " _n
>     file write fd "Obs & `N_fd_p_1' & `N_fd_p_2' & `N_fd_p_3' & `N_fd_p_4' & `N_fd_p_5' \\ " _n
>     file write fd "  & & & & & \\ " _n
>     file write fd "\underline{\textit{Panel B: Females}} \\ " _n
>     file write fd "\textit{Intensity 1999 x post} & `b99_fd_f_1' & `b99_fd_f_2' & `b99_fd_f_3' & `b99_fd_
> f_4' & `b99_fd_f_5' \\ " _n
>     file write fd " & (`se99_fd_f_1') & (`se99_fd_f_2') & (`se99_fd_f_3') & (`se99_fd_f_4') & (`se99_fd_f
> _5') \\ " _n
>     file write fd "  & & & & & \\ " _n
>     file write fd "Obs & `N_fd_f_1' & `N_fd_f_2' & `N_fd_f_3' & `N_fd_f_4' & `N_fd_f_5' \\ " _n
>     file write fd "  & & & & & \\ " _n
>     file write fd "\underline{\textit{Panel C: Males}} \\ " _n
>     file write fd "\textit{Intensity 1999 x post} & `b99_fd_m_1' & `b99_fd_m_2' & `b99_fd_m_3' & `b99_fd_
> m_4' & `b99_fd_m_5' \\ " _n
>     file write fd " & (`se99_fd_m_1') & (`se99_fd_m_2') & (`se99_fd_m_3') & (`se99_fd_m_4') & (`se99_fd_m
> _5') \\ " _n
>     file write fd "  & & & & & \\ " _n
>     file write fd "Obs & `N_fd_m_1' & `N_fd_m_2' & `N_fd_m_3' & `N_fd_m_4' & `N_fd_m_5' \\ " _n
>     file write fd "\bottomrule" _n
>     file write fd "\end{tabular}"
>     file close fd
>     if "$repo_tables" != "" copy "$tables/T2_b_mortality_fixeddenom.tex" "$repo_tables/T2_b_mortality_fix
> eddenom.tex", replace
> }
> */
. di "Table (commented out) would have been exported to: $tables/T2_b_mortality_fixeddenom.tex"
Table (commented out) would have been exported to: C:\Users\FELIPEME\Dropbox\Aplicaciones\Overleaf\progresa
> _cct\tables/T2_b_mortality_fixeddenom.tex

. 
. *============================================================
. * MIGRATION ROBUSTNESS -- ported from codes/archive/02_mortality_06_27_26.do,
. * where it lived until the file was split into 02/03/04. It was dropped
. * from the live pipeline in that split and never re-added, which is why
. * the two tables_app.tex entries for it (at:migration_rob,
. * at:migration_rob_agefe) and the main.tex "Threats to identification"
. * paragraph that cites them have been commented out ever since -- not a
. * deliberate decision to drop the check, just an artifact of the split.
. * Restored here, in the same "run + diagnose, output left for review"
. * spirit as the rest of this file, plus three fixes over the archived
. * version documented at each fix below.
. *
. * AT_migration_robustness: does Progresa intensity predict the SIZE of
. * the 65+ population (65+ counts on the LHS, Intensity_1999/2005 x Post
. * on the RHS, same inten1999/inten2005 as the main design -- year-varying
. * household-count denominator, per-municipality constant across years).
. * If Progresa induced differential elderly out-migration from
. * high-intensity municipalities, this should be negative and significant.
. *
. * AT_migration_robustness_ageFE sharpens this into a triple-difference:
. * stacks 65+ against a 50-64 within-municipality control band, so a
. * municipality-year FE can absorb general population growth and only the
. * *differential* trend of the 65+ band survives.
. *
. * FIX 0: the archived version's "Mean (1991-1996)" / "Mean 65+
. * (1991-1996)" row was always blank in both tables' static output. Cause:
. * `post' is coded {1 = 1997-2006, 2 = 1991-1996} throughout this
. * pipeline (see the `gen post' block in 02_mortality.do), but the
. * archived code summarized `if post == 0', which never matches -- r(mean)
. * was always missing. Corrected to `post == 2' below, matching the
. * convention already used for this exact row elsewhere (e.g.
. * AT4_functional_forms' "Mean (1991-1996)" row in 02_mortality.do).
. *
. * FIX 4 (see the fuller writeup at the DDD table below): the first real
. * run of this table (9 Aug 2026) returned "n/a" for the Levels/Log
. * columns even though the log shows both regressions completing
. * successfully -- an ambient, left-over `_rc' from `reghdfe' was being
. * misread as failure. Every `reghdfe'/`ppmlhdfe' call below is now
. * `capture'-prefixed so `_rc' is read cleanly.
. *============================================================
. 
. cap drop lpopover65 lpopover65_m lpopover65_f

. g lpopover65   = log(popover65_)
(35,946 missing values generated)

. g lpopover65_m = log(popover65_m)
(35,946 missing values generated)

. g lpopover65_f = log(popover65_f)
(35,946 missing values generated)

. 
. *------------------------------------------------------------
. * FIX 1 (REVISED per the coauthor): which INTENSITY DENOMINATOR the
. * migration test uses, as a switch.
. *
. * The earlier version of this fix put the adjustment on the LHS (65+
. * population per 100 households). That was the wrong side of the
. * regression and is withdrawn: if Progresa induced general out-migration,
. * BOTH popover65_ and hh_tot fall together, the ratio is roughly
. * unchanged, and the test reports a comforting null precisely in the case
. * it is supposed to catch. A common denominator shared with the outcome
. * masks migration; it does not control for it.
. *
. * The contamination this table actually has to worry about is on the
. * RHS. Our default treatment variable is a snapshot of
. * intensity_new = pgbenef_new/hh_tot (01_mortality_data.do) taken at
. * 1999 / 2005 -- so the denominator is a household count measured AFTER
. * the program started. Any program-induced change in household counts
. * therefore enters the regressor itself, which is circular in a
. * regression whose whole purpose is to ask whether the program moved
. * population. Fixing the denominator to a pre-determined base removes
. * that channel, which is the coauthor's point and is the right fix.
. *
. * Options ($mig_intensity):
. *   "yearvar"  : inten1999/inten2005 -- snapshot-year (post-program)
. *                household denominator. The main design's own variable;
. *                keep as the default so this table stays comparable to
. *                every other exhibit, but it is the contaminated one.
. *   "pv_fixed" : inten1999_fix/inten2005_fix -- Parker & Vogl-style single
. *                fixed base hog1997_fixed = 0.3*HH1990 + 0.7*HH2000,
. *                built in 02_mortality.do and carried in the checkpoint.
. *                Same denominator for both snapshots, so it cannot move
. *                with the outcome year. CAVEAT: it interpolates using the
. *                2000 census, which is already post-program, so it is
. *                fixed but not strictly pre-determined.
. *   "pre1990"  : pgbenef_*/hh_tot1990 -- the 1990 census household count,
. *                seven years before rollout. Strictly pre-determined, so
. *                no program-induced population change can enter the
. *                regressor at all. This is the cleanest denominator for
. *                THIS table specifically (it is not proposed as a change
. *                to the main mortality specification).
. *------------------------------------------------------------
. global mig_intensity "yearvar"

. *global mig_intensity "pv_fixed"
. *global mig_intensity "pre1990"
. 
. *------------------------------------------------------------
. * SECOND SWITCH ($mig_years): which YEARS the migration test may use.
. *
. * This matters more than it looks. The 65+ population series is not
. * observed annually -- 01_mortality_data.do builds it by GEOMETRIC
. * INTERPOLATION between census anchors (1990, 1995, 2000, 2005), applying
. * a constant per-municipality growth multiplier within each inter-census
. * segment. Two consequences for this table:
. *
. *   (i) Within a segment, every municipality's population grows at a
. *       constant rate BY CONSTRUCTION. The post-1997 break the DiD looks
. *       for falls INSIDE the 1995-2000 segment, where no break can exist
. *       in the data-generating process. So an estimated "post-1997
. *       population effect" on the annual panel is not picking up anything
. *       that happened in 1997; it is a re-expression of the difference
. *       between the 1995-2000 and 2000-2005 census growth rates.
. *
. *  (ii) N is inflated roughly 16-fold relative to the number of genuinely
. *       observed population figures, so the standard errors are far too
. *       small and significance is close to mechanical. This is the most
. *       likely explanation for the very tight, very significant estimates
. *       (e.g. 147.996***) the archived run produced.
. *
. * "census" restricts to years the population is actually MEASURED rather
. * than interpolated. Within the 1991-2006 panel those are 1995, 2000 and
. * 2005 (1990 falls outside the panel), giving one pre-program and two
. * post-program observations per municipality -- thin, and with no scope
. * for a pre-trend test, but honest. Treat a disagreement between "all"
. * and "census" as evidence that the annual result is interpolation
. * artifact, not migration.
. *------------------------------------------------------------
. global mig_years "all"

. *global mig_years "census"
. 
. if "$mig_years" == "census" global mig_yrcond "inlist(year,1995,2000,2005)"

. else                        global mig_yrcond "inrange(year,1991,2006)"

. di "Migration robustness year sample: $mig_years  ->  $mig_yrcond"
Migration robustness year sample: all  ->  inrange(year,1991,2006)

. 
. if "$mig_intensity" == "pv_fixed" {
.         global mig99 inten1999_fix
.         global mig05 inten2005_fix
. }

. else if "$mig_intensity" == "pre1990" {
.         cap drop inten1999_fix90 inten2005_fix90
.         gen inten1999_fix90 = pgbenef_1999/hh_tot1990
.         gen inten2005_fix90 = pgbenef_2005/hh_tot1990
.         replace inten1999_fix90 = 1 if inten1999_fix90 > 1 & !missing(inten1999_fix90)
.         replace inten2005_fix90 = 1 if inten2005_fix90 > 1 & !missing(inten2005_fix90)
.         label var inten1999_fix90 "Intensity 1999 (fixed 1990-census HH denominator)"
.         label var inten2005_fix90 "Intensity 2005 (fixed 1990-census HH denominator)"
.         global mig99 inten1999_fix90
.         global mig05 inten2005_fix90
. }

. else {
.         global mig99 inten1999
.         global mig05 inten2005
. }

. di "Migration robustness intensity construction: $mig_intensity  (99: $mig99 , 05: $mig05 )"
Migration robustness intensity construction: yearvar  (99: inten1999 , 05: inten2005 )

. 
. foreach pnl in p m f {
  2.         if "`pnl'" == "p" {
  3.                 local outcome  popover65_
  4.                 local loutcome lpopover65
  5.         }
  6.         else if "`pnl'" == "m" {
  7.                 local outcome  popover65_m
  8.                 local loutcome lpopover65_m
  9.         }
 10.         else {
 11.                 local outcome  popover65_f
 12.                 local loutcome lpopover65_f
 13.         }
 14. 
.         * Pre-initialize every cell this loop can fill, so a failed regression
.         * leaves a visible "n/a" rather than a silently blank/misaligned
.         * LaTeX cell (matches the _rc-check pattern used elsewhere in this file).
.         foreach c in 1 2 3 {
 15.                 local bMG99_`pnl'_`c'   "n/a"
 16.                 local seMG99_`pnl'_`c'  "n/a"
 17.                 local bMG05_`pnl'_`c'   "n/a"
 18.                 local seMG05_`pnl'_`c'  "n/a"
 19.                 local meanMG_`pnl'_`c'  "n/a"
 20.                 local NMG_`pnl'_`c'     "n/a"
 21.                 local NmunMG_`pnl'_`c'  "n/a"
 22.         }
 23. 
.         * col 1: Levels (unweighted)
.         capture reghdfe `outcome' c.${mig99}#i.post c.${mig05}#i.post ///
>                 if $sample_marg & $mig_yrcond, ///
>                 a(year cve_ent_mun_super) vce(cluster cve_ent_mun_super)
 24.         if !_rc & e(N) > 0 {
 25.                 local aux: di %12.3f _b[1.post#c.${mig99}]
 26.                 local t = abs(_b[1.post#c.${mig99}] / _se[1.post#c.${mig99}])
 27.                 if      `t' >= 2.576 local bMG99_`pnl'_1 = "`aux'***"
 28.                 else if `t' >= 1.96  local bMG99_`pnl'_1 = "`aux'**"
 29.                 else if `t' >= 1.645 local bMG99_`pnl'_1 = "`aux'*"
 30.                 else                  local bMG99_`pnl'_1 = "`aux'"
 31.                 local seMG99_`pnl'_1: di %12.3f _se[1.post#c.${mig99}]
 32.                 local aux: di %12.3f _b[1.post#c.${mig05}]
 33.                 local t = abs(_b[1.post#c.${mig05}] / _se[1.post#c.${mig05}])
 34.                 if      `t' >= 2.576 local bMG05_`pnl'_1 = "`aux'***"
 35.                 else if `t' >= 1.96  local bMG05_`pnl'_1 = "`aux'**"
 36.                 else if `t' >= 1.645 local bMG05_`pnl'_1 = "`aux'*"
 37.                 else                  local bMG05_`pnl'_1 = "`aux'"
 38.                 local seMG05_`pnl'_1: di %12.3f _se[1.post#c.${mig05}]
 39.                 sum `outcome' if e(sample) & post == 2
 40.                 local meanMG_`pnl'_1: di %12.0fc `r(mean)'
 41.                 local NMG_`pnl'_1:    di %12.0fc `e(N)'
 42.                 distinct cve_ent_mun_super if e(sample)
 43.                 local NmunMG_`pnl'_1: di %12.0fc `r(ndistinct)'
 44.         }
 45.         else di as error "Migration robustness, panel `pnl', col 1 (Levels): reghdfe failed or empty s
> ample (rc=`_rc'), leaving cells n/a"
 46. 
.         * col 2: Log (unweighted)
.         capture reghdfe `loutcome' c.${mig99}#i.post c.${mig05}#i.post ///
>                 if $sample_marg & $mig_yrcond, ///
>                 a(year cve_ent_mun_super) vce(cluster cve_ent_mun_super)
 47.         if !_rc & e(N) > 0 {
 48.                 local aux: di %12.3f _b[1.post#c.${mig99}]
 49.                 local t = abs(_b[1.post#c.${mig99}] / _se[1.post#c.${mig99}])
 50.                 if      `t' >= 2.576 local bMG99_`pnl'_2 = "`aux'***"
 51.                 else if `t' >= 1.96  local bMG99_`pnl'_2 = "`aux'**"
 52.                 else if `t' >= 1.645 local bMG99_`pnl'_2 = "`aux'*"
 53.                 else                  local bMG99_`pnl'_2 = "`aux'"
 54.                 local seMG99_`pnl'_2: di %12.3f _se[1.post#c.${mig99}]
 55.                 local aux: di %12.3f _b[1.post#c.${mig05}]
 56.                 local t = abs(_b[1.post#c.${mig05}] / _se[1.post#c.${mig05}])
 57.                 if      `t' >= 2.576 local bMG05_`pnl'_2 = "`aux'***"
 58.                 else if `t' >= 1.96  local bMG05_`pnl'_2 = "`aux'**"
 59.                 else if `t' >= 1.645 local bMG05_`pnl'_2 = "`aux'*"
 60.                 else                  local bMG05_`pnl'_2 = "`aux'"
 61.                 local seMG05_`pnl'_2: di %12.3f _se[1.post#c.${mig05}]
 62.                 sum `loutcome' if e(sample) & post == 2
 63.                 local meanMG_`pnl'_2: di %12.2f `r(mean)'
 64.                 local NMG_`pnl'_2:    di %12.0fc `e(N)'
 65.                 * FIX 2: the archived version never computed a column-specific
.                 * Nmun for Log/Poisson and just reused column 1's in the table
.                 * write -- wrong whenever log(0) (municipality-year cells with
.                 * zero elderly population) drops observations that Levels/Poisson
.                 * keep, which changes the underlying set of municipalities.
.                 distinct cve_ent_mun_super if e(sample)
 66.                 local NmunMG_`pnl'_2: di %12.0fc `r(ndistinct)'
 67.         }
 68.         else di as error "Migration robustness, panel `pnl', col 2 (Log): reghdfe failed or empty samp
> le (rc=`_rc'), leaving cells n/a"
 69. 
.         * col 3: Poisson (count outcome)
.         capture ppmlhdfe `outcome' c.${mig99}#i.post c.${mig05}#i.post ///
>                 if $sample_marg & $mig_yrcond, ///
>                 a(year cve_ent_mun_super) vce(cluster cve_ent_mun_super)
 70.         if !_rc & e(N) > 0 {
 71.                 local aux: di %12.3f exp(_b[1.post#c.${mig99}])-1
 72.                 local seMG99_`pnl'_3: di %12.3f exp(_b[1.post#c.${mig99}])*_se[1.post#c.${mig99}]
 73.                 local t = abs(`aux' / `seMG99_`pnl'_3')
 74.                 if      `t' >= 2.576 local bMG99_`pnl'_3 = "`aux'***"
 75.                 else if `t' >= 1.96  local bMG99_`pnl'_3 = "`aux'**"
 76.                 else if `t' >= 1.645 local bMG99_`pnl'_3 = "`aux'*"
 77.                 else                  local bMG99_`pnl'_3 = "`aux'"
 78.                 local aux: di %12.3f exp(_b[1.post#c.${mig05}])-1
 79.                 local seMG05_`pnl'_3: di %12.3f exp(_b[1.post#c.${mig05}])*_se[1.post#c.${mig05}]
 80.                 local t = abs(`aux' / `seMG05_`pnl'_3')
 81.                 if      `t' >= 2.576 local bMG05_`pnl'_3 = "`aux'***"
 82.                 else if `t' >= 1.96  local bMG05_`pnl'_3 = "`aux'**"
 83.                 else if `t' >= 1.645 local bMG05_`pnl'_3 = "`aux'*"
 84.                 else                  local bMG05_`pnl'_3 = "`aux'"
 85.                 sum `outcome' if e(sample) & post == 2
 86.                 local meanMG_`pnl'_3: di %12.0fc `r(mean)'
 87.                 local NMG_`pnl'_3:    di %12.0fc `e(N)'
 88.                 distinct cve_ent_mun_super if e(sample)
 89.                 local NmunMG_`pnl'_3: di %12.0fc `r(ndistinct)'
 90.         }
 91.         else di as error "Migration robustness, panel `pnl', col 3 (Poisson): reghdfe failed or empty 
> sample (rc=`_rc'), leaving cells n/a"
 92. 
. }

    Variable |        Obs        Mean    Std. dev.       Min        Max
-------------+---------------------------------------------------------
  popover65_ |      6,714     558.954    689.1295         11   7947.087

                   |        Observations
                   |      total   distinct
-------------------+----------------------
 cve_ent_mun_super |      17904       1119

    Variable |        Obs        Mean    Std. dev.       Min        Max
-------------+---------------------------------------------------------
  lpopover65 |      6,714    5.769256    1.075645   2.397895    8.98056

                   |        Observations
                   |      total   distinct
-------------------+----------------------
 cve_ent_mun_super |      17904       1119

    Variable |        Obs        Mean    Std. dev.       Min        Max
-------------+---------------------------------------------------------
  popover65_ |      6,714     558.954    689.1295         11   7947.087

                   |        Observations
                   |      total   distinct
-------------------+----------------------
 cve_ent_mun_super |      17904       1119

    Variable |        Obs        Mean    Std. dev.       Min        Max
-------------+---------------------------------------------------------
 popover65_m |      6,714    279.4121    339.8544          4   3753.902

                   |        Observations
                   |      total   distinct
-------------------+----------------------
 cve_ent_mun_super |      17904       1119

    Variable |        Obs        Mean    Std. dev.       Min        Max
-------------+---------------------------------------------------------
lpopover65_m |      6,714     5.06771    1.095638   1.386294   8.230551

                   |        Observations
                   |      total   distinct
-------------------+----------------------
 cve_ent_mun_super |      17904       1119

    Variable |        Obs        Mean    Std. dev.       Min        Max
-------------+---------------------------------------------------------
 popover65_m |      6,714    279.4121    339.8544          4   3753.902

                   |        Observations
                   |      total   distinct
-------------------+----------------------
 cve_ent_mun_super |      17904       1119

    Variable |        Obs        Mean    Std. dev.       Min        Max
-------------+---------------------------------------------------------
 popover65_f |      6,714    279.4657    352.2982          7   4193.186

                   |        Observations
                   |      total   distinct
-------------------+----------------------
 cve_ent_mun_super |      17904       1119

    Variable |        Obs        Mean    Std. dev.       Min        Max
-------------+---------------------------------------------------------
lpopover65_f |      6,714    5.072724    1.071673    1.94591   8.341216

                   |        Observations
                   |      total   distinct
-------------------+----------------------
 cve_ent_mun_super |      17904       1119

    Variable |        Obs        Mean    Std. dev.       Min        Max
-------------+---------------------------------------------------------
 popover65_f |      6,714    279.4657    352.2982          7   4193.186

                   |        Observations
                   |      total   distinct
-------------------+----------------------
 cve_ent_mun_super |      17904       1119

. 
. {
.         cap file close sm
.         file open sm using "$tables/appendix/AT_migration_robustness.tex", write replace
.         file write sm "\begin{tabular}{lccc} \hline \hline" _n
.         file write sm "& Levels & Log & Poisson \\ " _n
.         file write sm "\cmidrule(lr){2-2}\cmidrule(lr){3-3}\cmidrule(lr){4-4}" _n
.         file write sm "& \multicolumn{1}{c}{(1)} & \multicolumn{1}{c}{(2)} & \multicolumn{1}{c}{(3)} \\ \
> toprule" _n
.         * NOTE: Intensity 2005 x Post is estimated and included as a control in
.         * every regression above (needed to isolate the early-phase Intensity
.         * 1999 coefficient) but is not printed below, matching the convention
.         * already used for Table~\ref{t:did_age} in the main text ("included
.         * in every regression as a control but is not reported, as it has no
.         * stand-alone interpretation in this specification"). The bMG05_*/
.         * seMG05_* locals above are still computed for anyone who wants them.
.         file write sm "\underline{\textit{Panel A: Pooled}}  \\ " _n
.         file write sm "\textit{Intensity 1999 x post (1997-2006)} & `bMG99_p_1' & `bMG99_p_2' & `bMG99_p_
> 3' \\ " _n
.         file write sm "  & (`seMG99_p_1') & (`seMG99_p_2') & (`seMG99_p_3') \\ " _n
.         file write sm "  & & &  \\ " _n
.         file write sm "Mean (1991-1996)  & `meanMG_p_1' & `meanMG_p_2' & `meanMG_p_3' \\ " _n
.         file write sm "  & & &  \\ " _n
.         file write sm "\underline{\textit{Panel B: Females}}  \\ " _n
.         file write sm "\textit{Intensity 1999 x post (1997-2006)}  & `bMG99_f_1' & `bMG99_f_2' & `bMG99_f
> _3' \\ " _n
.         file write sm "  & (`seMG99_f_1') & (`seMG99_f_2') & (`seMG99_f_3') \\ " _n
.         file write sm "  & & &  \\ " _n
.         file write sm "Mean (1991-1996)  & `meanMG_f_1' & `meanMG_f_2' & `meanMG_f_3' \\ " _n
.         file write sm "  & & &  \\ " _n
.         file write sm "\underline{\textit{Panel C: Males}}  \\ " _n
.         file write sm "\textit{Intensity 1999 x post (1997-2006)} & `bMG99_m_1' & `bMG99_m_2' & `bMG99_m_
> 3' \\ " _n
.         file write sm "  & (`seMG99_m_1') & (`seMG99_m_2') & (`seMG99_m_3') \\ " _n
.         file write sm "  & & &  \\ " _n
.         file write sm "Mean (1991-1996) & `meanMG_m_1' & `meanMG_m_2' & `meanMG_m_3' \\ " _n
.         file write sm "  & & &  \\ " _n
.         file write sm "Obs & `NMG_f_1' & `NMG_f_2' & `NMG_f_3' \\ " _n
.         file write sm "No. Mun & `NmunMG_p_1' & `NmunMG_p_2' & `NmunMG_p_3' \\ " _n
.         file write sm "  & & & \\ " _n
.         file write sm "\bottomrule" _n
.         file write sm "\end{tabular}"
.         file close sm
.         if "$repo_tables" != "" copy "$tables/appendix/AT_migration_robustness.tex" "$repo_tables/appendi
> x/AT_migration_robustness.tex", replace
. }

. di "Table exported to: $tables/appendix/AT_migration_robustness.tex"
Table exported to: C:\Users\FELIPEME\Dropbox\Aplicaciones\Overleaf\progresa_cct\tables/appendix/AT_migratio
> n_robustness.tex

. 
. *============================================================
. * APPENDIX TABLE: Migration Robustness -- CENSUS-YEARS COMPARISON. A
. * separate table, deliberately NOT gated on the $mig_years switch above,
. * so it does not require setting $mig_years = "census" and re-running
. * the whole file: this block always runs and always produces its own
. * table, letting the default (all interpolated years) table above and
. * this census-years version be compared side by side from a single run.
. *
. * Restricts to years the 65+ population is actually MEASURED rather than
. * geometrically interpolated between census anchors (see FIX 1/SECOND
. * SWITCH notes above): 1995, 2000, 2005 within the 1991-2006 panel. One
. * pre-program and two post-program observations per municipality --
. * thin, and with no scope for a pre-trend test, but not an interpolation
. * artifact. Same intensity construction ($mig99/$mig05) as the table
. * above, so this isolates the years dimension specifically. No SP
. * control, matching the table above.
. *============================================================
. foreach pnl in p m f {
  2.         if "`pnl'" == "p" {
  3.                 local outcome  popover65_
  4.                 local loutcome lpopover65
  5.         }
  6.         else if "`pnl'" == "m" {
  7.                 local outcome  popover65_m
  8.                 local loutcome lpopover65_m
  9.         }
 10.         else {
 11.                 local outcome  popover65_f
 12.                 local loutcome lpopover65_f
 13.         }
 14. 
.         foreach c in 1 2 3 {
 15.                 local bMGC99_`pnl'_`c'   "n/a"
 16.                 local seMGC99_`pnl'_`c'  "n/a"
 17.                 local meanMGC_`pnl'_`c'  "n/a"
 18.                 local NMGC_`pnl'_`c'     "n/a"
 19.                 local NmunMGC_`pnl'_`c'  "n/a"
 20.         }
 21. 
.         * col 1: Levels (unweighted)
.         capture reghdfe `outcome' c.${mig99}#i.post c.${mig05}#i.post ///
>                 if $sample_marg & inlist(year,1995,2000,2005), ///
>                 a(year cve_ent_mun_super) vce(cluster cve_ent_mun_super)
 22.         if !_rc & e(N) > 0 {
 23.                 local aux: di %12.3f _b[1.post#c.${mig99}]
 24.                 local t = abs(_b[1.post#c.${mig99}] / _se[1.post#c.${mig99}])
 25.                 if      `t' >= 2.576 local bMGC99_`pnl'_1 = "`aux'***"
 26.                 else if `t' >= 1.96  local bMGC99_`pnl'_1 = "`aux'**"
 27.                 else if `t' >= 1.645 local bMGC99_`pnl'_1 = "`aux'*"
 28.                 else                  local bMGC99_`pnl'_1 = "`aux'"
 29.                 local seMGC99_`pnl'_1: di %12.3f _se[1.post#c.${mig99}]
 30.                 sum `outcome' if e(sample) & post == 2
 31.                 local meanMGC_`pnl'_1: di %12.0fc `r(mean)'
 32.                 local NMGC_`pnl'_1:    di %12.0fc `e(N)'
 33.                 distinct cve_ent_mun_super if e(sample)
 34.                 local NmunMGC_`pnl'_1: di %12.0fc `r(ndistinct)'
 35.         }
 36.         else di as error "Migration robustness (census years), panel `pnl', col 1 (Levels): reghdfe fa
> iled or empty sample (rc=`_rc'), leaving cells n/a"
 37. 
.         * col 2: Log (unweighted)
.         capture reghdfe `loutcome' c.${mig99}#i.post c.${mig05}#i.post ///
>                 if $sample_marg & inlist(year,1995,2000,2005), ///
>                 a(year cve_ent_mun_super) vce(cluster cve_ent_mun_super)
 38.         if !_rc & e(N) > 0 {
 39.                 local aux: di %12.3f _b[1.post#c.${mig99}]
 40.                 local t = abs(_b[1.post#c.${mig99}] / _se[1.post#c.${mig99}])
 41.                 if      `t' >= 2.576 local bMGC99_`pnl'_2 = "`aux'***"
 42.                 else if `t' >= 1.96  local bMGC99_`pnl'_2 = "`aux'**"
 43.                 else if `t' >= 1.645 local bMGC99_`pnl'_2 = "`aux'*"
 44.                 else                  local bMGC99_`pnl'_2 = "`aux'"
 45.                 local seMGC99_`pnl'_2: di %12.3f _se[1.post#c.${mig99}]
 46.                 sum `loutcome' if e(sample) & post == 2
 47.                 local meanMGC_`pnl'_2: di %12.2f `r(mean)'
 48.                 local NMGC_`pnl'_2:    di %12.0fc `e(N)'
 49.                 distinct cve_ent_mun_super if e(sample)
 50.                 local NmunMGC_`pnl'_2: di %12.0fc `r(ndistinct)'
 51.         }
 52.         else di as error "Migration robustness (census years), panel `pnl', col 2 (Log): reghdfe faile
> d or empty sample (rc=`_rc'), leaving cells n/a"
 53. 
.         * col 3: Poisson (count outcome)
.         capture ppmlhdfe `outcome' c.${mig99}#i.post c.${mig05}#i.post ///
>                 if $sample_marg & inlist(year,1995,2000,2005), ///
>                 a(year cve_ent_mun_super) vce(cluster cve_ent_mun_super)
 54.         if !_rc & e(N) > 0 {
 55.                 local aux: di %12.3f exp(_b[1.post#c.${mig99}])-1
 56.                 local seMGC99_`pnl'_3: di %12.3f exp(_b[1.post#c.${mig99}])*_se[1.post#c.${mig99}]
 57.                 local t = abs(`aux' / `seMGC99_`pnl'_3')
 58.                 if      `t' >= 2.576 local bMGC99_`pnl'_3 = "`aux'***"
 59.                 else if `t' >= 1.96  local bMGC99_`pnl'_3 = "`aux'**"
 60.                 else if `t' >= 1.645 local bMGC99_`pnl'_3 = "`aux'*"
 61.                 else                  local bMGC99_`pnl'_3 = "`aux'"
 62.                 sum `outcome' if e(sample) & post == 2
 63.                 local meanMGC_`pnl'_3: di %12.0fc `r(mean)'
 64.                 local NMGC_`pnl'_3:    di %12.0fc `e(N)'
 65.                 distinct cve_ent_mun_super if e(sample)
 66.                 local NmunMGC_`pnl'_3: di %12.0fc `r(ndistinct)'
 67.         }
 68.         else di as error "Migration robustness (census years), panel `pnl', col 3 (Poisson): reghdfe f
> ailed or empty sample (rc=`_rc'), leaving cells n/a"
 69. }

    Variable |        Obs        Mean    Std. dev.       Min        Max
-------------+---------------------------------------------------------
  popover65_ |      1,119    583.1868    723.4146         11       7699

                   |        Observations
                   |      total   distinct
-------------------+----------------------
 cve_ent_mun_super |       3357       1119

    Variable |        Obs        Mean    Std. dev.       Min        Max
-------------+---------------------------------------------------------
  lpopover65 |      1,119     5.80396    1.085717   2.397895   8.948846

                   |        Observations
                   |      total   distinct
-------------------+----------------------
 cve_ent_mun_super |       3357       1119

    Variable |        Obs        Mean    Std. dev.       Min        Max
-------------+---------------------------------------------------------
  popover65_ |      1,119    583.1868    723.4146         11       7699

                   |        Observations
                   |      total   distinct
-------------------+----------------------
 cve_ent_mun_super |       3357       1119

    Variable |        Obs        Mean    Std. dev.       Min        Max
-------------+---------------------------------------------------------
 popover65_m |      1,119    291.7113    356.4077          4       3636

                   |        Observations
                   |      total   distinct
-------------------+----------------------
 cve_ent_mun_super |       3357       1119

    Variable |        Obs        Mean    Std. dev.       Min        Max
-------------+---------------------------------------------------------
lpopover65_m |      1,119     5.10444     1.10398   1.386294    8.19864

                   |        Observations
                   |      total   distinct
-------------------+----------------------
 cve_ent_mun_super |       3357       1119

    Variable |        Obs        Mean    Std. dev.       Min        Max
-------------+---------------------------------------------------------
 popover65_m |      1,119    291.7113    356.4077          4       3636

                   |        Observations
                   |      total   distinct
-------------------+----------------------
 cve_ent_mun_super |       3357       1119

    Variable |        Obs        Mean    Std. dev.       Min        Max
-------------+---------------------------------------------------------
 popover65_f |      1,119    291.4754     370.213          7       4063

                   |        Observations
                   |      total   distinct
-------------------+----------------------
 cve_ent_mun_super |       3357       1119

    Variable |        Obs        Mean    Std. dev.       Min        Max
-------------+---------------------------------------------------------
lpopover65_f |      1,119    5.105873    1.083196    1.94591   8.309677

                   |        Observations
                   |      total   distinct
-------------------+----------------------
 cve_ent_mun_super |       3357       1119

    Variable |        Obs        Mean    Std. dev.       Min        Max
-------------+---------------------------------------------------------
 popover65_f |      1,119    291.4754     370.213          7       4063

                   |        Observations
                   |      total   distinct
-------------------+----------------------
 cve_ent_mun_super |       3357       1119

. 
. {
.         cap file close smc
.         file open smc using "$tables/appendix/AT_migration_robustness_census.tex", write replace
.         file write smc "\begin{tabular}{lccc} \hline \hline" _n
.         file write smc "& Levels & Log & Poisson \\ " _n
.         file write smc "\cmidrule(lr){2-2}\cmidrule(lr){3-3}\cmidrule(lr){4-4}" _n
.         file write smc "& \multicolumn{1}{c}{(1)} & \multicolumn{1}{c}{(2)} & \multicolumn{1}{c}{(3)} \\ 
> \toprule" _n
.         file write smc "\underline{\textit{Panel A: Pooled}}  \\ " _n
.         file write smc "\textit{Intensity 1999 x post (1997-2006)} & `bMGC99_p_1' & `bMGC99_p_2' & `bMGC9
> 9_p_3' \\ " _n
.         file write smc "  & (`seMGC99_p_1') & (`seMGC99_p_2') & (`seMGC99_p_3') \\ " _n
.         file write smc "  & & &  \\ " _n
.         file write smc "Mean (1991-1996)  & `meanMGC_p_1' & `meanMGC_p_2' & `meanMGC_p_3' \\ " _n
.         file write smc "  & & &  \\ " _n
.         file write smc "\underline{\textit{Panel B: Females}}  \\ " _n
.         file write smc "\textit{Intensity 1999 x post (1997-2006)}  & `bMGC99_f_1' & `bMGC99_f_2' & `bMGC
> 99_f_3' \\ " _n
.         file write smc "  & (`seMGC99_f_1') & (`seMGC99_f_2') & (`seMGC99_f_3') \\ " _n
.         file write smc "  & & &  \\ " _n
.         file write smc "Mean (1991-1996)  & `meanMGC_f_1' & `meanMGC_f_2' & `meanMGC_f_3' \\ " _n
.         file write smc "  & & &  \\ " _n
.         file write smc "\underline{\textit{Panel C: Males}}  \\ " _n
.         file write smc "\textit{Intensity 1999 x post (1997-2006)} & `bMGC99_m_1' & `bMGC99_m_2' & `bMGC9
> 9_m_3' \\ " _n
.         file write smc "  & (`seMGC99_m_1') & (`seMGC99_m_2') & (`seMGC99_m_3') \\ " _n
.         file write smc "  & & &  \\ " _n
.         file write smc "Mean (1991-1996) & `meanMGC_m_1' & `meanMGC_m_2' & `meanMGC_m_3' \\ " _n
.         file write smc "  & & &  \\ " _n
.         file write smc "Obs & `NMGC_f_1' & `NMGC_f_2' & `NMGC_f_3' \\ " _n
.         file write smc "No. Mun & `NmunMGC_p_1' & `NmunMGC_p_2' & `NmunMGC_p_3' \\ " _n
.         file write smc "  & & & \\ " _n
.         file write smc "\bottomrule" _n
.         file write smc "\end{tabular}"
.         file close smc
.         if "$repo_tables" != "" copy "$tables/appendix/AT_migration_robustness_census.tex" "$repo_tables/
> appendix/AT_migration_robustness_census.tex", replace
. }

. di "Table exported to: $tables/appendix/AT_migration_robustness_census.tex"
Table exported to: C:\Users\FELIPEME\Dropbox\Aplicaciones\Overleaf\progresa_cct\tables/appendix/AT_migratio
> n_robustness_census.tex

. 
. *============================================================
. * APPENDIX TABLE: Migration Robustness -- Triple-Difference (DDD)
. *   Differential growth of the 65+ population relative to the
. *   50-64 population, in high- vs low-intensity municipalities,
. *   post vs pre. Stacks 6 five-year age groups (50-54, 55-59,
. *   60-64, 65-69, 70-74, 75+). popover75 = popover70 - pop7074.
. *   Old65 = 1{age >= 65}.
. *
. *   Specification (long-run, 1991-2006):
. *       pop_{m,t,a} = beta . (Intensity_1999 x Post x Old65)
. *                   + gamma . (Intensity_2005 x Post x Old65)
. *                   + Mun x Year + Mun x Age + Year x Age FE + e
. *   Mun x Year FE absorbs overall municipality-year pop growth;
. *   identification rests on the triple interaction.
. *
. *   3 cols (Levels / Log / Poisson) x 3 panels (Pooled / M / F).
. *
. *   FIX 3: the archived run of this table printed "0.000***" in every
. *   single cell (coefficient AND standard error) with the Mean 65+ row
. *   blank, which is not a plausible small-but-real estimate -- SEs do not
. *   independently round to exactly zero in every cell. The likely
. *   mechanism: `_b[]'/`_se[]' on a coefficient name that reghdfe did not
. *   actually estimate return literal 0, and `t' = abs(0/0) evaluates to
. *   Stata missing (.), which the `if `t' >= 2.576' comparisons treat as
. *   +infinity, so every cell silently gets "0.000***" instead of erroring.
. *   Cannot confirm the exact cause without re-running (no Stata/data
. *   access in this environment), so this port adds two defenses: (i) an
. *   explicit, hand-built triple-interaction variable in place of the
. *   `c.inten99#i.post#i.old65' factor syntax, removing any ambiguity in
. *   which coefficient name is being pulled; (ii) an `_rc'/`e(N)' check
. *   around each regression (as in FIX 2 above) so a failed or degenerate
. *   fit leaves "n/a" rather than a fabricated "0.000***". Precision is
. *   also widened from 3 to 4 decimals in case the true issue was just
. *   under-precision for a genuinely small DDD coefficient.
. *
. *   FIX 4 (found on the first real run, 9 Aug 2026 log): (ii) above was
. *   itself broken. The Levels/Log columns of BOTH migration tables came
. *   back "n/a" in that run, but the log shows each underlying `reghdfe'
. *   completing normally -- valid coefficient table, correct N, no error
. *   -- immediately before the "leaving cells n/a" message fires. The
. *   Poisson column (`ppmlhdfe', same guard, same data) came back with
. *   real numbers every time. Since a genuine estimation failure with no
. *   `capture' prefix would halt the whole do-file rather than fall
. *   through to the `else' branch, the only way `else' can ever fire here
. *   is a NONZERO `_rc' left over from something that did not abort --
. *   apparently a `reghdfe' internal step (plausibly its own handling of
. *   the collinear `2.post#...' term it drops and reports as a "note", as
. *   seen in the log) does not always reset `_rc' to 0 on exit, even
. *   though ppmlhdfe's does. Net effect: the guard was silently discarding
. *   correct results and replacing them with "n/a" -- a worse failure mode
. *   than the bug it was added to prevent. Fixed by prefixing every
. *   `reghdfe'/`ppmlhdfe' call in both migration tables with `capture',
. *   so `_rc' reflects exactly that command's own outcome rather than
. *   whatever state was already sitting in `_rc' beforehand -- the same
. *   pattern already used successfully (and without this problem) in the
. *   attrition test (03_experimental.do) and the fixed-offset Poisson
. *   table below, both of which returned real numbers on the same run.
. *============================================================
. destring(cve_ent_mun_super), replace
cve_ent_mun_super: all characters numeric; replaced as long

. 
. foreach pnl in p m f {
  2.         foreach c in 1 2 3 {
  3.                 local bDDD99_`pnl'_`c'   "n/a"
  4.                 local seDDD99_`pnl'_`c'  "n/a"
  5.                 local bDDD05_`pnl'_`c'   "n/a"
  6.                 local seDDD05_`pnl'_`c'  "n/a"
  7.                 local meanDDD_`pnl'_`c'  "n/a"
  8.                 local NDDD_`pnl'_`c'     "n/a"
  9.                 local NmunDDD_`pnl'_`c'  "n/a"
 10.         }
 11. 
.         preserve
 12.         if "`pnl'" == "p" local sfx "_"
 13.         else              local sfx "_`pnl'"
 14. 
.         keep cve_ent_mun_super year $mig99 $mig05 post gm_mun_1990 ///
>                 pop5054`sfx' pop5559`sfx' pop6064`sfx' ///
>                 pop6569`sfx' pop7074`sfx' popover70`sfx'
 15.         keep if $mig_yrcond
 16. 
.         gen popover75`sfx' = popover70`sfx' - pop7074`sfx'
 17.         drop popover70`sfx'
 18. 
.         rename pop5054`sfx'   pop1
 19.         rename pop5559`sfx'   pop2
 20.         rename pop6064`sfx'   pop3
 21.         rename pop6569`sfx'   pop4
 22.         rename pop7074`sfx'   pop5
 23.         rename popover75`sfx' pop6
 24. 
.         reshape long pop, i(cve_ent_mun_super year) j(age_grp)
 25.         gen old65 = (age_grp >= 4)
 26.         gen lpop  = log(pop)
 27. 
.         * FIX 3(i): explicit interaction variables instead of factor syntax
.         * NOTE: `post' is coded {1 = 1997-2006, 2 = 1991-1996} in this pipeline,
.         * NOT {0,1}. The archived factor syntax (i.post) handled that correctly
.         * because `_b[1.post#...]' selects the level; a hand-built interaction
.         * must NOT multiply by `post' directly or the pre-period enters with
.         * weight 2 instead of 0. Build an explicit 0/1 post dummy first.
.         cap drop postd
 28.         gen byte postd = (post == 1) if !missing(post)
 29.         gen triple99 = ${mig99} * postd * old65
 30.         gen triple05 = ${mig05} * postd * old65
 31. 
.         * col 1: Levels DDD
.         capture reghdfe pop triple99 triple05 if $sample_marg, ///
>                 a(cve_ent_mun_super#year cve_ent_mun_super#age_grp year#age_grp) ///
>                 vce(cluster cve_ent_mun_super)
 32.         if !_rc & e(N) > 0 {
 33.                 local aux: di %12.4f _b[triple99]
 34.                 local t = abs(_b[triple99] / _se[triple99])
 35.                 if      `t' >= 2.576 local bDDD99_`pnl'_1 = "`aux'***"
 36.                 else if `t' >= 1.96  local bDDD99_`pnl'_1 = "`aux'**"
 37.                 else if `t' >= 1.645 local bDDD99_`pnl'_1 = "`aux'*"
 38.                 else                  local bDDD99_`pnl'_1 = "`aux'"
 39.                 local seDDD99_`pnl'_1: di %12.4f _se[triple99]
 40.                 local aux: di %12.4f _b[triple05]
 41.                 local t = abs(_b[triple05] / _se[triple05])
 42.                 if      `t' >= 2.576 local bDDD05_`pnl'_1 = "`aux'***"
 43.                 else if `t' >= 1.96  local bDDD05_`pnl'_1 = "`aux'**"
 44.                 else if `t' >= 1.645 local bDDD05_`pnl'_1 = "`aux'*"
 45.                 else                  local bDDD05_`pnl'_1 = "`aux'"
 46.                 local seDDD05_`pnl'_1: di %12.4f _se[triple05]
 47.                 sum pop if e(sample) & post == 2 & old65 == 1
 48.                 local meanDDD_`pnl'_1: di %12.0fc `r(mean)'
 49.                 local NDDD_`pnl'_1:    di %12.0fc `e(N)'
 50.                 distinct cve_ent_mun_super if e(sample)
 51.                 local NmunDDD_`pnl'_1: di %12.0fc `r(ndistinct)'
 52.         }
 53.         else di as error "Migration DDD, panel `pnl', col 1 (Levels): reghdfe failed or empty sample (
> rc=`_rc'), leaving cells n/a"
 54. 
.         * col 2: Log DDD
.         capture reghdfe lpop triple99 triple05 if $sample_marg, ///
>                 a(cve_ent_mun_super#year cve_ent_mun_super#age_grp year#age_grp) ///
>                 vce(cluster cve_ent_mun_super)
 55.         if !_rc & e(N) > 0 {
 56.                 local aux: di %12.4f _b[triple99]
 57.                 local t = abs(_b[triple99] / _se[triple99])
 58.                 if      `t' >= 2.576 local bDDD99_`pnl'_2 = "`aux'***"
 59.                 else if `t' >= 1.96  local bDDD99_`pnl'_2 = "`aux'**"
 60.                 else if `t' >= 1.645 local bDDD99_`pnl'_2 = "`aux'*"
 61.                 else                  local bDDD99_`pnl'_2 = "`aux'"
 62.                 local seDDD99_`pnl'_2: di %12.4f _se[triple99]
 63.                 local aux: di %12.4f _b[triple05]
 64.                 local t = abs(_b[triple05] / _se[triple05])
 65.                 if      `t' >= 2.576 local bDDD05_`pnl'_2 = "`aux'***"
 66.                 else if `t' >= 1.96  local bDDD05_`pnl'_2 = "`aux'**"
 67.                 else if `t' >= 1.645 local bDDD05_`pnl'_2 = "`aux'*"
 68.                 else                  local bDDD05_`pnl'_2 = "`aux'"
 69.                 local seDDD05_`pnl'_2: di %12.4f _se[triple05]
 70.                 sum lpop if e(sample) & post == 2 & old65 == 1
 71.                 local meanDDD_`pnl'_2: di %12.2f `r(mean)'
 72.                 local NDDD_`pnl'_2:    di %12.0fc `e(N)'
 73.                 distinct cve_ent_mun_super if e(sample)
 74.                 local NmunDDD_`pnl'_2: di %12.0fc `r(ndistinct)'
 75.         }
 76.         else di as error "Migration DDD, panel `pnl', col 2 (Log): reghdfe failed or empty sample (rc=
> `_rc'), leaving cells n/a"
 77. 
.         * col 3: Poisson DDD
.         capture ppmlhdfe pop triple99 triple05 if $sample_marg, ///
>                 a(cve_ent_mun_super#year cve_ent_mun_super#age_grp year#age_grp) ///
>                 vce(cluster cve_ent_mun_super)
 78.         if !_rc & e(N) > 0 {
 79.                 local aux: di %12.4f exp(_b[triple99])-1
 80.                 local seDDD99_`pnl'_3: di %12.4f exp(_b[triple99])*_se[triple99]
 81.                 local t = abs(`aux' / `seDDD99_`pnl'_3')
 82.                 if      `t' >= 2.576 local bDDD99_`pnl'_3 = "`aux'***"
 83.                 else if `t' >= 1.96  local bDDD99_`pnl'_3 = "`aux'**"
 84.                 else if `t' >= 1.645 local bDDD99_`pnl'_3 = "`aux'*"
 85.                 else                  local bDDD99_`pnl'_3 = "`aux'"
 86.                 local aux: di %12.4f exp(_b[triple05])-1
 87.                 local seDDD05_`pnl'_3: di %12.4f exp(_b[triple05])*_se[triple05]
 88.                 local t = abs(`aux' / `seDDD05_`pnl'_3')
 89.                 if      `t' >= 2.576 local bDDD05_`pnl'_3 = "`aux'***"
 90.                 else if `t' >= 1.96  local bDDD05_`pnl'_3 = "`aux'**"
 91.                 else if `t' >= 1.645 local bDDD05_`pnl'_3 = "`aux'*"
 92.                 else                  local bDDD05_`pnl'_3 = "`aux'"
 93.                 sum pop if e(sample) & post == 2 & old65 == 1
 94.                 local meanDDD_`pnl'_3: di %12.0fc `r(mean)'
 95.                 local NDDD_`pnl'_3:    di %12.0fc `e(N)'
 96.                 distinct cve_ent_mun_super if e(sample)
 97.                 local NmunDDD_`pnl'_3: di %12.0fc `r(ndistinct)'
 98.         }
 99.         else di as error "Migration DDD, panel `pnl', col 3 (Poisson): reghdfe failed or empty sample 
> (rc=`_rc'), leaving cells n/a"
100. 
.         restore
101. }
(35,610 observations deleted)
(33,278 missing values generated)
(j = 1 2 3 4 5 6)

Data                               Wide   ->   Long
-----------------------------------------------------------------------------
Number of observations           37,984   ->   227,904     
Number of variables                  12   ->   8           
j variable (6 values)                     ->   age_grp
xij variables:
                     pop1 pop2 ... pop6   ->   pop
-----------------------------------------------------------------------------
(67,900 missing values generated)
(2,016 missing values generated)
(2,016 missing values generated)
(2,016 missing values generated)

    Variable |        Obs        Mean    Std. dev.       Min        Max
-------------+---------------------------------------------------------
         pop |      8,952    188.7454    236.9645          1       3070

                   |        Observations
                   |      total   distinct
-------------------+----------------------
 cve_ent_mun_super |      76092       1119

    Variable |        Obs        Mean    Std. dev.       Min        Max
-------------+---------------------------------------------------------
        lpop |      8,952    4.674061    1.086503          0   8.029433

                   |        Observations
                   |      total   distinct
-------------------+----------------------
 cve_ent_mun_super |      76092       1119

    Variable |        Obs        Mean    Std. dev.       Min        Max
-------------+---------------------------------------------------------
         pop |      8,952    188.7454    236.9645          1       3070

                   |        Observations
                   |      total   distinct
-------------------+----------------------
 cve_ent_mun_super |      76092       1119
(35,610 observations deleted)
(33,278 missing values generated)
(j = 1 2 3 4 5 6)

Data                               Wide   ->   Long
-----------------------------------------------------------------------------
Number of observations           37,984   ->   227,904     
Number of variables                  12   ->   8           
j variable (6 values)                     ->   age_grp
xij variables:
                     pop1 pop2 ... pop6   ->   pop
-----------------------------------------------------------------------------
(67,932 missing values generated)
(2,016 missing values generated)
(2,016 missing values generated)
(2,016 missing values generated)

    Variable |        Obs        Mean    Std. dev.       Min        Max
-------------+---------------------------------------------------------
         pop |      8,948    94.45712     117.051          0       1390

                   |        Observations
                   |      total   distinct
-------------------+----------------------
 cve_ent_mun_super |      76088       1119

    Variable |        Obs        Mean    Std. dev.       Min        Max
-------------+---------------------------------------------------------
        lpop |      8,946    3.970242     1.11245          0   7.237059

                   |        Observations
                   |      total   distinct
-------------------+----------------------
 cve_ent_mun_super |      76060       1119

    Variable |        Obs        Mean    Std. dev.       Min        Max
-------------+---------------------------------------------------------
         pop |      8,948    94.45712     117.051          0       1390

                   |        Observations
                   |      total   distinct
-------------------+----------------------
 cve_ent_mun_super |      76088       1119
(35,610 observations deleted)
(33,278 missing values generated)
(j = 1 2 3 4 5 6)

Data                               Wide   ->   Long
-----------------------------------------------------------------------------
Number of observations           37,984   ->   227,904     
Number of variables                  12   ->   8           
j variable (6 values)                     ->   age_grp
xij variables:
                     pop1 pop2 ... pop6   ->   pop
-----------------------------------------------------------------------------
(67,902 missing values generated)
(2,016 missing values generated)
(2,016 missing values generated)
(2,016 missing values generated)

    Variable |        Obs        Mean    Std. dev.       Min        Max
-------------+---------------------------------------------------------
         pop |      8,952    94.22008    121.0025          0       1680

                   |        Observations
                   |      total   distinct
-------------------+----------------------
 cve_ent_mun_super |      76092       1119

    Variable |        Obs        Mean    Std. dev.       Min        Max
-------------+---------------------------------------------------------
        lpop |      8,950    3.973163    1.088519          0   7.426549

                   |        Observations
                   |      total   distinct
-------------------+----------------------
 cve_ent_mun_super |      76088       1119

    Variable |        Obs        Mean    Std. dev.       Min        Max
-------------+---------------------------------------------------------
         pop |      8,952    94.22008    121.0025          0       1680

                   |        Observations
                   |      total   distinct
-------------------+----------------------
 cve_ent_mun_super |      76092       1119

. 
. {
.         cap file close sm
.         file open sm using "$tables/appendix/AT_migration_robustness_ageFE.tex", write replace
.         file write sm "\begin{tabular}{lccc} \hline \hline" _n
.         file write sm "& Levels & Log & Poisson \\ " _n
.         file write sm "\cmidrule(lr){2-2}\cmidrule(lr){3-3}\cmidrule(lr){4-4}" _n
.         file write sm "& \multicolumn{1}{c}{(1)} & \multicolumn{1}{c}{(2)} & \multicolumn{1}{c}{(3)} \\ \
> toprule" _n
.         * NOTE: Intensity 2005 x Post x Old65 is estimated in every regression
.         * above but not printed below, matching the display convention used
.         * for the simple migration table and for Table~\ref{t:did_age} in the
.         * main text. UNLIKE the simple table, this coefficient is NOT purely a
.         * nuisance control here -- it is a second, independently meaningful
.         * differential-trend test, and on the one real run so far it came back
.         * significant in all three panels while Intensity 1999 did not (see
.         * migration_robustness_summary.md, Sec. 7.2). Dropping it from the
.         * printed table does not make that finding go away; it is still in
.         * the bDDD05_*/seDDD05_* locals above and in the run log, and belongs
.         * in the text/summary discussion of this table even though it is not
.         * shown in the table itself.
.         file write sm "\underline{\textit{Panel A: Pooled}}  \\ " _n
.         file write sm "\textit{Intensity 1999 x post x Old65} & `bDDD99_p_1' & `bDDD99_p_2' & `bDDD99_p_3
> ' \\ " _n
.         file write sm "  & (`seDDD99_p_1') & (`seDDD99_p_2') & (`seDDD99_p_3') \\ " _n
.         file write sm "  & & &  \\ " _n
.         file write sm "Mean 65+ (1991-1996)  & `meanDDD_p_1' & `meanDDD_p_2' & `meanDDD_p_3' \\ " _n
.         file write sm "  & & &  \\ " _n
.         file write sm "\underline{\textit{Panel B: Females}}  \\ " _n
.         file write sm "\textit{Intensity 1999 x post x Old65}  & `bDDD99_f_1' & `bDDD99_f_2' & `bDDD99_f_
> 3' \\ " _n
.         file write sm "  & (`seDDD99_f_1') & (`seDDD99_f_2') & (`seDDD99_f_3') \\ " _n
.         file write sm "  & & &  \\ " _n
.         file write sm "Mean 65+ (1991-1996)  & `meanDDD_f_1' & `meanDDD_f_2' & `meanDDD_f_3' \\ " _n
.         file write sm "  & & &  \\ " _n
.         file write sm "\underline{\textit{Panel C: Males}}  \\ " _n
.         file write sm "\textit{Intensity 1999 x post x Old65} & `bDDD99_m_1' & `bDDD99_m_2' & `bDDD99_m_3
> ' \\ " _n
.         file write sm "  & (`seDDD99_m_1') & (`seDDD99_m_2') & (`seDDD99_m_3') \\ " _n
.         file write sm "  & & &  \\ " _n
.         file write sm "Mean 65+ (1991-1996) & `meanDDD_m_1' & `meanDDD_m_2' & `meanDDD_m_3' \\ " _n
.         file write sm "  & & &  \\ " _n
.         file write sm "Obs & `NDDD_f_1' & `NDDD_f_2' & `NDDD_f_3' \\ " _n
.         file write sm "No. Mun & `NmunDDD_p_1' & `NmunDDD_p_2' & `NmunDDD_p_3' \\ " _n
.         file write sm "  & & & \\ " _n
.         file write sm "\bottomrule" _n
.         file write sm "\end{tabular}"
.         file close sm
.         if "$repo_tables" != "" copy "$tables/appendix/AT_migration_robustness_ageFE.tex" "$repo_tables/a
> ppendix/AT_migration_robustness_ageFE.tex", replace
. }

. di "Table exported to: $tables/appendix/AT_migration_robustness_ageFE.tex"
Table exported to: C:\Users\FELIPEME\Dropbox\Aplicaciones\Overleaf\progresa_cct\tables/appendix/AT_migratio
> n_robustness_ageFE.tex

. 
. *============================================================
. * MIGRATION EVENT STUDY: 65+ POPULATION, YEAR BY YEAR
. * Output: $figures/appendix/AF_migration_es.pdf (levels)
. *         $figures/appendix/AF_migration_es_log.pdf (log)
. *         $figures/appendix/AF_migration_es_poisson.pdf (poisson, % change)
. *
. * The two tables above report a single post-1997 interaction, which
. * cannot distinguish "the program moved population after 1997" from "the
. * two groups of municipalities were already on different population
. * trajectories". This is the same distinction the paper already insists
. * on for mortality, applied to the migration threat: if the apparent
. * population effect is present BEFORE 1997, it is not the program, and
. * the threat is a pre-existing difference in demographic trends rather
. * than program-induced out-migration.
. *
. * Same construction as the mortality event studies (reference year 1996,
. * year_1995 index 1-16, municipality and year FE, clustered at the
. * municipality), so the two are read side by side.
. *
. * Three versions, one per column of Appendix Table~\ref{at:migration_rob}:
. * levels (column 1), log population (column 2), and Poisson (column 3),
. * following the precedent of Appendix Figure~\ref{af:es_func_form}
. * plotting a levels, a log, and a Poisson panel of the same underlying
. * event study. The Poisson panel plots (exp(beta_t)-1)*100 per year --
. * the percentage change in population at each year relative to 1996,
. * same transform as column 3's single post-1997 coefficient -- with the
. * delta-method SE exp(beta_t)*se(beta_t)*100.
. *
. * NOTE: under $mig_years == "census" none of the three figures is
. * meaningful -- there are only three sampled years -- so all three are
. * skipped in that case.
. *============================================================
. if "$mig_years" == "census" {
.         di as text "Population event studies skipped: $mig_years leaves too few years to trace a profile.
> "
. }

. else {
.         foreach spec in lvl log poisson {
  2.                 if "`spec'" == "lvl" {
  3.                         local esout_p popover65_
  4.                         local esout_m popover65_m
  5.                         local esout_f popover65_f
  6.                         local es_ytitle "Population 65+ (count)"
  7.                         local es_outfile "$figures/appendix/AF_migration_es.pdf"
  8.                         local es_outfile_repo "$repo_figures/appendix/AF_migration_es.pdf"
  9.                         local es_cmd reghdfe
 10.                 }
 11.                 else if "`spec'" == "log" {
 12.                         local esout_p lpopover65
 13.                         local esout_m lpopover65_m
 14.                         local esout_f lpopover65_f
 15.                         local es_ytitle "Log population 65+"
 16.                         local es_outfile "$figures/appendix/AF_migration_es_log.pdf"
 17.                         local es_outfile_repo "$repo_figures/appendix/AF_migration_es_log.pdf"
 18.                         local es_cmd reghdfe
 19.                 }
 20.                 else {
 21.                         local esout_p popover65_
 22.                         local esout_m popover65_m
 23.                         local esout_f popover65_f
 24.                         local es_ytitle "Population 65+ (% change from 1996)"
 25.                         local es_outfile "$figures/appendix/AF_migration_es_poisson.pdf"
 26.                         local es_outfile_repo "$repo_figures/appendix/AF_migration_es_poisson.pdf"
 27.                         local es_cmd ppmlhdfe
 28.                 }
 29. 
.                 foreach pnl in p m f {
 30.                         local esout `esout_`pnl''
 31. 
.                         capture `es_cmd' `esout' c.${mig99}##ib6.year_1995 ///
>                                 if $sample_marg & $mig_yrcond, ///
>                                 a(cve_ent_mun_super) vce(cluster cve_ent_mun_super)
 32.                         if !_rc & e(N) > 0 {
 33.                                 forval pos = 1/16 {
 34.                                         if `pos' == 6 {
 35.                                                 local bes_`pnl'_`pos'  = 0
 36.                                                 local sees_`pnl'_`pos' = 0
 37.                                         }
 38.                                         else if "`spec'" == "poisson" {
 39.                                                 local bes_`pnl'_`pos'  = (exp(_b[`pos'.year_1995#c.${m
> ig99}])-1)*100
 40.                                                 local sees_`pnl'_`pos' = exp(_b[`pos'.year_1995#c.${mi
> g99}])*_se[`pos'.year_1995#c.${mig99}]*100
 41.                                         }
 42.                                         else {
 43.                                                 local bes_`pnl'_`pos'  = _b[`pos'.year_1995#c.${mig99}
> ]
 44.                                                 local sees_`pnl'_`pos' = _se[`pos'.year_1995#c.${mig99
> }]
 45.                                         }
 46.                                 }
 47.                                 local esok_`pnl' = 1
 48.                         }
 49.                         else {
 50.                                 di as error "Population event study (`spec'), panel `pnl': `es_cmd' fa
> iled (rc=`_rc'); panel skipped"
 51.                                 local esok_`pnl' = 0
 52.                         }
 53.                 }
 54. 
.                 if `esok_p' == 1 & `esok_m' == 1 & `esok_f' == 1 {
 55.                         preserve
 56.                         clear
 57.                         set obs 16
 58.                         gen yr_pos = _n
 59.                         gen xpos_p = yr_pos - 0.18
 60.                         gen xpos_m = yr_pos
 61.                         gen xpos_f = yr_pos + 0.18
 62.                         foreach s in p m f {
 63.                                 gen b_`s'  = .
 64.                                 gen hi_`s' = .
 65.                                 gen lo_`s' = .
 66.                         }
 67.                         forval pos = 1/16 {
 68.                                 foreach s in p m f {
 69.                                         replace b_`s'  = `bes_`s'_`pos''                          if y
> r_pos == `pos'
 70.                                         replace hi_`s' = `bes_`s'_`pos'' + 1.96 * `sees_`s'_`pos'' if 
> yr_pos == `pos'
 71.                                         replace lo_`s' = `bes_`s'_`pos'' - 1.96 * `sees_`s'_`pos'' if 
> yr_pos == `pos'
 72.                                 }
 73.                         }
 74. 
.                         twoway ///
>                                 (rcap hi_p lo_p xpos_p, lcolor(black%60) lwidth(vthin) lpattern(solid)) /
> //
>                                 (scatter b_p xpos_p, mcolor(black) msymbol(circle) msize(vsmall)) ///
>                                 (rcap hi_f lo_f xpos_f, lcolor(red%60) lwidth(vthin) lpattern(dash)) ///
>                                 (scatter b_f xpos_f, mcolor(red) msymbol(square) msize(vsmall)) ///
>                                 (rcap hi_m lo_m xpos_m, lcolor(blue%60) lwidth(vthin) lpattern(shortdash_
> dot)) ///
>                                 (scatter b_m xpos_m, mcolor(blue) msymbol(triangle) msize(vsmall)) ///
>                                 (line b_p xpos_p if 1==0, lcolor(black) lpattern(solid) lwidth(thin) mcol
> or(black) msymbol(circle) msize(vsmall)) ///
>                                 (line b_f xpos_f if 1==0, lcolor(red) lpattern(dash) lwidth(thin) mcolor(
> red) msymbol(square) msize(vsmall)) ///
>                                 (line b_m xpos_m if 1==0, lcolor(blue) lpattern(shortdash_dot) lwidth(thi
> n) mcolor(blue) msymbol(triangle) msize(vsmall)), ///
>                                 yline(0, lcolor(gs8) lpattern(solid) lwidth(vthin)) ///
>                                 xline(6.5, lcolor(yellow) lpattern(dash) lwidth(vthin)) ///
>                                 xlabel(`yr_labels', labsize(small) angle(45) labcolor(black)) ///
>                                 xscale(range(0.5 16.5)) ///
>                                 xtitle("") ///
>                                 ytitle("`es_ytitle'", size(medsmall)) ///
>                                 ylabel(, grid gmin gmax labsize(small)) ///
>                                 legend(order(7 "Pooled" 8 "Female" 9 "Male") ///
>                                         cols(3) size(small) position(6) ring(1) ///
>                                         region(lcolor(none)) symxsize(5) keygap(1) rowgap(0)) ///
>                                 graphregion(color(white)) ///
>                                 plotregion(margin(l=1 r=1))
 75.                         graph export "`es_outfile'", as(pdf) replace
 76.                         if "$repo_figures" != "" graph export "`es_outfile_repo'", as(pdf) replace
 77.                         restore
 78.                         di "Figure exported to: `es_outfile'"
 79.                 }
 80.                 else di as error "Population event study (`spec') not plotted: at least one panel fail
> ed to estimate."
 81.         }
Number of observations (_N) was 0, now 16.
(16 missing values generated)
(16 missing values generated)
(16 missing values generated)
(16 missing values generated)
(16 missing values generated)
(16 missing values generated)
(16 missing values generated)
(16 missing values generated)
(16 missing values generated)
(1 real change made)
(1 real change made)
(1 real change made)
(1 real change made)
(1 real change made)
(1 real change made)
(1 real change made)
(1 real change made)
(1 real change made)
(1 real change made)
(1 real change made)
(1 real change made)
(1 real change made)
(1 real change made)
(1 real change made)
(1 real change made)
(1 real change made)
(1 real change made)
(1 real change made)
(1 real change made)
(1 real change made)
(1 real change made)
(1 real change made)
(1 real change made)
(1 real change made)
(1 real change made)
(1 real change made)
(1 real change made)
(1 real change made)
(1 real change made)
(1 real change made)
(1 real change made)
(1 real change made)
(1 real change made)
(1 real change made)
(1 real change made)
(1 real change made)
(1 real change made)
(1 real change made)
(1 real change made)
(1 real change made)
(1 real change made)
(1 real change made)
(1 real change made)
(1 real change made)
(1 real change made)
(1 real change made)
(1 real change made)
(1 real change made)
(1 real change made)
(1 real change made)
(1 real change made)
(1 real change made)
(1 real change made)
(1 real change made)
(1 real change made)
(1 real change made)
(1 real change made)
(1 real change made)
(1 real change made)
(1 real change made)
(1 real change made)
(1 real change made)
(1 real change made)
(1 real change made)
(1 real change made)
(1 real change made)
(1 real change made)
(1 real change made)
(1 real change made)
(1 real change made)
(1 real change made)
(1 real change made)
(1 real change made)
(1 real change made)
(1 real change made)
(1 real change made)
(1 real change made)
(1 real change made)
(1 real change made)
(1 real change made)
(1 real change made)
(1 real change made)
(1 real change made)
(1 real change made)
(1 real change made)
(1 real change made)
(1 real change made)
(1 real change made)
(1 real change made)
(1 real change made)
(1 real change made)
(1 real change made)
(1 real change made)
(1 real change made)
(1 real change made)
(1 real change made)
(1 real change made)
(1 real change made)
(1 real change made)
(1 real change made)
(1 real change made)
(1 real change made)
(1 real change made)
(1 real change made)
(1 real change made)
(1 real change made)
(1 real change made)
(1 real change made)
(1 real change made)
(1 real change made)
(1 real change made)
(1 real change made)
(1 real change made)
(1 real change made)
(1 real change made)
(1 real change made)
(1 real change made)
(1 real change made)
(1 real change made)
(1 real change made)
(1 real change made)
(1 real change made)
(1 real change made)
(1 real change made)
(1 real change made)
(1 real change made)
(1 real change made)
(1 real change made)
(1 real change made)
(1 real change made)
(1 real change made)
(1 real change made)
(1 real change made)
(1 real change made)
(1 real change made)
(1 real change made)
(1 real change made)
(1 real change made)
(1 real change made)
(1 real change made)
(1 real change made)
(1 real change made)
(1 real change made)
file C:\Users\FELIPEME\Dropbox\Aplicaciones\Overleaf\progresa_cct\figures/appendix/AF_migration_es.pdf
    saved as PDF format
file C:\Users\FELIPEME\Documents\projects\progresa_mortality\figures/appendix/AF_migration_es.pdf saved
    as PDF format
Figure exported to: C:\Users\FELIPEME\Dropbox\Aplicaciones\Overleaf\progresa_cct\figures/appendix/AF_migrat
> ion_es.pdf
Number of observations (_N) was 0, now 16.
(16 missing values generated)
(16 missing values generated)
(16 missing values generated)
(16 missing values generated)
(16 missing values generated)
(16 missing values generated)
(16 missing values generated)
(16 missing values generated)
(16 missing values generated)
(1 real change made)
(1 real change made)
(1 real change made)
(1 real change made)
(1 real change made)
(1 real change made)
(1 real change made)
(1 real change made)
(1 real change made)
(1 real change made)
(1 real change made)
(1 real change made)
(1 real change made)
(1 real change made)
(1 real change made)
(1 real change made)
(1 real change made)
(1 real change made)
(1 real change made)
(1 real change made)
(1 real change made)
(1 real change made)
(1 real change made)
(1 real change made)
(1 real change made)
(1 real change made)
(1 real change made)
(1 real change made)
(1 real change made)
(1 real change made)
(1 real change made)
(1 real change made)
(1 real change made)
(1 real change made)
(1 real change made)
(1 real change made)
(1 real change made)
(1 real change made)
(1 real change made)
(1 real change made)
(1 real change made)
(1 real change made)
(1 real change made)
(1 real change made)
(1 real change made)
(1 real change made)
(1 real change made)
(1 real change made)
(1 real change made)
(1 real change made)
(1 real change made)
(1 real change made)
(1 real change made)
(1 real change made)
(1 real change made)
(1 real change made)
(1 real change made)
(1 real change made)
(1 real change made)
(1 real change made)
(1 real change made)
(1 real change made)
(1 real change made)
(1 real change made)
(1 real change made)
(1 real change made)
(1 real change made)
(1 real change made)
(1 real change made)
(1 real change made)
(1 real change made)
(1 real change made)
(1 real change made)
(1 real change made)
(1 real change made)
(1 real change made)
(1 real change made)
(1 real change made)
(1 real change made)
(1 real change made)
(1 real change made)
(1 real change made)
(1 real change made)
(1 real change made)
(1 real change made)
(1 real change made)
(1 real change made)
(1 real change made)
(1 real change made)
(1 real change made)
(1 real change made)
(1 real change made)
(1 real change made)
(1 real change made)
(1 real change made)
(1 real change made)
(1 real change made)
(1 real change made)
(1 real change made)
(1 real change made)
(1 real change made)
(1 real change made)
(1 real change made)
(1 real change made)
(1 real change made)
(1 real change made)
(1 real change made)
(1 real change made)
(1 real change made)
(1 real change made)
(1 real change made)
(1 real change made)
(1 real change made)
(1 real change made)
(1 real change made)
(1 real change made)
(1 real change made)
(1 real change made)
(1 real change made)
(1 real change made)
(1 real change made)
(1 real change made)
(1 real change made)
(1 real change made)
(1 real change made)
(1 real change made)
(1 real change made)
(1 real change made)
(1 real change made)
(1 real change made)
(1 real change made)
(1 real change made)
(1 real change made)
(1 real change made)
(1 real change made)
(1 real change made)
(1 real change made)
(1 real change made)
(1 real change made)
(1 real change made)
(1 real change made)
(1 real change made)
(1 real change made)
(1 real change made)
file
    C:\Users\FELIPEME\Dropbox\Aplicaciones\Overleaf\progresa_cct\figures/appendix/AF_migration_es_log.pdf
    saved as PDF format
file C:\Users\FELIPEME\Documents\projects\progresa_mortality\figures/appendix/AF_migration_es_log.pdf
    saved as PDF format
Figure exported to: C:\Users\FELIPEME\Dropbox\Aplicaciones\Overleaf\progresa_cct\figures/appendix/AF_migrat
> ion_es_log.pdf
Number of observations (_N) was 0, now 16.
(16 missing values generated)
(16 missing values generated)
(16 missing values generated)
(16 missing values generated)
(16 missing values generated)
(16 missing values generated)
(16 missing values generated)
(16 missing values generated)
(16 missing values generated)
(1 real change made)
(1 real change made)
(1 real change made)
(1 real change made)
(1 real change made)
(1 real change made)
(1 real change made)
(1 real change made)
(1 real change made)
(1 real change made)
(1 real change made)
(1 real change made)
(1 real change made)
(1 real change made)
(1 real change made)
(1 real change made)
(1 real change made)
(1 real change made)
(1 real change made)
(1 real change made)
(1 real change made)
(1 real change made)
(1 real change made)
(1 real change made)
(1 real change made)
(1 real change made)
(1 real change made)
(1 real change made)
(1 real change made)
(1 real change made)
(1 real change made)
(1 real change made)
(1 real change made)
(1 real change made)
(1 real change made)
(1 real change made)
(1 real change made)
(1 real change made)
(1 real change made)
(1 real change made)
(1 real change made)
(1 real change made)
(1 real change made)
(1 real change made)
(1 real change made)
(1 real change made)
(1 real change made)
(1 real change made)
(1 real change made)
(1 real change made)
(1 real change made)
(1 real change made)
(1 real change made)
(1 real change made)
(1 real change made)
(1 real change made)
(1 real change made)
(1 real change made)
(1 real change made)
(1 real change made)
(1 real change made)
(1 real change made)
(1 real change made)
(1 real change made)
(1 real change made)
(1 real change made)
(1 real change made)
(1 real change made)
(1 real change made)
(1 real change made)
(1 real change made)
(1 real change made)
(1 real change made)
(1 real change made)
(1 real change made)
(1 real change made)
(1 real change made)
(1 real change made)
(1 real change made)
(1 real change made)
(1 real change made)
(1 real change made)
(1 real change made)
(1 real change made)
(1 real change made)
(1 real change made)
(1 real change made)
(1 real change made)
(1 real change made)
(1 real change made)
(1 real change made)
(1 real change made)
(1 real change made)
(1 real change made)
(1 real change made)
(1 real change made)
(1 real change made)
(1 real change made)
(1 real change made)
(1 real change made)
(1 real change made)
(1 real change made)
(1 real change made)
(1 real change made)
(1 real change made)
(1 real change made)
(1 real change made)
(1 real change made)
(1 real change made)
(1 real change made)
(1 real change made)
(1 real change made)
(1 real change made)
(1 real change made)
(1 real change made)
(1 real change made)
(1 real change made)
(1 real change made)
(1 real change made)
(1 real change made)
(1 real change made)
(1 real change made)
(1 real change made)
(1 real change made)
(1 real change made)
(1 real change made)
(1 real change made)
(1 real change made)
(1 real change made)
(1 real change made)
(1 real change made)
(1 real change made)
(1 real change made)
(1 real change made)
(1 real change made)
(1 real change made)
(1 real change made)
(1 real change made)
(1 real change made)
(1 real change made)
(1 real change made)
(1 real change made)
(1 real change made)
(1 real change made)
file
    C:\Users\FELIPEME\Dropbox\Aplicaciones\Overleaf\progresa_cct\figures/appendix/AF_migration_es_poisson
    > .pdf saved as PDF format
file C:\Users\FELIPEME\Documents\projects\progresa_mortality\figures/appendix/AF_migration_es_poisson.pdf
    saved as PDF format
Figure exported to: C:\Users\FELIPEME\Dropbox\Aplicaciones\Overleaf\progresa_cct\figures/appendix/AF_migrat
> ion_es_poisson.pdf
. }

. 
. *============================================================
. * MIGRATION EVENT STUDY (FIXED-DENOMINATOR COMPARISON) -- a separate
. * figure, deliberately NOT gated on the $mig_intensity switch above, so
. * it does not require setting $mig_intensity = "pre1990" and re-running
. * the whole file: this block always runs and always produces its own
. * figure, letting the default ("yearvar") AF_migration_es.pdf and this
. * fixed-denominator version be compared side by side from a single run.
. *
. * Uses the "pre1990" construction from FIX 1 above (pgbenef_*/hh_tot1990
. * -- the 1990 census household count, seven years before rollout):
. * strictly pre-determined, so no program-induced population change can
. * enter the regressor. Levels only, pooled/female/male, same style as
. * AF_migration_es.pdf's levels panel.
. * Output: $figures/appendix/AF_migration_es_fixeddenom.pdf
. *============================================================
. cap drop inten1999_fix90_cmp inten2005_fix90_cmp

. gen inten1999_fix90_cmp = pgbenef_1999/hh_tot1990
(93 missing values generated)

. gen inten2005_fix90_cmp = pgbenef_2005/hh_tot1990
(93 missing values generated)

. replace inten1999_fix90_cmp = 1 if inten1999_fix90_cmp > 1 & !missing(inten1999_fix90_cmp)
(992 real changes made)

. replace inten2005_fix90_cmp = 1 if inten2005_fix90_cmp > 1 & !missing(inten2005_fix90_cmp)
(13,144 real changes made)

. label var inten1999_fix90_cmp "Intensity 1999 (fixed 1990-census HH denominator)"

. label var inten2005_fix90_cmp "Intensity 2005 (fixed 1990-census HH denominator)"

. 
. local yr_labels_fd `"1 "1991" 2 "1992" 3 "1993" 4 "1994" 5 "1995" 6 "1996" 7 "1997" 8 "1998" 9 "1999" 10 
> "2000" 11 "2001" 12 "2002" 13 "2003" 14 "2004" 15 "2005" 16 "2006""'

. 
. foreach pnl in p m f {
  2.         if "`pnl'" == "p"      local esout popover65_
  3.         else if "`pnl'" == "m" local esout popover65_m
  4.         else                     local esout popover65_f
  5. 
.         * No SP control, same as the default-denominator figure above (FIX
.         * per the coauthor's request -- Seguro Popular intensity is not a
.         * nuisance control this check needs).
.         capture reghdfe `esout' c.inten1999_fix90_cmp##ib6.year_1995 ///
>                 if $sample_marg & $mig_yrcond, ///
>                 a(cve_ent_mun_super) vce(cluster cve_ent_mun_super)
  6.         if !_rc & e(N) > 0 {
  7.                 forval pos = 1/16 {
  8.                         if `pos' == 6 {
  9.                                 local bfd_`pnl'_`pos'  = 0
 10.                                 local sefd_`pnl'_`pos' = 0
 11.                         }
 12.                         else {
 13.                                 local bfd_`pnl'_`pos'  = _b[`pos'.year_1995#c.inten1999_fix90_cmp]
 14.                                 local sefd_`pnl'_`pos' = _se[`pos'.year_1995#c.inten1999_fix90_cmp]
 15.                         }
 16.                 }
 17.                 local fdok_`pnl' = 1
 18.         }
 19.         else {
 20.                 di as error "Fixed-denominator population event study, panel `pnl': reghdfe failed or 
> empty sample (rc=`_rc'); panel skipped"
 21.                 local fdok_`pnl' = 0
 22.         }
 23. }

. 
. if `fdok_p' == 1 & `fdok_m' == 1 & `fdok_f' == 1 {
.         preserve
.         clear
.         set obs 16
Number of observations (_N) was 0, now 16.
.         gen yr_pos = _n
.         gen xpos_p = yr_pos - 0.18
.         gen xpos_m = yr_pos
.         gen xpos_f = yr_pos + 0.18
.         foreach s in p m f {
  2.                 gen b_`s'  = .
  3.                 gen hi_`s' = .
  4.                 gen lo_`s' = .
  5.         }
(16 missing values generated)
(16 missing values generated)
(16 missing values generated)
(16 missing values generated)
(16 missing values generated)
(16 missing values generated)
(16 missing values generated)
(16 missing values generated)
(16 missing values generated)
.         forval pos = 1/16 {
  2.                 foreach s in p m f {
  3.                         replace b_`s'  = `bfd_`s'_`pos''                           if yr_pos == `pos'
  4.                         replace hi_`s' = `bfd_`s'_`pos'' + 1.96 * `sefd_`s'_`pos'' if yr_pos == `pos'
  5.                         replace lo_`s' = `bfd_`s'_`pos'' - 1.96 * `sefd_`s'_`pos'' if yr_pos == `pos'
  6.                 }
  7.         }
(1 real change made)
(1 real change made)
(1 real change made)
(1 real change made)
(1 real change made)
(1 real change made)
(1 real change made)
(1 real change made)
(1 real change made)
(1 real change made)
(1 real change made)
(1 real change made)
(1 real change made)
(1 real change made)
(1 real change made)
(1 real change made)
(1 real change made)
(1 real change made)
(1 real change made)
(1 real change made)
(1 real change made)
(1 real change made)
(1 real change made)
(1 real change made)
(1 real change made)
(1 real change made)
(1 real change made)
(1 real change made)
(1 real change made)
(1 real change made)
(1 real change made)
(1 real change made)
(1 real change made)
(1 real change made)
(1 real change made)
(1 real change made)
(1 real change made)
(1 real change made)
(1 real change made)
(1 real change made)
(1 real change made)
(1 real change made)
(1 real change made)
(1 real change made)
(1 real change made)
(1 real change made)
(1 real change made)
(1 real change made)
(1 real change made)
(1 real change made)
(1 real change made)
(1 real change made)
(1 real change made)
(1 real change made)
(1 real change made)
(1 real change made)
(1 real change made)
(1 real change made)
(1 real change made)
(1 real change made)
(1 real change made)
(1 real change made)
(1 real change made)
(1 real change made)
(1 real change made)
(1 real change made)
(1 real change made)
(1 real change made)
(1 real change made)
(1 real change made)
(1 real change made)
(1 real change made)
(1 real change made)
(1 real change made)
(1 real change made)
(1 real change made)
(1 real change made)
(1 real change made)
(1 real change made)
(1 real change made)
(1 real change made)
(1 real change made)
(1 real change made)
(1 real change made)
(1 real change made)
(1 real change made)
(1 real change made)
(1 real change made)
(1 real change made)
(1 real change made)
(1 real change made)
(1 real change made)
(1 real change made)
(1 real change made)
(1 real change made)
(1 real change made)
(1 real change made)
(1 real change made)
(1 real change made)
(1 real change made)
(1 real change made)
(1 real change made)
(1 real change made)
(1 real change made)
(1 real change made)
(1 real change made)
(1 real change made)
(1 real change made)
(1 real change made)
(1 real change made)
(1 real change made)
(1 real change made)
(1 real change made)
(1 real change made)
(1 real change made)
(1 real change made)
(1 real change made)
(1 real change made)
(1 real change made)
(1 real change made)
(1 real change made)
(1 real change made)
(1 real change made)
(1 real change made)
(1 real change made)
(1 real change made)
(1 real change made)
(1 real change made)
(1 real change made)
(1 real change made)
(1 real change made)
(1 real change made)
(1 real change made)
(1 real change made)
(1 real change made)
(1 real change made)
(1 real change made)
(1 real change made)
(1 real change made)
(1 real change made)
(1 real change made)
(1 real change made)
(1 real change made)
(1 real change made)
. 
.         twoway ///
>                 (rcap hi_p lo_p xpos_p, lcolor(black%60) lwidth(vthin) lpattern(solid)) ///
>                 (scatter b_p xpos_p, mcolor(black) msymbol(circle) msize(vsmall)) ///
>                 (rcap hi_f lo_f xpos_f, lcolor(red%60) lwidth(vthin) lpattern(dash)) ///
>                 (scatter b_f xpos_f, mcolor(red) msymbol(square) msize(vsmall)) ///
>                 (rcap hi_m lo_m xpos_m, lcolor(blue%60) lwidth(vthin) lpattern(shortdash_dot)) ///
>                 (scatter b_m xpos_m, mcolor(blue) msymbol(triangle) msize(vsmall)) ///
>                 (line b_p xpos_p if 1==0, lcolor(black) lpattern(solid) lwidth(thin) mcolor(black) msymbo
> l(circle) msize(vsmall)) ///
>                 (line b_f xpos_f if 1==0, lcolor(red) lpattern(dash) lwidth(thin) mcolor(red) msymbol(squ
> are) msize(vsmall)) ///
>                 (line b_m xpos_m if 1==0, lcolor(blue) lpattern(shortdash_dot) lwidth(thin) mcolor(blue) 
> msymbol(triangle) msize(vsmall)), ///
>                 yline(0, lcolor(gs8) lpattern(solid) lwidth(vthin)) ///
>                 xline(6.5, lcolor(yellow) lpattern(dash) lwidth(vthin)) ///
>                 xlabel(`yr_labels_fd', labsize(small) angle(45) labcolor(black)) ///
>                 xscale(range(0.5 16.5)) ///
>                 xtitle("") ///
>                 ytitle("Population 65+ (count)", size(medsmall)) ///
>                 ylabel(, grid gmin gmax labsize(small)) ///
>                 legend(order(7 "Pooled" 8 "Female" 9 "Male") ///
>                         cols(3) size(small) position(6) ring(1) ///
>                         region(lcolor(none)) symxsize(5) keygap(1) rowgap(0)) ///
>                 graphregion(color(white)) ///
>                 plotregion(margin(l=1 r=1))
.         graph export "$figures/appendix/AF_migration_es_fixeddenom.pdf", as(pdf) replace
file
    C:\Users\FELIPEME\Dropbox\Aplicaciones\Overleaf\progresa_cct\figures/appendix/AF_migration_es_fixedde
    > nom.pdf saved as PDF format
.         if "$repo_figures" != "" graph export "$repo_figures/appendix/AF_migration_es_fixeddenom.pdf", as
> (pdf) replace
file
    C:\Users\FELIPEME\Documents\projects\progresa_mortality\figures/appendix/AF_migration_es_fixeddenom.p
    > df saved as PDF format
.         restore
.         di "Figure exported to: $figures/appendix/AF_migration_es_fixeddenom.pdf"
Figure exported to: C:\Users\FELIPEME\Dropbox\Aplicaciones\Overleaf\progresa_cct\figures/appendix/AF_migrat
> ion_es_fixeddenom.pdf
. }

. else di as error "Fixed-denominator population event study not plotted: at least one panel failed to esti
> mate."

. 
. *============================================================
. * MORTALITY WITH A PRE-PROGRAM (FIXED) POPULATION OFFSET
. * Output: $tables/appendix/AT_fixed_offset_poisson.tex
. *
. * This is the check that makes the migration threat moot for the paper's
. * HEADLINE result rather than merely testing it.
. *
. * Migration threatens the mortality estimate through the DENOMINATOR: the
. * outcome emr65 = death65*1000/popover65_ divides by a contemporaneous,
. * post-program population that migration can move. If instead we model
. * raw DEATH COUNTS with an offset FIXED at each municipality's 1996
. * (pre-program) 65+ population, no post-1997 population change can enter
. * the estimate at all -- by construction, not by assumption. Column (2)
. * is therefore immune to the entire selective-out-migration story.
. *
. * Column (1) repeats the standard Poisson with the contemporaneous
. * offset (as in AT4_functional_forms) so the two are directly comparable:
. * if (1) and (2) agree, migration cannot be driving the mortality null,
. * whatever the population tables happen to show.
. *============================================================
. cap drop popover65_1996 popover65_m1996 popover65_f1996

. foreach sfx in "_" "_m" "_f" {
  2.         g aux = popover65`sfx' if year == 1996
  3.         bys cve_ent_mun_super: egen popover65`sfx'1996 = min(aux)
  4.         drop aux
  5. }
(71,241 missing values generated)
(651 missing values generated)
(71,241 missing values generated)
(651 missing values generated)
(71,241 missing values generated)
(651 missing values generated)

. cap drop lpop96 lpop96_m lpop96_f

. g lpop96   = log(popover65_1996)
(651 missing values generated)

. g lpop96_m = log(popover65_m1996)
(651 missing values generated)

. g lpop96_f = log(popover65_f1996)
(651 missing values generated)

. 
. foreach pnl in p m f {
  2.         if "`pnl'" == "p" {
  3.                 local dout death65
  4.                 local offc lpopover65
  5.                 local offf lpop96
  6.                 local wv   popover65_
  7.         }
  8.         else if "`pnl'" == "m" {
  9.                 local dout death65m
 10.                 local offc lpopover65_m
 11.                 local offf lpop96_m
 12.                 local wv   popover65_m
 13.         }
 14.         else {
 15.                 local dout death65f
 16.                 local offc lpopover65_f
 17.                 local offf lpop96_f
 18.                 local wv   popover65_f
 19.         }
 20. 
.         foreach c in 1 2 {
 21.                 local bFO_`pnl'_`c'  "n/a"
 22.                 local seFO_`pnl'_`c' "n/a"
 23.                 local NFO_`pnl'_`c'  "n/a"
 24.         }
 25. 
.         * col 1: contemporaneous offset (the standard specification)
.         * col 2: offset fixed at the 1996 pre-program population
.         forval c = 1/2 {
 26.                 if `c' == 1 local offset_use `offc'
 27.                 else        local offset_use `offf'
 28. 
.                 capture ppmlhdfe `dout' c.inten1999#i.post c.inten2005#i.post c.sp_intensity ///
>                         [pw=`wv'] if $sample_marg, a(year cve_ent_mun_super) ///
>                         offset(`offset_use') vce(cluster cve_ent_mun_super)
 29.                 if !_rc & e(N) > 0 {
 30.                         local aux : di %12.2f (exp(_b[1.post#c.inten1999])-1)*100
 31.                         local seFO_`pnl'_`c' : di %12.2f exp(_b[1.post#c.inten1999])*_se[1.post#c.inte
> n1999]*100
 32.                         local t = abs(`aux' / `seFO_`pnl'_`c'')
 33.                         if      `t' >= 2.576 local bFO_`pnl'_`c' = "`aux'***"
 34.                         else if `t' >= 1.96  local bFO_`pnl'_`c' = "`aux'**"
 35.                         else if `t' >= 1.645 local bFO_`pnl'_`c' = "`aux'*"
 36.                         else                  local bFO_`pnl'_`c' = "`aux'"
 37.                         local NFO_`pnl'_`c' : di %12.0fc e(N)
 38.                 }
 39.                 else di as error "Fixed-offset Poisson, panel `pnl', col `c': ppmlhdfe failed or empty
>  sample (rc=`_rc'), leaving cells n/a"
 40.         }
 41. }

. 
. {
.         cap file close fo
.         file open fo using "$tables/appendix/AT_fixed_offset_poisson.tex", write replace
.         file write fo "\begin{tabular}{lcc} \hline \hline" _n
.         file write fo "& Contemporaneous offset & Fixed 1996 offset \\ " _n
.         file write fo "\cmidrule(lr){2-2}\cmidrule(lr){3-3}" _n
.         file write fo "& \multicolumn{1}{c}{(1)} & \multicolumn{1}{c}{(2)} \\ \toprule" _n
.         file write fo "\underline{\textit{Panel A: Pooled}} \\ " _n
.         file write fo "\textit{Intensity 1999 x post (1997-2006)} & `bFO_p_1' & `bFO_p_2' \\ " _n
.         file write fo " & (`seFO_p_1') & (`seFO_p_2') \\ " _n
.         file write fo "Obs & `NFO_p_1' & `NFO_p_2' \\ " _n
.         file write fo "  & & \\ " _n
.         file write fo "\underline{\textit{Panel B: Females}} \\ " _n
.         file write fo "\textit{Intensity 1999 x post (1997-2006)} & `bFO_f_1' & `bFO_f_2' \\ " _n
.         file write fo " & (`seFO_f_1') & (`seFO_f_2') \\ " _n
.         file write fo "Obs & `NFO_f_1' & `NFO_f_2' \\ " _n
.         file write fo "  & & \\ " _n
.         file write fo "\underline{\textit{Panel C: Males}} \\ " _n
.         file write fo "\textit{Intensity 1999 x post (1997-2006)} & `bFO_m_1' & `bFO_m_2' \\ " _n
.         file write fo " & (`seFO_m_1') & (`seFO_m_2') \\ " _n
.         file write fo "Obs & `NFO_m_1' & `NFO_m_2' \\ \bottomrule" _n
.         file write fo "\end{tabular}"
.         file close fo
.         if "$repo_tables" != "" copy "$tables/appendix/AT_fixed_offset_poisson.tex" "$repo_tables/appendi
> x/AT_fixed_offset_poisson.tex", replace
. }

. di "Table exported to: $tables/appendix/AT_fixed_offset_poisson.tex"
Table exported to: C:\Users\FELIPEME\Dropbox\Aplicaciones\Overleaf\progresa_cct\tables/appendix/AT_fixed_of
> fset_poisson.tex

. 
. *============================================================
. * APPENDIX FIGURE (companion to af:es_sample_compare / Figure A.9):
. * Event Study by Sex and Sample, 1992-2002, WITH an Intensity_2002
. * control -- moved here from codes/02_mortality.do per the coauthor's
. * request. STILL DISPLAYED in the paper (figures_app.tex,
. * af:es_sample_compare_2002ctrl) -- unlike the "MOVED FROM" block
. * below, this one's `graph export' lines stay ACTIVE.
. *
. * Same weighted+SP baseline (wsp) as af:es_sample_compare, overlaid
. * with weighted+SP+Intensity_2002 control (wsp2002) -- the event-study
. * analogue of the Intensity_2002 control column in Appendix Table
. * at:did_robust_br2_2002ctrl_eoy -- for the same four Females/Males x
. * BR/HighMarg panels. Self-contained (recomputes the wsp baseline
. * itself, rather than depending on 02_mortality.do's AF9a-d locals).
. * Output: $figures/appendix/AF9a2-d2_..._2002ctrl.pdf
. *============================================================
. {
. local yr_labels `"2 "1992" 3 "1993" 4 "1994" 5 "1995" 6 "1996" 7 "1997" 8 "1998" 9 "1999" 10 "2000" 11 "2
> 001" 12 "2002""'
. 
. foreach samp in br marg {
  2. 
.         if "`samp'" == "br" local samp_cond = "$sample_br"
  3.         else                 local samp_cond = "$sample_marg"
  4. 
.         foreach outcome in emr65f emr65m {
  5. 
.                 if regexm("`outcome'", "f$") local wvar = "popover65_f"
  6.                 else                          local wvar = "popover65_m"
  7. 
.                 foreach spec in wsp wsp2002 {
  8.                         if "`spec'" == "wsp" {
  9.                                 reghdfe `outcome' c.inten1999##ib6.year_1995 c.sp_intensity [aw=`wvar'
> ] ///
>                                         if inrange(year,1992,2002) & `samp_cond', ///
>                                         a(year cve_ent_mun_super) vce(cluster cve_ent_mun_super)
 10.                         }
 11.                         else {
 12.                                 reghdfe `outcome' c.inten1999##ib6.year_1995 c.inten2002##ib6.year_199
> 5 ///
>                                         c.sp_intensity [aw=`wvar'] ///
>                                         if inrange(year,1992,2002) & `samp_cond', ///
>                                         a(year cve_ent_mun_super) vce(cluster cve_ent_mun_super)
 13.                         }
 14. 
.                         forval pos = 2/12 {
 15.                                 if `pos' == 6 {
 16.                                         local b_`spec'_`pos'  = 0
 17.                                         local se_`spec'_`pos' = 0
 18.                                 }
 19.                                 else {
 20.                                         local b_`spec'_`pos'  = _b[`pos'.year_1995#c.inten1999]
 21.                                         local se_`spec'_`pos' = _se[`pos'.year_1995#c.inten1999]
 22.                                 }
 23.                         }
 24.                 }
 25. 
.                 preserve
 26.                 clear
 27.                 set obs 11
 28.                 gen yr_pos = _n + 1
 29.                 gen xpos_wsp     = yr_pos - 0.08
 30.                 gen xpos_wsp2002 = yr_pos + 0.08
 31.                 foreach spec in wsp wsp2002 {
 32.                         gen b_`spec'  = .
 33.                         gen hi_`spec' = .
 34.                         gen lo_`spec' = .
 35.                 }
 36.                 forval pos = 2/12 {
 37.                         foreach spec in wsp wsp2002 {
 38.                                 replace b_`spec'  = `b_`spec'_`pos''                             if yr
> _pos == `pos'
 39.                                 replace hi_`spec' = `b_`spec'_`pos'' + 1.96 * `se_`spec'_`pos'' if yr_
> pos == `pos'
 40.                                 replace lo_`spec' = `b_`spec'_`pos'' - 1.96 * `se_`spec'_`pos'' if yr_
> pos == `pos'
 41.                         }
 42.                 }
 43. 
.                 * Same color convention as af:es_sample_compare: female=red,
.                 * male=blue; baseline (wsp) at %80 opacity solid, 2002-control
.                 * (wsp2002) at %60 opacity dashed.
.                 if regexm("`outcome'", "f$") {
 44.                         local col_wsp     = "red%80"
 45.                         local col_wsp2002 = "red%60"
 46.                 }
 47.                 else {
 48.                         local col_wsp     = "blue%80"
 49.                         local col_wsp2002 = "blue%60"
 50.                 }
 51. 
.                 twoway ///
>                         (rcap hi_wsp lo_wsp xpos_wsp, lcolor(`col_wsp') lwidth(vthin)) ///
>                         (scatter b_wsp xpos_wsp, mcolor(`col_wsp') msymbol(triangle) msize(vsmall)) ///
>                         (rcap hi_wsp2002 lo_wsp2002 xpos_wsp2002, lcolor(`col_wsp2002') lpattern(dash) lw
> idth(vthin)) ///
>                         (scatter b_wsp2002 xpos_wsp2002, mcolor(`col_wsp2002') msymbol(diamond) msize(vsm
> all)) ///
>                         (line b_wsp xpos_wsp if 1==0, lcolor(`col_wsp') lpattern(solid) lwidth(thin) msym
> bol(triangle) mcolor(`col_wsp') msize(vsmall)) ///
>                         (line b_wsp2002 xpos_wsp2002 if 1==0, lcolor(`col_wsp2002') lpattern(dash) lwidth
> (thin) msymbol(diamond) mcolor(`col_wsp2002') msize(vsmall)), ///
>                         yline(0, lcolor(gs8) lpattern(solid) lwidth(vthin)) ///
>                         xline(6.5, lcolor(yellow) lpattern(dash) lwidth(vthin)) ///
>                         xlabel(`yr_labels', labsize(small) angle(45) labcolor(black)) ///
>                         xscale(range(1.5 12.5)) ///
>                         xtitle("") ///
>                         ytitle("Mortality Rate (per 1,000)", size(medsmall)) ///
>                         ylabel(-20(5)15, grid gmin gmax labsize(small)) ///
>                         legend(order(5 "Weighted (baseline)" 6 "Weighted + Intensity 2002 control") ///
>                                 cols(1) size(medsmall) position(6) ring(1) ///
>                                 region(lcolor(none)) symxsize(5) keygap(1) rowgap(0)) ///
>                         graphregion(color(white)) ///
>                         plotregion(margin(l=1 r=1))
 52. 
.                 if      "`outcome'" == "emr65f" & "`samp'" == "br"   local f6b_stem "AF9a2_emr65f_BR_2002
> ctrl"
 53.                 else if "`outcome'" == "emr65f" & "`samp'" == "marg" local f6b_stem "AF9b2_emr65f_High
> Marg_2002ctrl"
 54.                 else if "`outcome'" == "emr65m" & "`samp'" == "br"   local f6b_stem "AF9c2_emr65m_BR_2
> 002ctrl"
 55.                 else                                                  local f6b_stem "AF9d2_emr65m_Hig
> hMarg_2002ctrl"
 56.                 graph export "$figures/appendix/`f6b_stem'.pdf", as(pdf) replace
 57.                 if "$repo_figures" != "" graph export "$repo_figures/appendix/`f6b_stem'.pdf", as(pdf)
>  replace
 58.                 restore
 59.         }
 60. }
(MWFE estimator converged in 4 iterations)
note: inten1999 is probably collinear with the fixed effects (all partialled-out values are close to zero; 
> tol = 1.0e-09)
note: 2bn.year_1995 is probably collinear with the fixed effects (all partialled-out values are close to ze
> ro; tol = 1.0e-09)
note: 3bn.year_1995 is probably collinear with the fixed effects (all partialled-out values are close to ze
> ro; tol = 1.0e-09)
note: 4bn.year_1995 is probably collinear with the fixed effects (all partialled-out values are close to ze
> ro; tol = 1.0e-09)
note: 5bn.year_1995 is probably collinear with the fixed effects (all partialled-out values are close to ze
> ro; tol = 1.0e-09)
note: 7bn.year_1995 is probably collinear with the fixed effects (all partialled-out values are close to ze
> ro; tol = 1.0e-09)
note: 8bn.year_1995 is probably collinear with the fixed effects (all partialled-out values are close to ze
> ro; tol = 1.0e-09)
note: 9bn.year_1995 is probably collinear with the fixed effects (all partialled-out values are close to ze
> ro; tol = 1.0e-09)
note: 10bn.year_1995 is probably collinear with the fixed effects (all partialled-out values are close to z
> ero; tol = 1.0e-09)
note: 11bn.year_1995 is probably collinear with the fixed effects (all partialled-out values are close to z
> ero; tol = 1.0e-09)
note: 12bn.year_1995 is probably collinear with the fixed effects (all partialled-out values are close to z
> ero; tol = 1.0e-09)

HDFE Linear regression                            Number of obs   =     15,642
Absorbing 2 HDFE groups                           F(  11,   1421) =       3.09
Statistics robust to heteroskedasticity           Prob > F        =     0.0004
                                                  R-squared       =     0.4338
                                                  Adj R-squared   =     0.3763
                                                  Within R-sq.    =     0.0026
Number of clusters (cve_ent_mun_super) =      1,422Root MSE       =     9.6857

                           (Std. err. adjusted for 1,422 clusters in cve_ent_mun_super)
---------------------------------------------------------------------------------------
                      |               Robust
               emr65f | Coefficient  std. err.      t    P>|t|     [95% conf. interval]
----------------------+----------------------------------------------------------------
            inten1999 |          0  (omitted)
                      |
            year_1995 |
                1992  |          0  (omitted)
                1993  |          0  (omitted)
                1994  |          0  (omitted)
                1995  |          0  (omitted)
                1997  |          0  (omitted)
                1998  |          0  (omitted)
                1999  |          0  (omitted)
                2000  |          0  (omitted)
                2001  |          0  (omitted)
                2002  |          0  (omitted)
                      |
year_1995#c.inten1999 |
                1992  |  -.5604343   2.180816    -0.26   0.797    -4.838399    3.717531
                1993  |   3.023093   2.087182     1.45   0.148    -1.071196    7.117382
                1994  |   1.350338   1.886872     0.72   0.474    -2.351016    5.051692
                1995  |   1.442606   2.095965     0.69   0.491    -2.668911    5.554123
                1997  |   .7087837   1.923571     0.37   0.713    -3.064561    4.482128
                1998  |   2.800333    2.02192     1.38   0.166    -1.165935    6.766602
                1999  |  -1.061142   1.838734    -0.58   0.564    -4.668066    2.545782
                2000  |  -4.223595   2.010102    -2.10   0.036    -8.166681   -.2805095
                2001  |    -4.2283   1.966547    -2.15   0.032    -8.085947   -.3706533
                2002  |  -1.163699   1.977753    -0.59   0.556    -5.043327     2.71593
                      |
         sp_intensity |   10.65313   5.328564     2.00   0.046     .2004358    21.10583
                _cons |   44.01565   .2861947   153.80   0.000     43.45424    44.57706
---------------------------------------------------------------------------------------

Absorbed degrees of freedom:
-----------------------------------------------------------+
       Absorbed FE | Categories  - Redundant  = Num. Coefs |
-------------------+---------------------------------------|
              year |        11           1          10     |
 cve_ent_mun_super |      1422        1422           0    *|
-----------------------------------------------------------+
* = FE nested within cluster; treated as redundant for DoF computation
(MWFE estimator converged in 4 iterations)
note: inten1999 is probably collinear with the fixed effects (all partialled-out values are close to zero; 
> tol = 1.0e-09)
note: 2bn.year_1995 is probably collinear with the fixed effects (all partialled-out values are close to ze
> ro; tol = 1.0e-09)
note: 3bn.year_1995 is probably collinear with the fixed effects (all partialled-out values are close to ze
> ro; tol = 1.0e-09)
note: 4bn.year_1995 is probably collinear with the fixed effects (all partialled-out values are close to ze
> ro; tol = 1.0e-09)
note: 5bn.year_1995 is probably collinear with the fixed effects (all partialled-out values are close to ze
> ro; tol = 1.0e-09)
note: 7bn.year_1995 is probably collinear with the fixed effects (all partialled-out values are close to ze
> ro; tol = 1.0e-09)
note: 8bn.year_1995 is probably collinear with the fixed effects (all partialled-out values are close to ze
> ro; tol = 1.0e-09)
note: 9bn.year_1995 is probably collinear with the fixed effects (all partialled-out values are close to ze
> ro; tol = 1.0e-09)
note: 10bn.year_1995 is probably collinear with the fixed effects (all partialled-out values are close to z
> ero; tol = 1.0e-09)
note: 11bn.year_1995 is probably collinear with the fixed effects (all partialled-out values are close to z
> ero; tol = 1.0e-09)
note: 12bn.year_1995 is probably collinear with the fixed effects (all partialled-out values are close to z
> ero; tol = 1.0e-09)
note: inten2002 is probably collinear with the fixed effects (all partialled-out values are close to zero; 
> tol = 1.0e-09)

HDFE Linear regression                            Number of obs   =     15,642
Absorbing 2 HDFE groups                           F(  21,   1421) =       2.21
Statistics robust to heteroskedasticity           Prob > F        =     0.0013
                                                  R-squared       =     0.4343
                                                  Adj R-squared   =     0.3765
                                                  Within R-sq.    =     0.0036
Number of clusters (cve_ent_mun_super) =      1,422Root MSE       =     9.6844

                           (Std. err. adjusted for 1,422 clusters in cve_ent_mun_super)
---------------------------------------------------------------------------------------
                      |               Robust
               emr65f | Coefficient  std. err.      t    P>|t|     [95% conf. interval]
----------------------+----------------------------------------------------------------
            inten1999 |          0  (omitted)
                      |
            year_1995 |
                1992  |          0  (omitted)
                1993  |          0  (omitted)
                1994  |          0  (omitted)
                1995  |          0  (omitted)
                1997  |          0  (omitted)
                1998  |          0  (omitted)
                1999  |          0  (omitted)
                2000  |          0  (omitted)
                2001  |          0  (omitted)
                2002  |          0  (omitted)
                      |
year_1995#c.inten1999 |
                1992  |   .5499939   4.443256     0.12   0.902    -8.166052     9.26604
                1993  |  -1.529408   4.533567    -0.34   0.736    -10.42261    7.363795
                1994  |   1.475242   4.285518     0.34   0.731    -6.931379    9.881862
                1995  |   3.596026   4.116375     0.87   0.382    -4.478798    11.67085
                1997  |   .6139942   3.771978     0.16   0.871     -6.78525    8.013238
                1998  |    5.50058   4.117153     1.34   0.182     -2.57577    13.57693
                1999  |   .5939906   3.873563     0.15   0.878    -7.004526    8.192507
                2000  |   3.550622   4.182634     0.85   0.396    -4.654178    11.75542
                2001  |  -3.175158   4.030419    -0.79   0.431    -11.08137    4.731052
                2002  |   1.309336   4.083674     0.32   0.749    -6.701341    9.320013
                      |
            inten2002 |          0  (omitted)
                      |
year_1995#c.inten2002 |
                1992  |  -.9804036   3.468066    -0.28   0.777    -7.783483    5.822676
                1993  |   4.011486    3.61602     1.11   0.267    -3.081825     11.1048
                1994  |   -.110557   3.285288    -0.03   0.973    -6.555092    6.333978
                1995  |  -1.900195   3.152437    -0.60   0.547    -8.084126    4.283736
                1997  |   .0830796    2.99461     0.03   0.978    -5.791251     5.95741
                1998  |  -2.381568    3.15264    -0.76   0.450    -8.565897    3.802761
                1999  |  -1.460145   3.039386    -0.48   0.631     -7.42231    4.502019
                2000  |  -6.850385    3.15622    -2.17   0.030    -13.04174   -.6590337
                2001  |  -.9316364   3.151563    -0.30   0.768    -7.113852    5.250579
                2002  |  -2.189197   3.176478    -0.69   0.491    -8.420287    4.041893
                      |
         sp_intensity |   10.44478   5.348784     1.95   0.051    -.0475841    20.93714
                _cons |    44.1607   .3765487   117.28   0.000     43.42205    44.89935
---------------------------------------------------------------------------------------

Absorbed degrees of freedom:
-----------------------------------------------------------+
       Absorbed FE | Categories  - Redundant  = Num. Coefs |
-------------------+---------------------------------------|
              year |        11           1          10     |
 cve_ent_mun_super |      1422        1422           0    *|
-----------------------------------------------------------+
* = FE nested within cluster; treated as redundant for DoF computation
Number of observations (_N) was 0, now 11.
(11 missing values generated)
(11 missing values generated)
(11 missing values generated)
(11 missing values generated)
(11 missing values generated)
(11 missing values generated)
(1 real change made)
(1 real change made)
(1 real change made)
(1 real change made)
(1 real change made)
(1 real change made)
(1 real change made)
(1 real change made)
(1 real change made)
(1 real change made)
(1 real change made)
(1 real change made)
(1 real change made)
(1 real change made)
(1 real change made)
(1 real change made)
(1 real change made)
(1 real change made)
(1 real change made)
(1 real change made)
(1 real change made)
(1 real change made)
(1 real change made)
(1 real change made)
(1 real change made)
(1 real change made)
(1 real change made)
(1 real change made)
(1 real change made)
(1 real change made)
(1 real change made)
(1 real change made)
(1 real change made)
(1 real change made)
(1 real change made)
(1 real change made)
(1 real change made)
(1 real change made)
(1 real change made)
(1 real change made)
(1 real change made)
(1 real change made)
(1 real change made)
(1 real change made)
(1 real change made)
(1 real change made)
(1 real change made)
(1 real change made)
(1 real change made)
(1 real change made)
(1 real change made)
(1 real change made)
(1 real change made)
(1 real change made)
(1 real change made)
(1 real change made)
(1 real change made)
(1 real change made)
(1 real change made)
(1 real change made)
(1 real change made)
(1 real change made)
(1 real change made)
(1 real change made)
(1 real change made)
(1 real change made)
file
    C:\Users\FELIPEME\Dropbox\Aplicaciones\Overleaf\progresa_cct\figures/appendix/AF9a2_emr65f_BR_2002ctr
    > l.pdf saved as PDF format
file
    C:\Users\FELIPEME\Documents\projects\progresa_mortality\figures/appendix/AF9a2_emr65f_BR_2002ctrl.pdf
    saved as PDF format
(MWFE estimator converged in 4 iterations)
note: inten1999 is probably collinear with the fixed effects (all partialled-out values are close to zero; 
> tol = 1.0e-09)
note: 2bn.year_1995 is probably collinear with the fixed effects (all partialled-out values are close to ze
> ro; tol = 1.0e-09)
note: 3bn.year_1995 is probably collinear with the fixed effects (all partialled-out values are close to ze
> ro; tol = 1.0e-09)
note: 4bn.year_1995 is probably collinear with the fixed effects (all partialled-out values are close to ze
> ro; tol = 1.0e-09)
note: 5bn.year_1995 is probably collinear with the fixed effects (all partialled-out values are close to ze
> ro; tol = 1.0e-09)
note: 7bn.year_1995 is probably collinear with the fixed effects (all partialled-out values are close to ze
> ro; tol = 1.0e-09)
note: 8bn.year_1995 is probably collinear with the fixed effects (all partialled-out values are close to ze
> ro; tol = 1.0e-09)
note: 9bn.year_1995 is probably collinear with the fixed effects (all partialled-out values are close to ze
> ro; tol = 1.0e-09)
note: 10bn.year_1995 is probably collinear with the fixed effects (all partialled-out values are close to z
> ero; tol = 1.0e-09)
note: 11bn.year_1995 is probably collinear with the fixed effects (all partialled-out values are close to z
> ero; tol = 1.0e-09)
note: 12bn.year_1995 is probably collinear with the fixed effects (all partialled-out values are close to z
> ero; tol = 1.0e-09)

HDFE Linear regression                            Number of obs   =     15,642
Absorbing 2 HDFE groups                           F(  11,   1421) =       2.86
Statistics robust to heteroskedasticity           Prob > F        =     0.0010
                                                  R-squared       =     0.4191
                                                  Adj R-squared   =     0.3601
                                                  Within R-sq.    =     0.0022
Number of clusters (cve_ent_mun_super) =      1,422Root MSE       =    10.0010

                           (Std. err. adjusted for 1,422 clusters in cve_ent_mun_super)
---------------------------------------------------------------------------------------
                      |               Robust
               emr65m | Coefficient  std. err.      t    P>|t|     [95% conf. interval]
----------------------+----------------------------------------------------------------
            inten1999 |          0  (omitted)
                      |
            year_1995 |
                1992  |          0  (omitted)
                1993  |          0  (omitted)
                1994  |          0  (omitted)
                1995  |          0  (omitted)
                1997  |          0  (omitted)
                1998  |          0  (omitted)
                1999  |          0  (omitted)
                2000  |          0  (omitted)
                2001  |          0  (omitted)
                2002  |          0  (omitted)
                      |
year_1995#c.inten1999 |
                1992  |  -5.284208    2.15095    -2.46   0.014    -9.503586   -1.064829
                1993  |  -4.863967   2.251973    -2.16   0.031    -9.281516   -.4464181
                1994  |  -3.598491   2.022052    -1.78   0.075    -7.565019    .3680373
                1995  |  -1.186497   2.008181    -0.59   0.555    -5.125816    2.752821
                1997  |  -2.645459   1.982696    -1.33   0.182    -6.534784    1.243865
                1998  |   1.007204   1.990096     0.51   0.613    -2.896638    4.911047
                1999  |  -3.352725   2.079652    -1.61   0.107    -7.432243    .7267921
                2000  |  -6.036485   2.111858    -2.86   0.004    -10.17918   -1.893791
                2001  |  -5.862886   1.906188    -3.08   0.002     -9.60213   -2.123642
                2002  |  -5.983828   1.996756    -3.00   0.003    -9.900734   -2.066922
                      |
         sp_intensity |  -.8100536   5.924077    -0.14   0.891    -12.43093    10.81082
                _cons |   48.53555   .2936379   165.29   0.000     47.95954    49.11156
---------------------------------------------------------------------------------------

Absorbed degrees of freedom:
-----------------------------------------------------------+
       Absorbed FE | Categories  - Redundant  = Num. Coefs |
-------------------+---------------------------------------|
              year |        11           1          10     |
 cve_ent_mun_super |      1422        1422           0    *|
-----------------------------------------------------------+
* = FE nested within cluster; treated as redundant for DoF computation
(MWFE estimator converged in 4 iterations)
note: inten1999 is probably collinear with the fixed effects (all partialled-out values are close to zero; 
> tol = 1.0e-09)
note: 2bn.year_1995 is probably collinear with the fixed effects (all partialled-out values are close to ze
> ro; tol = 1.0e-09)
note: 3bn.year_1995 is probably collinear with the fixed effects (all partialled-out values are close to ze
> ro; tol = 1.0e-09)
note: 4bn.year_1995 is probably collinear with the fixed effects (all partialled-out values are close to ze
> ro; tol = 1.0e-09)
note: 5bn.year_1995 is probably collinear with the fixed effects (all partialled-out values are close to ze
> ro; tol = 1.0e-09)
note: 7bn.year_1995 is probably collinear with the fixed effects (all partialled-out values are close to ze
> ro; tol = 1.0e-09)
note: 8bn.year_1995 is probably collinear with the fixed effects (all partialled-out values are close to ze
> ro; tol = 1.0e-09)
note: 9bn.year_1995 is probably collinear with the fixed effects (all partialled-out values are close to ze
> ro; tol = 1.0e-09)
note: 10bn.year_1995 is probably collinear with the fixed effects (all partialled-out values are close to z
> ero; tol = 1.0e-09)
note: 11bn.year_1995 is probably collinear with the fixed effects (all partialled-out values are close to z
> ero; tol = 1.0e-09)
note: 12bn.year_1995 is probably collinear with the fixed effects (all partialled-out values are close to z
> ero; tol = 1.0e-09)
note: inten2002 is probably collinear with the fixed effects (all partialled-out values are close to zero; 
> tol = 1.0e-09)

HDFE Linear regression                            Number of obs   =     15,642
Absorbing 2 HDFE groups                           F(  21,   1421) =       2.02
Statistics robust to heteroskedasticity           Prob > F        =     0.0041
                                                  R-squared       =     0.4197
                                                  Adj R-squared   =     0.3603
                                                  Within R-sq.    =     0.0034
Number of clusters (cve_ent_mun_super) =      1,422Root MSE       =     9.9989

                           (Std. err. adjusted for 1,422 clusters in cve_ent_mun_super)
---------------------------------------------------------------------------------------
                      |               Robust
               emr65m | Coefficient  std. err.      t    P>|t|     [95% conf. interval]
----------------------+----------------------------------------------------------------
            inten1999 |          0  (omitted)
                      |
            year_1995 |
                1992  |          0  (omitted)
                1993  |          0  (omitted)
                1994  |          0  (omitted)
                1995  |          0  (omitted)
                1997  |          0  (omitted)
                1998  |          0  (omitted)
                1999  |          0  (omitted)
                2000  |          0  (omitted)
                2001  |          0  (omitted)
                2002  |          0  (omitted)
                      |
year_1995#c.inten1999 |
                1992  |  -3.217702   4.230714    -0.76   0.447    -11.51682    5.081413
                1993  |  -14.26549   4.702851    -3.03   0.002    -23.49076   -5.040212
                1994  |  -7.001289   4.202927    -1.67   0.096     -15.2459    1.243318
                1995  |  -5.180809   3.887875    -1.33   0.183     -12.8074    2.445783
                1997  |  -.0535481   3.962299    -0.01   0.989    -7.826132    7.719036
                1998  |  -.9087006   3.779702    -0.24   0.810    -8.323095    6.505694
                1999  |  -3.659688   4.082105    -0.90   0.370    -11.66729    4.347912
                2000  |  -5.821242   4.214123    -1.38   0.167    -14.08781    2.445328
                2001  |  -6.753063   4.000744    -1.69   0.092    -14.60106    1.094936
                2002  |  -5.317171   4.065669    -1.31   0.191    -13.29253    2.658188
                      |
            inten2002 |          0  (omitted)
                      |
year_1995#c.inten2002 |
                1992  |  -1.831035   3.362005    -0.54   0.586    -8.426061    4.763992
                1993  |    8.34149   3.463593     2.41   0.016     1.547185    15.13579
                1994  |   3.020721   3.278406     0.92   0.357    -3.410314    9.451756
                1995  |   3.547235   3.061306     1.16   0.247    -2.457929    9.552399
                1997  |  -2.299656   3.081735    -0.75   0.456    -8.344894    3.745582
                1998  |    1.70038   2.938191     0.58   0.563    -4.063278    7.464037
                1999  |   .2735129   3.121107     0.09   0.930     -5.84896    6.395986
                2000  |  -.1889896   3.327962    -0.06   0.955    -6.717235    6.339256
                2001  |   .7865449   3.110447     0.25   0.800    -5.315017    6.888107
                2002  |  -.6107798   3.198232    -0.19   0.849    -6.884543    5.662984
                      |
         sp_intensity |  -1.332684   5.951196    -0.22   0.823    -13.00676    10.34139
                _cons |   48.42123   .3792213   127.69   0.000     47.67734    49.16513
---------------------------------------------------------------------------------------

Absorbed degrees of freedom:
-----------------------------------------------------------+
       Absorbed FE | Categories  - Redundant  = Num. Coefs |
-------------------+---------------------------------------|
              year |        11           1          10     |
 cve_ent_mun_super |      1422        1422           0    *|
-----------------------------------------------------------+
* = FE nested within cluster; treated as redundant for DoF computation
Number of observations (_N) was 0, now 11.
(11 missing values generated)
(11 missing values generated)
(11 missing values generated)
(11 missing values generated)
(11 missing values generated)
(11 missing values generated)
(1 real change made)
(1 real change made)
(1 real change made)
(1 real change made)
(1 real change made)
(1 real change made)
(1 real change made)
(1 real change made)
(1 real change made)
(1 real change made)
(1 real change made)
(1 real change made)
(1 real change made)
(1 real change made)
(1 real change made)
(1 real change made)
(1 real change made)
(1 real change made)
(1 real change made)
(1 real change made)
(1 real change made)
(1 real change made)
(1 real change made)
(1 real change made)
(1 real change made)
(1 real change made)
(1 real change made)
(1 real change made)
(1 real change made)
(1 real change made)
(1 real change made)
(1 real change made)
(1 real change made)
(1 real change made)
(1 real change made)
(1 real change made)
(1 real change made)
(1 real change made)
(1 real change made)
(1 real change made)
(1 real change made)
(1 real change made)
(1 real change made)
(1 real change made)
(1 real change made)
(1 real change made)
(1 real change made)
(1 real change made)
(1 real change made)
(1 real change made)
(1 real change made)
(1 real change made)
(1 real change made)
(1 real change made)
(1 real change made)
(1 real change made)
(1 real change made)
(1 real change made)
(1 real change made)
(1 real change made)
(1 real change made)
(1 real change made)
(1 real change made)
(1 real change made)
(1 real change made)
(1 real change made)
file
    C:\Users\FELIPEME\Dropbox\Aplicaciones\Overleaf\progresa_cct\figures/appendix/AF9c2_emr65m_BR_2002ctr
    > l.pdf saved as PDF format
file
    C:\Users\FELIPEME\Documents\projects\progresa_mortality\figures/appendix/AF9c2_emr65m_BR_2002ctrl.pdf
    saved as PDF format
(MWFE estimator converged in 4 iterations)
note: inten1999 is probably collinear with the fixed effects (all partialled-out values are close to zero; 
> tol = 1.0e-09)
note: 2bn.year_1995 is probably collinear with the fixed effects (all partialled-out values are close to ze
> ro; tol = 1.0e-09)
note: 3bn.year_1995 is probably collinear with the fixed effects (all partialled-out values are close to ze
> ro; tol = 1.0e-09)
note: 4bn.year_1995 is probably collinear with the fixed effects (all partialled-out values are close to ze
> ro; tol = 1.0e-09)
note: 5bn.year_1995 is probably collinear with the fixed effects (all partialled-out values are close to ze
> ro; tol = 1.0e-09)
note: 7bn.year_1995 is probably collinear with the fixed effects (all partialled-out values are close to ze
> ro; tol = 1.0e-09)
note: 8bn.year_1995 is probably collinear with the fixed effects (all partialled-out values are close to ze
> ro; tol = 1.0e-09)
note: 9bn.year_1995 is probably collinear with the fixed effects (all partialled-out values are close to ze
> ro; tol = 1.0e-09)
note: 10bn.year_1995 is probably collinear with the fixed effects (all partialled-out values are close to z
> ero; tol = 1.0e-09)
note: 11bn.year_1995 is probably collinear with the fixed effects (all partialled-out values are close to z
> ero; tol = 1.0e-09)
note: 12bn.year_1995 is probably collinear with the fixed effects (all partialled-out values are close to z
> ero; tol = 1.0e-09)

HDFE Linear regression                            Number of obs   =     12,309
Absorbing 2 HDFE groups                           F(  11,   1118) =       1.17
Statistics robust to heteroskedasticity           Prob > F        =     0.3058
                                                  R-squared       =     0.4696
                                                  Adj R-squared   =     0.4155
                                                  Within R-sq.    =     0.0014
Number of clusters (cve_ent_mun_super) =      1,119Root MSE       =    12.5387

                           (Std. err. adjusted for 1,119 clusters in cve_ent_mun_super)
---------------------------------------------------------------------------------------
                      |               Robust
               emr65f | Coefficient  std. err.      t    P>|t|     [95% conf. interval]
----------------------+----------------------------------------------------------------
            inten1999 |          0  (omitted)
                      |
            year_1995 |
                1992  |          0  (omitted)
                1993  |          0  (omitted)
                1994  |          0  (omitted)
                1995  |          0  (omitted)
                1997  |          0  (omitted)
                1998  |          0  (omitted)
                1999  |          0  (omitted)
                2000  |          0  (omitted)
                2001  |          0  (omitted)
                2002  |          0  (omitted)
                      |
year_1995#c.inten1999 |
                1992  |   2.755759   3.391231     0.81   0.417    -3.898136    9.409654
                1993  |   3.430732   3.248374     1.06   0.291    -2.942864    9.804329
                1994  |   2.063126    3.07959     0.67   0.503    -3.979301    8.105553
                1995  |  -.2902044   3.112984    -0.09   0.926    -6.398153    5.817745
                1997  |   2.639343   2.975866     0.89   0.375    -3.199568    8.478254
                1998  |   5.361785   3.073063     1.74   0.081     -.667836    11.39141
                1999  |  -.9980329   2.967667    -0.34   0.737    -6.820857    4.824792
                2000  |  -2.312776   2.988043    -0.77   0.439     -8.17558    3.550028
                2001  |     -2.572   2.987662    -0.86   0.389    -8.434056    3.290057
                2002  |  -1.014241   2.921866    -0.35   0.729      -6.7472    4.718717
                      |
         sp_intensity |  -18.91086   16.52737    -1.14   0.253    -51.33902     13.5173
                _cons |   39.04119   .9148642    42.67   0.000     37.24614    40.83623
---------------------------------------------------------------------------------------

Absorbed degrees of freedom:
-----------------------------------------------------------+
       Absorbed FE | Categories  - Redundant  = Num. Coefs |
-------------------+---------------------------------------|
              year |        11           1          10     |
 cve_ent_mun_super |      1119        1119           0    *|
-----------------------------------------------------------+
* = FE nested within cluster; treated as redundant for DoF computation
(MWFE estimator converged in 4 iterations)
note: inten1999 is probably collinear with the fixed effects (all partialled-out values are close to zero; 
> tol = 1.0e-09)
note: 2bn.year_1995 is probably collinear with the fixed effects (all partialled-out values are close to ze
> ro; tol = 1.0e-09)
note: 3bn.year_1995 is probably collinear with the fixed effects (all partialled-out values are close to ze
> ro; tol = 1.0e-09)
note: 4bn.year_1995 is probably collinear with the fixed effects (all partialled-out values are close to ze
> ro; tol = 1.0e-09)
note: 5bn.year_1995 is probably collinear with the fixed effects (all partialled-out values are close to ze
> ro; tol = 1.0e-09)
note: 7bn.year_1995 is probably collinear with the fixed effects (all partialled-out values are close to ze
> ro; tol = 1.0e-09)
note: 8bn.year_1995 is probably collinear with the fixed effects (all partialled-out values are close to ze
> ro; tol = 1.0e-09)
note: 9bn.year_1995 is probably collinear with the fixed effects (all partialled-out values are close to ze
> ro; tol = 1.0e-09)
note: 10bn.year_1995 is probably collinear with the fixed effects (all partialled-out values are close to z
> ero; tol = 1.0e-09)
note: 11bn.year_1995 is probably collinear with the fixed effects (all partialled-out values are close to z
> ero; tol = 1.0e-09)
note: 12bn.year_1995 is probably collinear with the fixed effects (all partialled-out values are close to z
> ero; tol = 1.0e-09)
note: inten2002 is probably collinear with the fixed effects (all partialled-out values are close to zero; 
> tol = 1.0e-09)

HDFE Linear regression                            Number of obs   =     12,309
Absorbing 2 HDFE groups                           F(  21,   1118) =       1.53
Statistics robust to heteroskedasticity           Prob > F        =     0.0595
                                                  R-squared       =     0.4707
                                                  Adj R-squared   =     0.4162
                                                  Within R-sq.    =     0.0035
Number of clusters (cve_ent_mun_super) =      1,119Root MSE       =    12.5309

                           (Std. err. adjusted for 1,119 clusters in cve_ent_mun_super)
---------------------------------------------------------------------------------------
                      |               Robust
               emr65f | Coefficient  std. err.      t    P>|t|     [95% conf. interval]
----------------------+----------------------------------------------------------------
            inten1999 |          0  (omitted)
                      |
            year_1995 |
                1992  |          0  (omitted)
                1993  |          0  (omitted)
                1994  |          0  (omitted)
                1995  |          0  (omitted)
                1997  |          0  (omitted)
                1998  |          0  (omitted)
                1999  |          0  (omitted)
                2000  |          0  (omitted)
                2001  |          0  (omitted)
                2002  |          0  (omitted)
                      |
year_1995#c.inten1999 |
                1992  |   7.618126   4.116149     1.85   0.064    -.4581212    15.69437
                1993  |   1.989088    4.05641     0.49   0.624    -5.969945    9.948121
                1994  |   4.839888   3.927593     1.23   0.218    -2.866395    12.54617
                1995  |   1.640364   3.688013     0.44   0.657    -5.595842     8.87657
                1997  |   4.507807   3.752694     1.20   0.230    -2.855309    11.87092
                1998  |   8.253097   3.764638     2.19   0.029     .8665452    15.63965
                1999  |   2.202304   3.834318     0.57   0.566    -5.320966    9.725574
                2000  |   4.004783   3.633377     1.10   0.271    -3.124223    11.13379
                2001  |   3.841032     3.6404     1.06   0.292    -3.301754    10.98382
                2002  |   4.250422   3.600828     1.18   0.238     -2.81472    11.31556
                      |
            inten2002 |          0  (omitted)
                      |
year_1995#c.inten2002 |
                1992  |  -8.101165   4.122346    -1.97   0.050    -16.18957   -.0127589
                1993  |   2.412838   4.034473     0.60   0.550    -5.503155    10.32883
                1994  |  -4.622794   3.946049    -1.17   0.242    -12.36529    3.119702
                1995  |  -3.208134   3.872513    -0.83   0.408    -10.80635    4.390078
                1997  |  -3.118372   3.796445    -0.82   0.412    -10.56733    4.330588
                1998  |  -4.817904   3.782013    -1.27   0.203    -12.23855    2.602739
                1999  |   -5.32938    3.89631    -1.37   0.172    -12.97428    2.315524
                2000  |  -10.45844   3.762828    -2.78   0.006    -17.84144   -3.075438
                2001  |   -10.6032   3.950289    -2.68   0.007    -18.35401   -2.852386
                2002  |  -8.707977    3.73735    -2.33   0.020    -16.04099   -1.374967
                      |
         sp_intensity |  -20.10369   16.69838    -1.20   0.229    -52.86738    12.66001
                _cons |   40.99967   1.367002    29.99   0.000     38.31749    43.68185
---------------------------------------------------------------------------------------

Absorbed degrees of freedom:
-----------------------------------------------------------+
       Absorbed FE | Categories  - Redundant  = Num. Coefs |
-------------------+---------------------------------------|
              year |        11           1          10     |
 cve_ent_mun_super |      1119        1119           0    *|
-----------------------------------------------------------+
* = FE nested within cluster; treated as redundant for DoF computation
Number of observations (_N) was 0, now 11.
(11 missing values generated)
(11 missing values generated)
(11 missing values generated)
(11 missing values generated)
(11 missing values generated)
(11 missing values generated)
(1 real change made)
(1 real change made)
(1 real change made)
(1 real change made)
(1 real change made)
(1 real change made)
(1 real change made)
(1 real change made)
(1 real change made)
(1 real change made)
(1 real change made)
(1 real change made)
(1 real change made)
(1 real change made)
(1 real change made)
(1 real change made)
(1 real change made)
(1 real change made)
(1 real change made)
(1 real change made)
(1 real change made)
(1 real change made)
(1 real change made)
(1 real change made)
(1 real change made)
(1 real change made)
(1 real change made)
(1 real change made)
(1 real change made)
(1 real change made)
(1 real change made)
(1 real change made)
(1 real change made)
(1 real change made)
(1 real change made)
(1 real change made)
(1 real change made)
(1 real change made)
(1 real change made)
(1 real change made)
(1 real change made)
(1 real change made)
(1 real change made)
(1 real change made)
(1 real change made)
(1 real change made)
(1 real change made)
(1 real change made)
(1 real change made)
(1 real change made)
(1 real change made)
(1 real change made)
(1 real change made)
(1 real change made)
(1 real change made)
(1 real change made)
(1 real change made)
(1 real change made)
(1 real change made)
(1 real change made)
(1 real change made)
(1 real change made)
(1 real change made)
(1 real change made)
(1 real change made)
(1 real change made)
file
    C:\Users\FELIPEME\Dropbox\Aplicaciones\Overleaf\progresa_cct\figures/appendix/AF9b2_emr65f_HighMarg_2
    > 002ctrl.pdf saved as PDF format
file
    C:\Users\FELIPEME\Documents\projects\progresa_mortality\figures/appendix/AF9b2_emr65f_HighMarg_2002ct
    > rl.pdf saved as PDF format
(MWFE estimator converged in 4 iterations)
note: inten1999 is probably collinear with the fixed effects (all partialled-out values are close to zero; 
> tol = 1.0e-09)
note: 2bn.year_1995 is probably collinear with the fixed effects (all partialled-out values are close to ze
> ro; tol = 1.0e-09)
note: 3bn.year_1995 is probably collinear with the fixed effects (all partialled-out values are close to ze
> ro; tol = 1.0e-09)
note: 4bn.year_1995 is probably collinear with the fixed effects (all partialled-out values are close to ze
> ro; tol = 1.0e-09)
note: 5bn.year_1995 is probably collinear with the fixed effects (all partialled-out values are close to ze
> ro; tol = 1.0e-09)
note: 7bn.year_1995 is probably collinear with the fixed effects (all partialled-out values are close to ze
> ro; tol = 1.0e-09)
note: 8bn.year_1995 is probably collinear with the fixed effects (all partialled-out values are close to ze
> ro; tol = 1.0e-09)
note: 9bn.year_1995 is probably collinear with the fixed effects (all partialled-out values are close to ze
> ro; tol = 1.0e-09)
note: 10bn.year_1995 is probably collinear with the fixed effects (all partialled-out values are close to z
> ero; tol = 1.0e-09)
note: 11bn.year_1995 is probably collinear with the fixed effects (all partialled-out values are close to z
> ero; tol = 1.0e-09)
note: 12bn.year_1995 is probably collinear with the fixed effects (all partialled-out values are close to z
> ero; tol = 1.0e-09)

HDFE Linear regression                            Number of obs   =     12,309
Absorbing 2 HDFE groups                           F(  11,   1118) =       1.87
Statistics robust to heteroskedasticity           Prob > F        =     0.0387
                                                  R-squared       =     0.4217
                                                  Adj R-squared   =     0.3627
                                                  Within R-sq.    =     0.0019
Number of clusters (cve_ent_mun_super) =      1,119Root MSE       =    12.7767

                           (Std. err. adjusted for 1,119 clusters in cve_ent_mun_super)
---------------------------------------------------------------------------------------
                      |               Robust
               emr65m | Coefficient  std. err.      t    P>|t|     [95% conf. interval]
----------------------+----------------------------------------------------------------
            inten1999 |          0  (omitted)
                      |
            year_1995 |
                1992  |          0  (omitted)
                1993  |          0  (omitted)
                1994  |          0  (omitted)
                1995  |          0  (omitted)
                1997  |          0  (omitted)
                1998  |          0  (omitted)
                1999  |          0  (omitted)
                2000  |          0  (omitted)
                2001  |          0  (omitted)
                2002  |          0  (omitted)
                      |
year_1995#c.inten1999 |
                1992  |  -5.874477   3.252779    -1.81   0.071    -12.25672    .5077629
                1993  |  -6.319063    3.35927    -1.88   0.060    -12.91025    .2721218
                1994  |  -2.077302    3.12635    -0.66   0.507    -8.211476    4.056871
                1995  |  -4.252806   3.115433    -1.37   0.173    -10.36556    1.859947
                1997  |   .5029214   3.181622     0.16   0.874    -5.739701    6.745544
                1998  |  -2.624568    3.17831    -0.83   0.409    -8.860693    3.611556
                1999  |   -9.17983   3.203676    -2.87   0.004    -15.46572   -2.893936
                2000  |   -5.76308   3.143158    -1.83   0.067    -11.93023    .4040732
                2001  |   -5.54423   3.216473    -1.72   0.085    -11.85523     .766774
                2002  |  -8.588628   2.970079    -2.89   0.004    -14.41618   -2.761072
                      |
         sp_intensity |   2.604429   20.99998     0.12   0.901    -38.59939    43.80824
                _cons |   44.55033   .9559598    46.60   0.000     42.67466    46.42601
---------------------------------------------------------------------------------------

Absorbed degrees of freedom:
-----------------------------------------------------------+
       Absorbed FE | Categories  - Redundant  = Num. Coefs |
-------------------+---------------------------------------|
              year |        11           1          10     |
 cve_ent_mun_super |      1119        1119           0    *|
-----------------------------------------------------------+
* = FE nested within cluster; treated as redundant for DoF computation
(MWFE estimator converged in 4 iterations)
note: inten1999 is probably collinear with the fixed effects (all partialled-out values are close to zero; 
> tol = 1.0e-09)
note: 2bn.year_1995 is probably collinear with the fixed effects (all partialled-out values are close to ze
> ro; tol = 1.0e-09)
note: 3bn.year_1995 is probably collinear with the fixed effects (all partialled-out values are close to ze
> ro; tol = 1.0e-09)
note: 4bn.year_1995 is probably collinear with the fixed effects (all partialled-out values are close to ze
> ro; tol = 1.0e-09)
note: 5bn.year_1995 is probably collinear with the fixed effects (all partialled-out values are close to ze
> ro; tol = 1.0e-09)
note: 7bn.year_1995 is probably collinear with the fixed effects (all partialled-out values are close to ze
> ro; tol = 1.0e-09)
note: 8bn.year_1995 is probably collinear with the fixed effects (all partialled-out values are close to ze
> ro; tol = 1.0e-09)
note: 9bn.year_1995 is probably collinear with the fixed effects (all partialled-out values are close to ze
> ro; tol = 1.0e-09)
note: 10bn.year_1995 is probably collinear with the fixed effects (all partialled-out values are close to z
> ero; tol = 1.0e-09)
note: 11bn.year_1995 is probably collinear with the fixed effects (all partialled-out values are close to z
> ero; tol = 1.0e-09)
note: 12bn.year_1995 is probably collinear with the fixed effects (all partialled-out values are close to z
> ero; tol = 1.0e-09)
note: inten2002 is probably collinear with the fixed effects (all partialled-out values are close to zero; 
> tol = 1.0e-09)

HDFE Linear regression                            Number of obs   =     12,309
Absorbing 2 HDFE groups                           F(  21,   1118) =       1.58
Statistics robust to heteroskedasticity           Prob > F        =     0.0462
                                                  R-squared       =     0.4223
                                                  Adj R-squared   =     0.3628
                                                  Within R-sq.    =     0.0030
Number of clusters (cve_ent_mun_super) =      1,119Root MSE       =    12.7755

                           (Std. err. adjusted for 1,119 clusters in cve_ent_mun_super)
---------------------------------------------------------------------------------------
                      |               Robust
               emr65m | Coefficient  std. err.      t    P>|t|     [95% conf. interval]
----------------------+----------------------------------------------------------------
            inten1999 |          0  (omitted)
                      |
            year_1995 |
                1992  |          0  (omitted)
                1993  |          0  (omitted)
                1994  |          0  (omitted)
                1995  |          0  (omitted)
                1997  |          0  (omitted)
                1998  |          0  (omitted)
                1999  |          0  (omitted)
                2000  |          0  (omitted)
                2001  |          0  (omitted)
                2002  |          0  (omitted)
                      |
year_1995#c.inten1999 |
                1992  |  -3.999503   4.038764    -0.99   0.322    -11.92391    3.924909
                1993  |  -9.053671   4.122283    -2.20   0.028    -17.14195   -.9653883
                1994  |  -4.714888   3.954122    -1.19   0.233    -12.47322    3.043447
                1995  |  -4.501874   3.823381    -1.18   0.239    -12.00368    2.999938
                1997  |  -.1902851   3.818642    -0.05   0.960    -7.682798    7.302227
                1998  |  -5.934667   3.932404    -1.51   0.132    -13.65039    1.781055
                1999  |  -9.651557   3.929953    -2.46   0.014    -17.36247   -1.940642
                2000  |  -5.441622   3.920886    -1.39   0.165    -13.13475    2.251503
                2001  |  -2.803898   3.974064    -0.71   0.481    -10.60136    4.993565
                2002  |  -9.885307   3.844261    -2.57   0.010    -17.42809   -2.342529
                      |
            inten2002 |          0  (omitted)
                      |
year_1995#c.inten2002 |
                1992  |  -3.054456   4.170367    -0.73   0.464    -11.23708    5.128172
                1993  |   4.455505   4.024659     1.11   0.269    -3.441232    12.35224
                1994  |   4.299713   3.820488     1.13   0.261     -3.19642    11.79585
                1995  |   .4041335   4.112682     0.10   0.922     -7.66531    8.473577
                1997  |   1.128305   3.839619     0.29   0.769    -6.405366    8.661976
                1998  |   5.369763   3.981083     1.35   0.178    -2.441472      13.181
                1999  |   .7694282   3.806028     0.20   0.840    -6.698335    8.237191
                2000  |  -.5107486   3.956538    -0.13   0.897    -8.273825    7.252328
                2001  |  -4.409111   3.981378    -1.11   0.268    -12.22093    3.402704
                2002  |   2.099148   3.936129     0.53   0.594    -5.623884     9.82218
                      |
         sp_intensity |    3.08831   21.11918     0.15   0.884    -38.34938      44.526
                _cons |   44.23227   1.389358    31.84   0.000     41.50622    46.95831
---------------------------------------------------------------------------------------

Absorbed degrees of freedom:
-----------------------------------------------------------+
       Absorbed FE | Categories  - Redundant  = Num. Coefs |
-------------------+---------------------------------------|
              year |        11           1          10     |
 cve_ent_mun_super |      1119        1119           0    *|
-----------------------------------------------------------+
* = FE nested within cluster; treated as redundant for DoF computation
Number of observations (_N) was 0, now 11.
(11 missing values generated)
(11 missing values generated)
(11 missing values generated)
(11 missing values generated)
(11 missing values generated)
(11 missing values generated)
(1 real change made)
(1 real change made)
(1 real change made)
(1 real change made)
(1 real change made)
(1 real change made)
(1 real change made)
(1 real change made)
(1 real change made)
(1 real change made)
(1 real change made)
(1 real change made)
(1 real change made)
(1 real change made)
(1 real change made)
(1 real change made)
(1 real change made)
(1 real change made)
(1 real change made)
(1 real change made)
(1 real change made)
(1 real change made)
(1 real change made)
(1 real change made)
(1 real change made)
(1 real change made)
(1 real change made)
(1 real change made)
(1 real change made)
(1 real change made)
(1 real change made)
(1 real change made)
(1 real change made)
(1 real change made)
(1 real change made)
(1 real change made)
(1 real change made)
(1 real change made)
(1 real change made)
(1 real change made)
(1 real change made)
(1 real change made)
(1 real change made)
(1 real change made)
(1 real change made)
(1 real change made)
(1 real change made)
(1 real change made)
(1 real change made)
(1 real change made)
(1 real change made)
(1 real change made)
(1 real change made)
(1 real change made)
(1 real change made)
(1 real change made)
(1 real change made)
(1 real change made)
(1 real change made)
(1 real change made)
(1 real change made)
(1 real change made)
(1 real change made)
(1 real change made)
(1 real change made)
(1 real change made)
file
    C:\Users\FELIPEME\Dropbox\Aplicaciones\Overleaf\progresa_cct\figures/appendix/AF9d2_emr65m_HighMarg_2
    > 002ctrl.pdf saved as PDF format
file
    C:\Users\FELIPEME\Documents\projects\progresa_mortality\figures/appendix/AF9d2_emr65m_HighMarg_2002ct
    > rl.pdf saved as PDF format
. }

. di "Figure exported to: $figures/appendix/AF9a2-d2_..._2002ctrl.pdf"
Figure exported to: C:\Users\FELIPEME\Dropbox\Aplicaciones\Overleaf\progresa_cct\figures/appendix/AF9a2-d2_
> ..._2002ctrl.pdf

. 
. *============================================================
. * The cause-of-death event studies + AT2_cod_mortality table that
. * used to sit here have moved to the very end of this file (still
. * commented out, still not displayed in the paper) so all
. * cause-of-death code lives in one place. Replaced here by the
. * SES-trend summary table and the experimental-attrition table,
. * both moved in from 02_mortality.do / 03_experimental.do.
. *============================================================
. 
. *============================================================
. * MOVED FROM 02_mortality.do per the coauthor's request -- the
. * point-estimate companion to the (still-active, still-displayed)
. * AF_ses_trend event-study figure. Was AT1_ses_trend_summary.tex,
. * at:age_ses_trends -- no longer displayed in the paper. Regressions/
. * di diagnostics below still run so the numeric results remain
. * available for review; the `file open...file close' lines are
. * commented out so no .tex is written to tables/appendix, per this
. * file's convention. Uses im90_bin/margpct_pv/Lshare_pc*, all built
. * by 02_mortality.do and present on the checkpoint this file loads.
. *============================================================
. 
. *============================================================
. * TABLE T2_c: SES-Trend / Heterogeneity-Control Summary
. * Point-estimate (Post-interaction, not event-study) companion to the
. * AF_ses_trend event-study figure -- same structure as T2/T2_b (Panel
. * A/B/C = Pooled/Female/Male; Intensity 1999/2005 x post rows; Mean;
. * Obs), but with one column per AF_ses_trend SES-trend/heterogeneity
. * control instead of one column per weighting/Seguro-Popular
. * combination. Uses inten1999/inten2005 (End-of-year numerator,
. * year-varying municipal household denominator), the coauthors' final
. * agreed main specification, matching AF_ses_trend's Spec 1-6
. * construction (AF_ses_trend's own Spec 1b, the fixed-denominator
. * baseline comparison, has no column of its own here).
. *   Col 1: Baseline (W+SP)                            = AF_ses_trend Spec 1
. *   Col 2: + Trend x im_mun_1990 (continuous, linear)  = AF_ses_trend Spec 2
. *   Col 3: + Trend x im_mun_1990 quintile (linear)     = AF_ses_trend Spec 3
. *   Col 4: + Municipality marg. %-ile FE               = AF_ses_trend Spec 4
. *   Col 5: + Locality marg. %-ile shares, flexible FE  = AF_ses_trend Spec 5
. *   Col 6: + Locality marg. %-ile shares, linear trend = AF_ses_trend Spec 6
. * Cols 5-6 are guarded (cap noisily), same as AF_ses_trend Specs 5-6:
. * if Lshare_pc* is unavailable, those columns are written as "n/a"
. * rather than halting the table.
. * Output: $tables/appendix/AT1_ses_trend_summary.tex
. *============================================================
. 
. foreach pnl in p f m {
  2.         if "`pnl'" == "p" {
  3.                 local out65 emr65
  4.                 local wt65  popover65_
  5.         }
  6.         else if "`pnl'" == "f" {
  7.                 local out65 emr65f
  8.                 local wt65  popover65_f
  9.         }
 10.         else {
 11.                 local out65 emr65m
 12.                 local wt65  popover65_m
 13.         }
 14. 
.         foreach col in 1 2 3 4 {
 15.                 if `col' == 1 {
 16.                         reghdfe `out65' c.inten1999#i.post c.inten2005#i.post c.sp_intensity ///
>                                 [aw=`wt65'] if $sample_marg, a(year cve_ent_mun_super) vce(cluster cve_en
> t_mun_super)
 17.                 }
 18.                 else if `col' == 2 {
 19.                         reghdfe `out65' c.inten1999#i.post c.inten2005#i.post c.sp_intensity ///
>                                 c.im_mun_1990#c.year ///
>                                 [aw=`wt65'] if $sample_marg, a(year cve_ent_mun_super) vce(cluster cve_en
> t_mun_super)
 20.                 }
 21.                 else if `col' == 3 {
 22.                         reghdfe `out65' c.inten1999#i.post c.inten2005#i.post c.sp_intensity ///
>                                 i.im90_bin#c.year ///
>                                 [aw=`wt65'] if $sample_marg, a(year cve_ent_mun_super) vce(cluster cve_en
> t_mun_super)
 23.                 }
 24.                 else {
 25.                         reghdfe `out65' c.inten1999#i.post c.inten2005#i.post c.sp_intensity ///
>                                 [aw=`wt65'] if $sample_marg, a(year cve_ent_mun_super i.year#i.margpct_pv
> ) vce(cluster cve_ent_mun_super)
 26.                 }
 27. 
.                 local aux: di %12.3f _b[1.post#c.inten1999]
 28.                 local t = abs(_b[1.post#c.inten1999] / _se[1.post#c.inten1999])
 29.                 if      `t' >= 2.576 local b99_2c_`pnl'_`col' = "`aux'***"
 30.                 else if `t' >= 1.96  local b99_2c_`pnl'_`col' = "`aux'**"
 31.                 else if `t' >= 1.645 local b99_2c_`pnl'_`col' = "`aux'*"
 32.                 else                  local b99_2c_`pnl'_`col' = "`aux'"
 33.                 local se99_2c_`pnl'_`col': di %12.3f _se[1.post#c.inten1999]
 34.                 local aux: di %12.3f _b[1.post#c.inten2005]
 35.                 local t = abs(_b[1.post#c.inten2005] / _se[1.post#c.inten2005])
 36.                 if      `t' >= 2.576 local b05_2c_`pnl'_`col' = "`aux'***"
 37.                 else if `t' >= 1.96  local b05_2c_`pnl'_`col' = "`aux'**"
 38.                 else if `t' >= 1.645 local b05_2c_`pnl'_`col' = "`aux'*"
 39.                 else                  local b05_2c_`pnl'_`col' = "`aux'"
 40.                 local se05_2c_`pnl'_`col': di %12.3f _se[1.post#c.inten2005]
 41. 
.                 sum `out65' if e(sample) & year < 1997
 42.                 local mean_2c_`pnl'_`col': di %12.2fc `r(mean)'
 43.                 local N_2c_`pnl'_`col':    di %12.0fc `e(N)'
 44.                 distinct cve_ent_mun_super if e(sample)
 45.                 local Nmun_2c_`pnl'_`col': di %12.0fc `r(ndistinct)'
 46.         }
 47. 
.         * Cols 5-6: locality marg. %-ile shares (fully flexible FE, and linear
.         * trend) -- guarded, same as AF_ses_trend Specs 5-6, since Lshare_pc*
.         * depends on the locality-share file being found.
.         foreach col in 5 6 {
 48.                 local b99_2c_`pnl'_`col'   = "n/a"
 49.                 local se99_2c_`pnl'_`col'  = "n/a"
 50.                 local b05_2c_`pnl'_`col'   = "n/a"
 51.                 local se05_2c_`pnl'_`col'  = "n/a"
 52.                 local mean_2c_`pnl'_`col'  = "n/a"
 53.                 local N_2c_`pnl'_`col'     = "n/a"
 54.                 local Nmun_2c_`pnl'_`col'  = "n/a"
 55.         }
 56.         * locshare_ok, set earlier in 02_mortality.do (where this table used
.         * to sit) as a merge-success flag, does not survive the move here --
.         * re-derive it directly from whether Lshare_pc1 exists on the
.         * checkpoint this file loads.
.         capture confirm variable Lshare_pc1
 57.         local locshare_ok = (_rc == 0)
 58.         if `locshare_ok' {
 59.                 cap noisily reghdfe `out65' c.inten1999#i.post c.inten2005#i.post c.sp_intensity ///
>                         [aw=`wt65'] if $sample_marg, a(year cve_ent_mun_super i.year#c.(Lshare_pc*)) vce(
> cluster cve_ent_mun_super)
 60.                 if _rc == 0 {
 61.                         local aux: di %12.3f _b[1.post#c.inten1999]
 62.                         local t = abs(_b[1.post#c.inten1999] / _se[1.post#c.inten1999])
 63.                         if      `t' >= 2.576 local b99_2c_`pnl'_5 = "`aux'***"
 64.                         else if `t' >= 1.96  local b99_2c_`pnl'_5 = "`aux'**"
 65.                         else if `t' >= 1.645 local b99_2c_`pnl'_5 = "`aux'*"
 66.                         else                  local b99_2c_`pnl'_5 = "`aux'"
 67.                         local se99_2c_`pnl'_5: di %12.3f _se[1.post#c.inten1999]
 68.                         local aux: di %12.3f _b[1.post#c.inten2005]
 69.                         local t = abs(_b[1.post#c.inten2005] / _se[1.post#c.inten2005])
 70.                         if      `t' >= 2.576 local b05_2c_`pnl'_5 = "`aux'***"
 71.                         else if `t' >= 1.96  local b05_2c_`pnl'_5 = "`aux'**"
 72.                         else if `t' >= 1.645 local b05_2c_`pnl'_5 = "`aux'*"
 73.                         else                  local b05_2c_`pnl'_5 = "`aux'"
 74.                         local se05_2c_`pnl'_5: di %12.3f _se[1.post#c.inten2005]
 75.                         sum `out65' if e(sample) & year < 1997
 76.                         local mean_2c_`pnl'_5: di %12.2fc `r(mean)'
 77.                         local N_2c_`pnl'_5:    di %12.0fc `e(N)'
 78.                         distinct cve_ent_mun_super if e(sample)
 79.                         local Nmun_2c_`pnl'_5: di %12.0fc `r(ndistinct)'
 80.                 }
 81.                 else {
 82.                         di as error "T2_c col 5 (locality marg. %-ile shares, flexible, `pnl'): reghdf
> e failed (rc=`_rc') -- written as n/a"
 83.                 }
 84. 
.                 cap noisily reghdfe `out65' c.inten1999#i.post c.inten2005#i.post c.sp_intensity ///
>                         c.(Lshare_pc*)#c.year ///
>                         [aw=`wt65'] if $sample_marg, a(year cve_ent_mun_super) vce(cluster cve_ent_mun_su
> per)
 85.                 if _rc == 0 {
 86.                         local aux: di %12.3f _b[1.post#c.inten1999]
 87.                         local t = abs(_b[1.post#c.inten1999] / _se[1.post#c.inten1999])
 88.                         if      `t' >= 2.576 local b99_2c_`pnl'_6 = "`aux'***"
 89.                         else if `t' >= 1.96  local b99_2c_`pnl'_6 = "`aux'**"
 90.                         else if `t' >= 1.645 local b99_2c_`pnl'_6 = "`aux'*"
 91.                         else                  local b99_2c_`pnl'_6 = "`aux'"
 92.                         local se99_2c_`pnl'_6: di %12.3f _se[1.post#c.inten1999]
 93.                         local aux: di %12.3f _b[1.post#c.inten2005]
 94.                         local t = abs(_b[1.post#c.inten2005] / _se[1.post#c.inten2005])
 95.                         if      `t' >= 2.576 local b05_2c_`pnl'_6 = "`aux'***"
 96.                         else if `t' >= 1.96  local b05_2c_`pnl'_6 = "`aux'**"
 97.                         else if `t' >= 1.645 local b05_2c_`pnl'_6 = "`aux'*"
 98.                         else                  local b05_2c_`pnl'_6 = "`aux'"
 99.                         local se05_2c_`pnl'_6: di %12.3f _se[1.post#c.inten2005]
100.                         sum `out65' if e(sample) & year < 1997
101.                         local mean_2c_`pnl'_6: di %12.2fc `r(mean)'
102.                         local N_2c_`pnl'_6:    di %12.0fc `e(N)'
103.                         distinct cve_ent_mun_super if e(sample)
104.                         local Nmun_2c_`pnl'_6: di %12.0fc `r(ndistinct)'
105.                 }
106.                 else {
107.                         di as error "T2_c col 6 (locality marg. %-ile shares, linear, `pnl'): reghdfe 
> failed (rc=`_rc') -- written as n/a"
108.                 }
109.         }
110. }
(MWFE estimator converged in 4 iterations)
note: 2.post#c.inten1999 omitted because of collinearity
note: 2.post#c.inten2005 omitted because of collinearity

HDFE Linear regression                            Number of obs   =     17,904
Absorbing 2 HDFE groups                           F(   3,   1118) =       2.16
Statistics robust to heteroskedasticity           Prob > F        =     0.0909
                                                  R-squared       =     0.5434
                                                  Adj R-squared   =     0.5125
                                                  Within R-sq.    =     0.0009
Number of clusters (cve_ent_mun_super) =      1,119Root MSE       =     9.1592

                      (Std. err. adjusted for 1,119 clusters in cve_ent_mun_super)
----------------------------------------------------------------------------------
                 |               Robust
           emr65 | Coefficient  std. err.      t    P>|t|     [95% conf. interval]
-----------------+----------------------------------------------------------------
post#c.inten1999 |
      1997-2006  |  -.7191749   1.464475    -0.49   0.623    -3.592604    2.154254
      1991-1996  |          0  (omitted)
                 |
post#c.inten2005 |
      1997-2006  |  -2.796444   1.802662    -1.55   0.121    -6.333426    .7405374
      1991-1996  |          0  (omitted)
                 |
    sp_intensity |  -1.301244   .9488929    -1.37   0.171    -3.163055    .5605676
           _cons |   42.01212   .7065998    59.46   0.000     40.62571    43.39853
----------------------------------------------------------------------------------

Absorbed degrees of freedom:
-----------------------------------------------------------+
       Absorbed FE | Categories  - Redundant  = Num. Coefs |
-------------------+---------------------------------------|
              year |        16           1          15     |
 cve_ent_mun_super |      1119        1119           0    *|
-----------------------------------------------------------+
* = FE nested within cluster; treated as redundant for DoF computation

    Variable |        Obs        Mean    Std. dev.       Min        Max
-------------+---------------------------------------------------------
       emr65 |      6,714    46.47264    22.49381          0   443.9448

                   |        Observations
                   |      total   distinct
-------------------+----------------------
 cve_ent_mun_super |      17904       1119
(MWFE estimator converged in 4 iterations)
note: 2.post#c.inten1999 omitted because of collinearity
note: 2.post#c.inten2005 omitted because of collinearity

HDFE Linear regression                            Number of obs   =     17,904
Absorbing 2 HDFE groups                           F(   4,   1118) =       3.95
Statistics robust to heteroskedasticity           Prob > F        =     0.0034
                                                  R-squared       =     0.5445
                                                  Adj R-squared   =     0.5136
                                                  Within R-sq.    =     0.0033
Number of clusters (cve_ent_mun_super) =      1,119Root MSE       =     9.1486

                          (Std. err. adjusted for 1,119 clusters in cve_ent_mun_super)
--------------------------------------------------------------------------------------
                     |               Robust
               emr65 | Coefficient  std. err.      t    P>|t|     [95% conf. interval]
---------------------+----------------------------------------------------------------
    post#c.inten1999 |
          1997-2006  |   .8347529   1.486918     0.56   0.575    -2.082712    3.752218
          1991-1996  |          0  (omitted)
                     |
    post#c.inten2005 |
          1997-2006  |  -.0604251   1.766741    -0.03   0.973    -3.526926    3.406076
          1991-1996  |          0  (omitted)
                     |
        sp_intensity |  -1.408194   .9545505    -1.48   0.140    -3.281106    .4647179
                     |
c.im_mun_1990#c.year |  -.2214781   .0632438    -3.50   0.000    -.3455681   -.0973881
                     |
               _cons |   350.8805   88.41123     3.97   0.000     177.4099    524.3511
--------------------------------------------------------------------------------------

Absorbed degrees of freedom:
-----------------------------------------------------------+
       Absorbed FE | Categories  - Redundant  = Num. Coefs |
-------------------+---------------------------------------|
              year |        16           1          15     |
 cve_ent_mun_super |      1119        1119           0    *|
-----------------------------------------------------------+
* = FE nested within cluster; treated as redundant for DoF computation

    Variable |        Obs        Mean    Std. dev.       Min        Max
-------------+---------------------------------------------------------
       emr65 |      6,714    46.47264    22.49381          0   443.9448

                   |        Observations
                   |      total   distinct
-------------------+----------------------
 cve_ent_mun_super |      17904       1119
(MWFE estimator converged in 4 iterations)
note: 2.post#c.inten1999 omitted because of collinearity
note: 2.post#c.inten2005 omitted because of collinearity
note: 5.im90_bin#c.year omitted because of collinearity

HDFE Linear regression                            Number of obs   =     17,904
Absorbing 2 HDFE groups                           F(   5,   1118) =       3.01
Statistics robust to heteroskedasticity           Prob > F        =     0.0105
                                                  R-squared       =     0.5444
                                                  Adj R-squared   =     0.5135
                                                  Within R-sq.    =     0.0031
Number of clusters (cve_ent_mun_super) =      1,119Root MSE       =     9.1498

                      (Std. err. adjusted for 1,119 clusters in cve_ent_mun_super)
----------------------------------------------------------------------------------
                 |               Robust
           emr65 | Coefficient  std. err.      t    P>|t|     [95% conf. interval]
-----------------+----------------------------------------------------------------
post#c.inten1999 |
      1997-2006  |   .6992247    1.48562     0.47   0.638    -2.215692    3.614141
      1991-1996  |          0  (omitted)
                 |
post#c.inten2005 |
      1997-2006  |  -.5841553   1.700662    -0.34   0.731    -3.921005    2.752694
      1991-1996  |          0  (omitted)
                 |
    sp_intensity |  -1.348805   .9525726    -1.42   0.157    -3.217836    .5202267
                 |
 im90_bin#c.year |
              3  |   .2550595   .0883155     2.89   0.004     .0817767    .4283422
              4  |   .2073031   .0655226     3.16   0.002      .078742    .3358643
              5  |          0  (omitted)
                 |
           _cons |  -266.4735   90.46023    -2.95   0.003    -443.9645   -88.98257
----------------------------------------------------------------------------------

Absorbed degrees of freedom:
-----------------------------------------------------------+
       Absorbed FE | Categories  - Redundant  = Num. Coefs |
-------------------+---------------------------------------|
              year |        16           1          15     |
 cve_ent_mun_super |      1119        1119           0    *|
-----------------------------------------------------------+
* = FE nested within cluster; treated as redundant for DoF computation

    Variable |        Obs        Mean    Std. dev.       Min        Max
-------------+---------------------------------------------------------
       emr65 |      6,714    46.47264    22.49381          0   443.9448

                   |        Observations
                   |      total   distinct
-------------------+----------------------
 cve_ent_mun_super |      17904       1119
(MWFE estimator converged in 4 iterations)
note: 2.post#c.inten1999 omitted because of collinearity
note: 2.post#c.inten2005 omitted because of collinearity

HDFE Linear regression                            Number of obs   =     17,904
Absorbing 3 HDFE groups                           F(   3,   1118) =       0.74
Statistics robust to heteroskedasticity           Prob > F        =     0.5274
                                                  R-squared       =     0.5636
                                                  Adj R-squared   =     0.5122
                                                  Within R-sq.    =     0.0002
Number of clusters (cve_ent_mun_super) =      1,119Root MSE       =     9.1626

                      (Std. err. adjusted for 1,119 clusters in cve_ent_mun_super)
----------------------------------------------------------------------------------
                 |               Robust
           emr65 | Coefficient  std. err.      t    P>|t|     [95% conf. interval]
-----------------+----------------------------------------------------------------
post#c.inten1999 |
      1997-2006  |   1.256513   1.598366     0.79   0.432    -1.879622    4.392647
      1991-1996  |          0  (omitted)
                 |
post#c.inten2005 |
      1997-2006  |   .3484773   1.888557     0.18   0.854    -3.357038    4.053993
      1991-1996  |          0  (omitted)
                 |
    sp_intensity |  -1.125576   .9555146    -1.18   0.239     -3.00038    .7492284
           _cons |   39.96535   .8419621    47.47   0.000     38.31335    41.61736
----------------------------------------------------------------------------------

Absorbed degrees of freedom:
-----------------------------------------------------------+
       Absorbed FE | Categories  - Redundant  = Num. Coefs |
-------------------+---------------------------------------|
              year |        16           1          15     |
 cve_ent_mun_super |      1119        1119           0    *|
   year#margpct_pv |       768          16         752     |
-----------------------------------------------------------+
* = FE nested within cluster; treated as redundant for DoF computation

    Variable |        Obs        Mean    Std. dev.       Min        Max
-------------+---------------------------------------------------------
       emr65 |      6,714    46.47264    22.49381          0   443.9448

                   |        Observations
                   |      total   distinct
-------------------+----------------------
 cve_ent_mun_super |      17904       1119
(MWFE estimator converged in 4 iterations)
note: 2.post#c.inten1999 omitted because of collinearity
note: 2.post#c.inten2005 omitted because of collinearity

HDFE Linear regression                            Number of obs   =     17,904
Absorbing 3 HDFE groups                           F(   3,   1118) =       0.83
Statistics robust to heteroskedasticity           Prob > F        =     0.4758
                                                  R-squared       =     0.5456
                                                  Adj R-squared   =     0.5124
                                                  Within R-sq.    =     0.0002
Number of clusters (cve_ent_mun_super) =      1,119Root MSE       =     9.1599

                      (Std. err. adjusted for 1,119 clusters in cve_ent_mun_super)
----------------------------------------------------------------------------------
                 |               Robust
           emr65 | Coefficient  std. err.      t    P>|t|     [95% conf. interval]
-----------------+----------------------------------------------------------------
post#c.inten1999 |
      1997-2006  |   .8800822   1.621373     0.54   0.587    -2.301194    4.061358
      1991-1996  |          0  (omitted)
                 |
post#c.inten2005 |
      1997-2006  |  -.8750057   1.934353    -0.45   0.651    -4.670377    2.920366
      1991-1996  |          0  (omitted)
                 |
    sp_intensity |  -1.418696    .955059    -1.49   0.138    -3.292606    .4552136
           _cons |   40.65216   .8924407    45.55   0.000     38.90111    42.40321
----------------------------------------------------------------------------------

Absorbed degrees of freedom:
-----------------------------------------------------------+
       Absorbed FE | Categories  - Redundant  = Num. Coefs |
-------------------+---------------------------------------|
              year |        16           1          15     |
 cve_ent_mun_super |      1119        1119           0    *|
 year#c.Lshare_pc1 |        16           0          16    ?|
 year#c.Lshare_pc2 |        16           0          16    ?|
 year#c.Lshare_pc3 |        16           0          16    ?|
 year#c.Lshare_pc4 |        16           0          16    ?|
 year#c.Lshare_pc5 |        16           0          16    ?|
-----------------------------------------------------------+
? = number of redundant parameters may be higher
* = FE nested within cluster; treated as redundant for DoF computation

    Variable |        Obs        Mean    Std. dev.       Min        Max
-------------+---------------------------------------------------------
       emr65 |      6,714    46.47264    22.49381          0   443.9448

                   |        Observations
                   |      total   distinct
-------------------+----------------------
 cve_ent_mun_super |      17904       1119
(MWFE estimator converged in 4 iterations)
note: 2.post#c.inten1999 omitted because of collinearity
note: 2.post#c.inten2005 omitted because of collinearity
note: c.Lshare_pc5#c.year omitted because of collinearity

HDFE Linear regression                            Number of obs   =     17,904
Absorbing 2 HDFE groups                           F(   7,   1118) =       2.07
Statistics robust to heteroskedasticity           Prob > F        =     0.0446
                                                  R-squared       =     0.5440
                                                  Adj R-squared   =     0.5130
                                                  Within R-sq.    =     0.0021
Number of clusters (cve_ent_mun_super) =      1,119Root MSE       =     9.1548

                         (Std. err. adjusted for 1,119 clusters in cve_ent_mun_super)
-------------------------------------------------------------------------------------
                    |               Robust
              emr65 | Coefficient  std. err.      t    P>|t|     [95% conf. interval]
--------------------+----------------------------------------------------------------
   post#c.inten1999 |
         1997-2006  |   .5186699   1.521336     0.34   0.733    -2.466325    3.503665
         1991-1996  |          0  (omitted)
                    |
   post#c.inten2005 |
         1997-2006  |  -1.310293   1.819165    -0.72   0.472    -4.879655     2.25907
         1991-1996  |          0  (omitted)
                    |
       sp_intensity |  -1.386905   .9441987    -1.47   0.142    -3.239507    .4656957
                    |
c.Lshare_pc1#c.year |   .3974845    .208206     1.91   0.057     -.011034     .806003
                    |
c.Lshare_pc2#c.year |   -.000364   .1880636    -0.00   0.998    -.3693614    .3686334
                    |
c.Lshare_pc3#c.year |   .1168908   .2164566     0.54   0.589    -.3078162    .5415977
                    |
c.Lshare_pc4#c.year |   -.018422   .3178084    -0.06   0.954    -.6419901    .6051461
                    |
c.Lshare_pc5#c.year |          0  (omitted)
                    |
              _cons |  -200.9636   345.9075    -0.58   0.561    -879.6646    477.7375
-------------------------------------------------------------------------------------

Absorbed degrees of freedom:
-----------------------------------------------------------+
       Absorbed FE | Categories  - Redundant  = Num. Coefs |
-------------------+---------------------------------------|
              year |        16           1          15     |
 cve_ent_mun_super |      1119        1119           0    *|
-----------------------------------------------------------+
* = FE nested within cluster; treated as redundant for DoF computation

    Variable |        Obs        Mean    Std. dev.       Min        Max
-------------+---------------------------------------------------------
       emr65 |      6,714    46.47264    22.49381          0   443.9448

                   |        Observations
                   |      total   distinct
-------------------+----------------------
 cve_ent_mun_super |      17904       1119
(MWFE estimator converged in 4 iterations)
note: 2.post#c.inten1999 omitted because of collinearity
note: 2.post#c.inten2005 omitted because of collinearity

HDFE Linear regression                            Number of obs   =     17,904
Absorbing 2 HDFE groups                           F(   3,   1118) =       2.79
Statistics robust to heteroskedasticity           Prob > F        =     0.0395
                                                  R-squared       =     0.4368
                                                  Adj R-squared   =     0.3986
                                                  Within R-sq.    =     0.0010
Number of clusters (cve_ent_mun_super) =      1,119Root MSE       =    12.1225

                      (Std. err. adjusted for 1,119 clusters in cve_ent_mun_super)
----------------------------------------------------------------------------------
                 |               Robust
          emr65f | Coefficient  std. err.      t    P>|t|     [95% conf. interval]
-----------------+----------------------------------------------------------------
post#c.inten1999 |
      1997-2006  |   .6202626   1.824288     0.34   0.734    -2.959151    4.199676
      1991-1996  |          0  (omitted)
                 |
post#c.inten2005 |
      1997-2006  |  -5.641355   2.204738    -2.56   0.011    -9.967246   -1.315465
      1991-1996  |          0  (omitted)
                 |
    sp_intensity |  -.6229484   1.231887    -0.51   0.613    -3.040019    1.794123
           _cons |   41.14242   .8441195    48.74   0.000     39.48619    42.79866
----------------------------------------------------------------------------------

Absorbed degrees of freedom:
-----------------------------------------------------------+
       Absorbed FE | Categories  - Redundant  = Num. Coefs |
-------------------+---------------------------------------|
              year |        16           1          15     |
 cve_ent_mun_super |      1119        1119           0    *|
-----------------------------------------------------------+
* = FE nested within cluster; treated as redundant for DoF computation

    Variable |        Obs        Mean    Std. dev.       Min        Max
-------------+---------------------------------------------------------
      emr65f |      6,714    46.10958    28.61943          0   561.9429

                   |        Observations
                   |      total   distinct
-------------------+----------------------
 cve_ent_mun_super |      17904       1119
(MWFE estimator converged in 4 iterations)
note: 2.post#c.inten1999 omitted because of collinearity
note: 2.post#c.inten2005 omitted because of collinearity

HDFE Linear regression                            Number of obs   =     17,904
Absorbing 2 HDFE groups                           F(   4,   1118) =       4.60
Statistics robust to heteroskedasticity           Prob > F        =     0.0011
                                                  R-squared       =     0.4379
                                                  Adj R-squared   =     0.3998
                                                  Within R-sq.    =     0.0030
Number of clusters (cve_ent_mun_super) =      1,119Root MSE       =    12.1108

                          (Std. err. adjusted for 1,119 clusters in cve_ent_mun_super)
--------------------------------------------------------------------------------------
                     |               Robust
              emr65f | Coefficient  std. err.      t    P>|t|     [95% conf. interval]
---------------------+----------------------------------------------------------------
    post#c.inten1999 |
          1997-2006  |   2.516192   1.836116     1.37   0.171     -1.08643    6.118814
          1991-1996  |          0  (omitted)
                     |
    post#c.inten2005 |
          1997-2006  |  -2.304492   2.170086    -1.06   0.288    -6.562392    1.953407
          1991-1996  |          0  (omitted)
                     |
        sp_intensity |  -.7450287   1.236078    -0.60   0.547    -3.170323    1.680265
                     |
c.im_mun_1990#c.year |  -.2690449   .0712698    -3.78   0.000    -.4088825   -.1292074
                     |
               _cons |   415.7512   99.47031     4.18   0.000     220.5817    610.9207
--------------------------------------------------------------------------------------

Absorbed degrees of freedom:
-----------------------------------------------------------+
       Absorbed FE | Categories  - Redundant  = Num. Coefs |
-------------------+---------------------------------------|
              year |        16           1          15     |
 cve_ent_mun_super |      1119        1119           0    *|
-----------------------------------------------------------+
* = FE nested within cluster; treated as redundant for DoF computation

    Variable |        Obs        Mean    Std. dev.       Min        Max
-------------+---------------------------------------------------------
      emr65f |      6,714    46.10958    28.61943          0   561.9429

                   |        Observations
                   |      total   distinct
-------------------+----------------------
 cve_ent_mun_super |      17904       1119
(MWFE estimator converged in 4 iterations)
note: 2.post#c.inten1999 omitted because of collinearity
note: 2.post#c.inten2005 omitted because of collinearity
note: 5.im90_bin#c.year omitted because of collinearity

HDFE Linear regression                            Number of obs   =     17,904
Absorbing 2 HDFE groups                           F(   5,   1118) =       2.57
Statistics robust to heteroskedasticity           Prob > F        =     0.0252
                                                  R-squared       =     0.4374
                                                  Adj R-squared   =     0.3992
                                                  Within R-sq.    =     0.0021
Number of clusters (cve_ent_mun_super) =      1,119Root MSE       =    12.1165

                      (Std. err. adjusted for 1,119 clusters in cve_ent_mun_super)
----------------------------------------------------------------------------------
                 |               Robust
          emr65f | Coefficient  std. err.      t    P>|t|     [95% conf. interval]
-----------------+----------------------------------------------------------------
post#c.inten1999 |
      1997-2006  |    2.00102   1.844781     1.08   0.278    -1.618602    5.620643
      1991-1996  |          0  (omitted)
                 |
post#c.inten2005 |
      1997-2006  |   -3.41854     2.1209    -1.61   0.107    -7.579932    .7428524
      1991-1996  |          0  (omitted)
                 |
    sp_intensity |  -.6763085   1.227892    -0.55   0.582    -3.085541    1.732924
                 |
 im90_bin#c.year |
              3  |   .2577869   .1003959     2.57   0.010     .0608012    .4547726
              4  |   .1808804   .0734435     2.46   0.014     .0367778     .324983
              5  |          0  (omitted)
                 |
           _cons |  -244.2266   100.5172    -2.43   0.015    -441.4503   -47.00298
----------------------------------------------------------------------------------

Absorbed degrees of freedom:
-----------------------------------------------------------+
       Absorbed FE | Categories  - Redundant  = Num. Coefs |
-------------------+---------------------------------------|
              year |        16           1          15     |
 cve_ent_mun_super |      1119        1119           0    *|
-----------------------------------------------------------+
* = FE nested within cluster; treated as redundant for DoF computation

    Variable |        Obs        Mean    Std. dev.       Min        Max
-------------+---------------------------------------------------------
      emr65f |      6,714    46.10958    28.61943          0   561.9429

                   |        Observations
                   |      total   distinct
-------------------+----------------------
 cve_ent_mun_super |      17904       1119
(MWFE estimator converged in 5 iterations)
note: 2.post#c.inten1999 omitted because of collinearity
note: 2.post#c.inten2005 omitted because of collinearity

HDFE Linear regression                            Number of obs   =     17,904
Absorbing 3 HDFE groups                           F(   3,   1118) =       0.84
Statistics robust to heteroskedasticity           Prob > F        =     0.4699
                                                  R-squared       =     0.4616
                                                  Adj R-squared   =     0.3981
                                                  Within R-sq.    =     0.0002
Number of clusters (cve_ent_mun_super) =      1,119Root MSE       =    12.1280

                      (Std. err. adjusted for 1,119 clusters in cve_ent_mun_super)
----------------------------------------------------------------------------------
                 |               Robust
          emr65f | Coefficient  std. err.      t    P>|t|     [95% conf. interval]
-----------------+----------------------------------------------------------------
post#c.inten1999 |
      1997-2006  |   2.986362   1.974082     1.51   0.131    -.8869603    6.859684
      1991-1996  |          0  (omitted)
                 |
post#c.inten2005 |
      1997-2006  |  -1.356438   2.338553    -0.58   0.562    -5.944884    3.232009
      1991-1996  |          0  (omitted)
                 |
    sp_intensity |  -.6100338   1.243223    -0.49   0.624    -3.049347    1.829279
           _cons |   38.45393   1.027865    37.41   0.000     36.43717    40.47069
----------------------------------------------------------------------------------

Absorbed degrees of freedom:
-----------------------------------------------------------+
       Absorbed FE | Categories  - Redundant  = Num. Coefs |
-------------------+---------------------------------------|
              year |        16           1          15     |
 cve_ent_mun_super |      1119        1119           0    *|
   year#margpct_pv |       768          16         752     |
-----------------------------------------------------------+
* = FE nested within cluster; treated as redundant for DoF computation

    Variable |        Obs        Mean    Std. dev.       Min        Max
-------------+---------------------------------------------------------
      emr65f |      6,714    46.10958    28.61943          0   561.9429

                   |        Observations
                   |      total   distinct
-------------------+----------------------
 cve_ent_mun_super |      17904       1119
(MWFE estimator converged in 4 iterations)
note: 2.post#c.inten1999 omitted because of collinearity
note: 2.post#c.inten2005 omitted because of collinearity

HDFE Linear regression                            Number of obs   =     17,904
Absorbing 3 HDFE groups                           F(   3,   1118) =       1.03
Statistics robust to heteroskedasticity           Prob > F        =     0.3764
                                                  R-squared       =     0.4395
                                                  Adj R-squared   =     0.3986
                                                  Within R-sq.    =     0.0003
Number of clusters (cve_ent_mun_super) =      1,119Root MSE       =    12.1227

                      (Std. err. adjusted for 1,119 clusters in cve_ent_mun_super)
----------------------------------------------------------------------------------
                 |               Robust
          emr65f | Coefficient  std. err.      t    P>|t|     [95% conf. interval]
-----------------+----------------------------------------------------------------
post#c.inten1999 |
      1997-2006  |   2.941455   1.966904     1.50   0.135    -.9177842    6.800695
      1991-1996  |          0  (omitted)
                 |
post#c.inten2005 |
      1997-2006  |  -2.790586   2.366427    -1.18   0.239    -7.433725    1.852553
      1991-1996  |          0  (omitted)
                 |
    sp_intensity |  -.8023079   1.246964    -0.64   0.520    -3.248961    1.644346
           _cons |   39.13407   1.058854    36.96   0.000     37.05651    41.21164
----------------------------------------------------------------------------------

Absorbed degrees of freedom:
-----------------------------------------------------------+
       Absorbed FE | Categories  - Redundant  = Num. Coefs |
-------------------+---------------------------------------|
              year |        16           1          15     |
 cve_ent_mun_super |      1119        1119           0    *|
 year#c.Lshare_pc1 |        16           0          16    ?|
 year#c.Lshare_pc2 |        16           0          16    ?|
 year#c.Lshare_pc3 |        16           0          16    ?|
 year#c.Lshare_pc4 |        16           0          16    ?|
 year#c.Lshare_pc5 |        16           0          16    ?|
-----------------------------------------------------------+
? = number of redundant parameters may be higher
* = FE nested within cluster; treated as redundant for DoF computation

    Variable |        Obs        Mean    Std. dev.       Min        Max
-------------+---------------------------------------------------------
      emr65f |      6,714    46.10958    28.61943          0   561.9429

                   |        Observations
                   |      total   distinct
-------------------+----------------------
 cve_ent_mun_super |      17904       1119
(MWFE estimator converged in 4 iterations)
note: 2.post#c.inten1999 omitted because of collinearity
note: 2.post#c.inten2005 omitted because of collinearity
note: c.Lshare_pc5#c.year omitted because of collinearity

HDFE Linear regression                            Number of obs   =     17,904
Absorbing 2 HDFE groups                           F(   7,   1118) =       2.19
Statistics robust to heteroskedasticity           Prob > F        =     0.0331
                                                  R-squared       =     0.4374
                                                  Adj R-squared   =     0.3991
                                                  Within R-sq.    =     0.0021
Number of clusters (cve_ent_mun_super) =      1,119Root MSE       =    12.1177

                         (Std. err. adjusted for 1,119 clusters in cve_ent_mun_super)
-------------------------------------------------------------------------------------
                    |               Robust
             emr65f | Coefficient  std. err.      t    P>|t|     [95% conf. interval]
--------------------+----------------------------------------------------------------
   post#c.inten1999 |
         1997-2006  |   2.166613   1.873085     1.16   0.248    -1.508546    5.841771
         1991-1996  |          0  (omitted)
                    |
   post#c.inten2005 |
         1997-2006  |  -3.742034   2.223866    -1.68   0.093    -8.105455    .6213871
         1991-1996  |          0  (omitted)
                    |
       sp_intensity |  -.7595238   1.231798    -0.62   0.538    -3.176421    1.657373
                    |
c.Lshare_pc1#c.year |   .4728582   .2306673     2.05   0.041     .0202686    .9254479
                    |
c.Lshare_pc2#c.year |    .022625   .2057558     0.11   0.912    -.3810861    .4263361
                    |
c.Lshare_pc3#c.year |   .1698213   .2377429     0.71   0.475    -.2966513    .6362938
                    |
c.Lshare_pc4#c.year |  -.0764092   .3386773    -0.23   0.822     -.740924    .5881055
                    |
c.Lshare_pc5#c.year |          0  (omitted)
                    |
              _cons |  -253.9491   367.5467    -0.69   0.490     -975.108    467.2099
-------------------------------------------------------------------------------------

Absorbed degrees of freedom:
-----------------------------------------------------------+
       Absorbed FE | Categories  - Redundant  = Num. Coefs |
-------------------+---------------------------------------|
              year |        16           1          15     |
 cve_ent_mun_super |      1119        1119           0    *|
-----------------------------------------------------------+
* = FE nested within cluster; treated as redundant for DoF computation

    Variable |        Obs        Mean    Std. dev.       Min        Max
-------------+---------------------------------------------------------
      emr65f |      6,714    46.10958    28.61943          0   561.9429

                   |        Observations
                   |      total   distinct
-------------------+----------------------
 cve_ent_mun_super |      17904       1119
(MWFE estimator converged in 4 iterations)
note: 2.post#c.inten1999 omitted because of collinearity
note: 2.post#c.inten2005 omitted because of collinearity

HDFE Linear regression                            Number of obs   =     17,904
Absorbing 2 HDFE groups                           F(   3,   1118) =       1.92
Statistics robust to heteroskedasticity           Prob > F        =     0.1244
                                                  R-squared       =     0.3934
                                                  Adj R-squared   =     0.3523
                                                  Within R-sq.    =     0.0004
Number of clusters (cve_ent_mun_super) =      1,119Root MSE       =    12.4680

                      (Std. err. adjusted for 1,119 clusters in cve_ent_mun_super)
----------------------------------------------------------------------------------
                 |               Robust
          emr65m | Coefficient  std. err.      t    P>|t|     [95% conf. interval]
-----------------+----------------------------------------------------------------
post#c.inten1999 |
      1997-2006  |  -2.206274   1.734633    -1.27   0.204    -5.609776    1.197228
      1991-1996  |          0  (omitted)
                 |
post#c.inten2005 |
      1997-2006  |    .201069   1.994191     0.10   0.920    -3.711709    4.113847
      1991-1996  |          0  (omitted)
                 |
    sp_intensity |  -1.937563   1.131321    -1.71   0.087    -4.157315    .2821885
           _cons |   42.88614    .764194    56.12   0.000     41.38672    44.38555
----------------------------------------------------------------------------------

Absorbed degrees of freedom:
-----------------------------------------------------------+
       Absorbed FE | Categories  - Redundant  = Num. Coefs |
-------------------+---------------------------------------|
              year |        16           1          15     |
 cve_ent_mun_super |      1119        1119           0    *|
-----------------------------------------------------------+
* = FE nested within cluster; treated as redundant for DoF computation

    Variable |        Obs        Mean    Std. dev.       Min        Max
-------------+---------------------------------------------------------
      emr65m |      6,714    47.26217    28.13033          0        360

                   |        Observations
                   |      total   distinct
-------------------+----------------------
 cve_ent_mun_super |      17904       1119
(MWFE estimator converged in 4 iterations)
note: 2.post#c.inten1999 omitted because of collinearity
note: 2.post#c.inten2005 omitted because of collinearity

HDFE Linear regression                            Number of obs   =     17,904
Absorbing 2 HDFE groups                           F(   4,   1118) =       2.68
Statistics robust to heteroskedasticity           Prob > F        =     0.0303
                                                  R-squared       =     0.3939
                                                  Adj R-squared   =     0.3528
                                                  Within R-sq.    =     0.0011
Number of clusters (cve_ent_mun_super) =      1,119Root MSE       =    12.4638

                          (Std. err. adjusted for 1,119 clusters in cve_ent_mun_super)
--------------------------------------------------------------------------------------
                     |               Robust
              emr65m | Coefficient  std. err.      t    P>|t|     [95% conf. interval]
---------------------+----------------------------------------------------------------
    post#c.inten1999 |
          1997-2006  |  -1.037491   1.772617    -0.59   0.558    -4.515522    2.440539
          1991-1996  |          0  (omitted)
                     |
    post#c.inten2005 |
          1997-2006  |     2.2595     2.0581     1.10   0.273    -1.778673    6.297673
          1991-1996  |          0  (omitted)
                     |
        sp_intensity |  -2.023234   1.137147    -1.78   0.075    -4.254418    .2079491
                     |
c.im_mun_1990#c.year |  -.1673721   .0696588    -2.40   0.016    -.3040488   -.0306954
                     |
               _cons |   276.6629   97.43687     2.84   0.005     85.48321    467.8426
--------------------------------------------------------------------------------------

Absorbed degrees of freedom:
-----------------------------------------------------------+
       Absorbed FE | Categories  - Redundant  = Num. Coefs |
-------------------+---------------------------------------|
              year |        16           1          15     |
 cve_ent_mun_super |      1119        1119           0    *|
-----------------------------------------------------------+
* = FE nested within cluster; treated as redundant for DoF computation

    Variable |        Obs        Mean    Std. dev.       Min        Max
-------------+---------------------------------------------------------
      emr65m |      6,714    47.26217    28.13033          0        360

                   |        Observations
                   |      total   distinct
-------------------+----------------------
 cve_ent_mun_super |      17904       1119
(MWFE estimator converged in 4 iterations)
note: 2.post#c.inten1999 omitted because of collinearity
note: 2.post#c.inten2005 omitted because of collinearity
note: 5.im90_bin#c.year omitted because of collinearity

HDFE Linear regression                            Number of obs   =     17,904
Absorbing 2 HDFE groups                           F(   5,   1118) =       2.93
Statistics robust to heteroskedasticity           Prob > F        =     0.0124
                                                  R-squared       =     0.3942
                                                  Adj R-squared   =     0.3531
                                                  Within R-sq.    =     0.0017
Number of clusters (cve_ent_mun_super) =      1,119Root MSE       =    12.4608

                      (Std. err. adjusted for 1,119 clusters in cve_ent_mun_super)
----------------------------------------------------------------------------------
                 |               Robust
          emr65m | Coefficient  std. err.      t    P>|t|     [95% conf. interval]
-----------------+----------------------------------------------------------------
post#c.inten1999 |
      1997-2006  |  -.7934914   1.762284    -0.45   0.653    -4.251248    2.664265
      1991-1996  |          0  (omitted)
                 |
post#c.inten2005 |
      1997-2006  |   2.338725   2.001682     1.17   0.243    -1.588752    6.266201
      1991-1996  |          0  (omitted)
                 |
    sp_intensity |   -1.97958   1.141026    -1.73   0.083    -4.218374    .2592137
                 |
 im90_bin#c.year |
              3  |   .2452694   .0967616     2.53   0.011     .0554147    .4351241
              4  |   .2254596    .074888     3.01   0.003     .0785227    .3723965
              5  |          0  (omitted)
                 |
           _cons |  -278.0707   103.3035    -2.69   0.007    -480.7612    -75.3802
----------------------------------------------------------------------------------

Absorbed degrees of freedom:
-----------------------------------------------------------+
       Absorbed FE | Categories  - Redundant  = Num. Coefs |
-------------------+---------------------------------------|
              year |        16           1          15     |
 cve_ent_mun_super |      1119        1119           0    *|
-----------------------------------------------------------+
* = FE nested within cluster; treated as redundant for DoF computation

    Variable |        Obs        Mean    Std. dev.       Min        Max
-------------+---------------------------------------------------------
      emr65m |      6,714    47.26217    28.13033          0        360

                   |        Observations
                   |      total   distinct
-------------------+----------------------
 cve_ent_mun_super |      17904       1119
(MWFE estimator converged in 4 iterations)
note: 2.post#c.inten1999 omitted because of collinearity
note: 2.post#c.inten2005 omitted because of collinearity

HDFE Linear regression                            Number of obs   =     17,904
Absorbing 3 HDFE groups                           F(   3,   1118) =       0.87
Statistics robust to heteroskedasticity           Prob > F        =     0.4542
                                                  R-squared       =     0.4180
                                                  Adj R-squared   =     0.3494
                                                  Within R-sq.    =     0.0002
Number of clusters (cve_ent_mun_super) =      1,119Root MSE       =    12.4966

                      (Std. err. adjusted for 1,119 clusters in cve_ent_mun_super)
----------------------------------------------------------------------------------
                 |               Robust
          emr65m | Coefficient  std. err.      t    P>|t|     [95% conf. interval]
-----------------+----------------------------------------------------------------
post#c.inten1999 |
      1997-2006  |   -.675881   1.853199    -0.36   0.715    -4.312021    2.960259
      1991-1996  |          0  (omitted)
                 |
post#c.inten2005 |
      1997-2006  |   2.095065   2.199546     0.95   0.341    -2.220638    6.410768
      1991-1996  |          0  (omitted)
                 |
    sp_intensity |  -1.544111    1.17923    -1.31   0.191    -3.857864    .7696425
           _cons |   41.54183   .9724627    42.72   0.000     39.63377    43.44989
----------------------------------------------------------------------------------

Absorbed degrees of freedom:
-----------------------------------------------------------+
       Absorbed FE | Categories  - Redundant  = Num. Coefs |
-------------------+---------------------------------------|
              year |        16           1          15     |
 cve_ent_mun_super |      1119        1119           0    *|
   year#margpct_pv |       768          16         752     |
-----------------------------------------------------------+
* = FE nested within cluster; treated as redundant for DoF computation

    Variable |        Obs        Mean    Std. dev.       Min        Max
-------------+---------------------------------------------------------
      emr65m |      6,714    47.26217    28.13033          0        360

                   |        Observations
                   |      total   distinct
-------------------+----------------------
 cve_ent_mun_super |      17904       1119
(MWFE estimator converged in 4 iterations)
note: 2.post#c.inten1999 omitted because of collinearity
note: 2.post#c.inten2005 omitted because of collinearity

HDFE Linear regression                            Number of obs   =     17,904
Absorbing 3 HDFE groups                           F(   3,   1118) =       1.33
Statistics robust to heteroskedasticity           Prob > F        =     0.2644
                                                  R-squared       =     0.3957
                                                  Adj R-squared   =     0.3517
                                                  Within R-sq.    =     0.0003
Number of clusters (cve_ent_mun_super) =      1,119Root MSE       =    12.4742

                      (Std. err. adjusted for 1,119 clusters in cve_ent_mun_super)
----------------------------------------------------------------------------------
                 |               Robust
          emr65m | Coefficient  std. err.      t    P>|t|     [95% conf. interval]
-----------------+----------------------------------------------------------------
post#c.inten1999 |
      1997-2006  |   -1.40409   1.918953    -0.73   0.465    -5.169244    2.361064
      1991-1996  |          0  (omitted)
                 |
post#c.inten2005 |
      1997-2006  |   1.161484   2.147782     0.54   0.589    -3.052653    5.375621
      1991-1996  |          0  (omitted)
                 |
    sp_intensity |  -1.992653   1.141135    -1.75   0.081    -4.231661     .246355
           _cons |   42.20762   .9787162    43.13   0.000     40.28729    44.12794
----------------------------------------------------------------------------------

Absorbed degrees of freedom:
-----------------------------------------------------------+
       Absorbed FE | Categories  - Redundant  = Num. Coefs |
-------------------+---------------------------------------|
              year |        16           1          15     |
 cve_ent_mun_super |      1119        1119           0    *|
 year#c.Lshare_pc1 |        16           0          16    ?|
 year#c.Lshare_pc2 |        16           0          16    ?|
 year#c.Lshare_pc3 |        16           0          16    ?|
 year#c.Lshare_pc4 |        16           0          16    ?|
 year#c.Lshare_pc5 |        16           0          16    ?|
-----------------------------------------------------------+
? = number of redundant parameters may be higher
* = FE nested within cluster; treated as redundant for DoF computation

    Variable |        Obs        Mean    Std. dev.       Min        Max
-------------+---------------------------------------------------------
      emr65m |      6,714    47.26217    28.13033          0        360

                   |        Observations
                   |      total   distinct
-------------------+----------------------
 cve_ent_mun_super |      17904       1119
(MWFE estimator converged in 4 iterations)
note: 2.post#c.inten1999 omitted because of collinearity
note: 2.post#c.inten2005 omitted because of collinearity
note: c.Lshare_pc5#c.year omitted because of collinearity

HDFE Linear regression                            Number of obs   =     17,904
Absorbing 2 HDFE groups                           F(   7,   1118) =       1.45
Statistics robust to heteroskedasticity           Prob > F        =     0.1817
                                                  R-squared       =     0.3937
                                                  Adj R-squared   =     0.3524
                                                  Within R-sq.    =     0.0008
Number of clusters (cve_ent_mun_super) =      1,119Root MSE       =    12.4669

                         (Std. err. adjusted for 1,119 clusters in cve_ent_mun_super)
-------------------------------------------------------------------------------------
                    |               Robust
             emr65m | Coefficient  std. err.      t    P>|t|     [95% conf. interval]
--------------------+----------------------------------------------------------------
   post#c.inten1999 |
         1997-2006  |   -1.33465   1.817389    -0.73   0.463    -4.900529    2.231228
         1991-1996  |          0  (omitted)
                    |
   post#c.inten2005 |
         1997-2006  |   1.227211   2.062443     0.60   0.552    -2.819484    5.273906
         1991-1996  |          0  (omitted)
                    |
       sp_intensity |  -1.972236   1.128856    -1.75   0.081    -4.187151    .2426802
                    |
c.Lshare_pc1#c.year |   .3134777   .2429546     1.29   0.197    -.1632207    .7901761
                    |
c.Lshare_pc2#c.year |  -.0324997   .2191068    -0.15   0.882    -.4624066    .3974072
                    |
c.Lshare_pc3#c.year |   .0689632   .2507777     0.27   0.783    -.4230848    .5610113
                    |
c.Lshare_pc4#c.year |   .0474613   .3616557     0.13   0.896     -.662139    .7570616
                    |
c.Lshare_pc5#c.year |          0  (omitted)
                    |
              _cons |  -144.5971    400.191    -0.36   0.718    -929.8071    640.6129
-------------------------------------------------------------------------------------

Absorbed degrees of freedom:
-----------------------------------------------------------+
       Absorbed FE | Categories  - Redundant  = Num. Coefs |
-------------------+---------------------------------------|
              year |        16           1          15     |
 cve_ent_mun_super |      1119        1119           0    *|
-----------------------------------------------------------+
* = FE nested within cluster; treated as redundant for DoF computation

    Variable |        Obs        Mean    Std. dev.       Min        Max
-------------+---------------------------------------------------------
      emr65m |      6,714    47.26217    28.13033          0        360

                   |        Observations
                   |      total   distinct
-------------------+----------------------
 cve_ent_mun_super |      17904       1119

. 
. quietly sum inten1999 if $sample_marg & year == 1996

. local meanI99_2c: di %6.1f r(mean) * 100

. 
. * {
. *       cap file close sm
. *       file open sm using "$tables/appendix/AT1_ses_trend_summary.tex", write replace
. *       file write sm "\begin{tabular}{lcccccc} \hline \hline" _n
. *       file write sm "& \multicolumn{1}{c}{(1)} & \multicolumn{1}{c}{(2)} & \multicolumn{1}{c}{(3)} & \m
> ulticolumn{1}{c}{(4)} & \multicolumn{1}{c}{(5)} & \multicolumn{1}{c}{(6)} \\ \toprule" _n
. 
. *       file write sm "\underline{\textit{Panel A: Pooled}}  \\ " _n
. *       file write sm "\textit{Intensity 1999 x post (1997-2006)} & `b99_2c_p_1' & `b99_2c_p_2' & `b99_2c
> _p_3' & `b99_2c_p_4' & `b99_2c_p_5' & `b99_2c_p_6' \\ " _n
. *       file write sm " & (`se99_2c_p_1') & (`se99_2c_p_2') & (`se99_2c_p_3') & (`se99_2c_p_4') & (`se99_
> 2c_p_5') & (`se99_2c_p_6') \\ " _n
. *       file write sm "  & & & & & & \\ " _n
. *       file write sm "Mean (1991-1996) & `mean_2c_p_1' & `mean_2c_p_2' & `mean_2c_p_3' & `mean_2c_p_4' &
>  `mean_2c_p_5' & `mean_2c_p_6' \\ " _n
. *       file write sm "Obs & `N_2c_p_1' & `N_2c_p_2' & `N_2c_p_3' & `N_2c_p_4' & `N_2c_p_5' & `N_2c_p_6' 
> \\ " _n
. *       file write sm "  & & & & & & \\ " _n
. 
. *       file write sm "\underline{\textit{Panel B: Females}}  \\ " _n
. *       file write sm "\textit{Intensity 1999 x post (1997-2006)} & `b99_2c_f_1' & `b99_2c_f_2' & `b99_2c
> _f_3' & `b99_2c_f_4' & `b99_2c_f_5' & `b99_2c_f_6' \\ " _n
. *       file write sm " & (`se99_2c_f_1') & (`se99_2c_f_2') & (`se99_2c_f_3') & (`se99_2c_f_4') & (`se99_
> 2c_f_5') & (`se99_2c_f_6') \\ " _n
. *       file write sm "  & & & & & & \\ " _n
. *       file write sm "Mean (1991-1996) & `mean_2c_f_1' & `mean_2c_f_2' & `mean_2c_f_3' & `mean_2c_f_4' &
>  `mean_2c_f_5' & `mean_2c_f_6' \\ " _n
. *       file write sm "Obs & `N_2c_f_1' & `N_2c_f_2' & `N_2c_f_3' & `N_2c_f_4' & `N_2c_f_5' & `N_2c_f_6' 
> \\ " _n
. *       file write sm "  & & & & & & \\ " _n
. 
. *       file write sm "\underline{\textit{Panel C: Males}}  \\ " _n
. *       file write sm "\textit{Intensity 1999 x post (1997-2006)} & `b99_2c_m_1' & `b99_2c_m_2' & `b99_2c
> _m_3' & `b99_2c_m_4' & `b99_2c_m_5' & `b99_2c_m_6' \\ " _n
. *       file write sm " & (`se99_2c_m_1') & (`se99_2c_m_2') & (`se99_2c_m_3') & (`se99_2c_m_4') & (`se99_
> 2c_m_5') & (`se99_2c_m_6') \\ " _n
. *       file write sm "  & & & & & & \\ " _n
. *       file write sm "Mean (1991-1996) & `mean_2c_m_1' & `mean_2c_m_2' & `mean_2c_m_3' & `mean_2c_m_4' &
>  `mean_2c_m_5' & `mean_2c_m_6' \\ " _n
. *       file write sm "Obs & `N_2c_m_1' & `N_2c_m_2' & `N_2c_m_3' & `N_2c_m_4' & `N_2c_m_5' & `N_2c_m_6' 
> \\ " _n
. *       file write sm "  & & & & & & \\ " _n
. 
. *       file write sm "No.\ Mun & `Nmun_2c_p_1' & `Nmun_2c_p_2' & `Nmun_2c_p_3' & `Nmun_2c_p_4' & `Nmun_2
> c_p_5' & `Nmun_2c_p_6' \\ " _n
. *       file write sm "  & & & & & & \\ " _n
. *       file write sm "SES Trend (Cont.\ Muni.\ Index) & N & Y & N & N & N & N \\ " _n
. *       file write sm "SES Trend (Muni.\ Quintile) & N & N & Y & N & N & N \\ " _n
. *       file write sm "Muni.\ Marg.\ \%-ile FE & N & N & N & Y & N & N \\ " _n
. *       file write sm "Locality Marg.\ \%-ile Shares, Flexible & N & N & N & N & Y & N \\ " _n
. *       file write sm "Locality Marg.\ \%-ile Shares, Linear & N & N & N & N & N & Y \\ " _n
. *       file write sm "Mean Intensity 1999 (\%) & `meanI99_2c' & `meanI99_2c' & `meanI99_2c' & `meanI99_2
> c' & `meanI99_2c' & `meanI99_2c' \\ " _n
. *       file write sm "\bottomrule" _n
. *       file write sm "\end{tabular}"
. *       file close sm
. *       if "$repo_tables" != "" copy "$tables/appendix/AT1_ses_trend_summary.tex" "$repo_tables/appendix/
> AT1_ses_trend_summary.tex", replace
. * }
. di "Table NOT exported (disabled): $tables/appendix/AT1_ses_trend_summary.tex"
Table NOT exported (disabled): C:\Users\FELIPEME\Dropbox\Aplicaciones\Overleaf\progresa_cct\tables/appendix
> /AT1_ses_trend_summary.tex

. 
. 
. 
. *============================================================
. * MOVED FROM 03_experimental.do per the coauthor's request -- was
. * AT_attrition_elderly.tex, at:attrition_elderly -- no longer
. * displayed in the paper. Regressions/di diagnostics below still
. * run so the numeric results remain available for review; the
. * `file open...file close' lines are commented out so no .tex is
. * written to tables/appendix, per this file's convention.
. *
. * This works on a DIFFERENT dataset than the rest of this file: the
. * individual/experimental-survey panel (pid/ronda/age97/contba/
. * claveofi/clavemun/only_elderly_base), not the municipality-year
. * administrative panel loaded at the top of this file. 03_experimental.do
. * now checkpoints its own working panel, right where this block used
. * to sit, to $data/Temp_data/working_panel_for_attrition.dta -- same
. * pattern as this file's own top-of-file checkpoint load, just a
. * second, separate one for this one block. preserve/restore around
. * the use below return this file to its usual municipality-year panel
. * afterward, for whatever runs next.
. *============================================================
. preserve

. use "$data/Temp_data/working_panel_for_attrition.dta", clear

. 
. *============================================================
. * APPENDIX TABLE: EXPERIMENTAL ATTRITION / OUT-MIGRATION OF OLDER ADULTS
. * Output: $tables/appendix/AT_attrition_elderly.tex
. *
. * WHY THIS EXISTS. The paper's out-migration threat is currently argued
. * from \cite{StecklovWintersStampiniDavis2005Demography}, who study
. * Progresa migration on this same experimental evaluation but -- as our
. * own footnote concedes -- report NO estimates for household members aged
. * 65 and older. That leaves the age group our mortality result is about
. * uncovered by the very citation used to reassure the reader about it.
. * This block closes that gap directly: it runs the age-65+ test Stecklov
. * et al. did not, on randomized treatment assignment, using the 1997
. * baseline cohort this file already builds.
. *
. * DESIGN. The panel here keeps rondas 1/3/5 and drops post-1997 entrants
. * (the `newindiv' drop), so it is a fixed 1997 cohort: every individual
. * enumerated at baseline either reappears in a later round or does not.
. * For the baseline 65+ cohort we therefore observe, per person:
. *     present98 = 1{observed in ronda 3}
. *     present99 = 1{observed in ronda 5}
. * and regress these on randomized treatment, clustering at the locality
. * (randomization) level with municipality FE -- the same specification as
. * equation (\ref{eq:exp_did}) in the paper, minus the year interaction
. * since the outcome is defined once per person.
. *
. * Because assignment is randomized, a null here means the program did not
. * differentially remove older adults from treatment localities, which is
. * precisely the assumption the municipal DiD needs. A significant
. * NEGATIVE coefficient would mean treatment-locality older adults
. * disappear from the roster faster -- the selective-out-migration story
. * the appendix tables can only test indirectly.
. *
. * IMPORTANT CAVEAT (stated in the note, and in the paper if this is
. * used): roster disappearance = death + migration + ordinary survey
. * attrition. ENCEL's 1997-99 rounds do not let us cleanly separate them
. * here, so this is a test of DIFFERENTIAL TOTAL ATTRITION, not of
. * migration alone. That is still the right test for the identification
. * threat -- any of the three channels, if differential by treatment,
. * biases the mortality comparison -- but it must not be described as a
. * pure migration estimate. Panel B restricts to older-adults-only
. * households, where the direct food transfer is the only benefit
. * received, as the subgroup with the strongest mechanical reason to move.
. *============================================================
. 
. keep if age97 >= 65 & !missing(age97)
(340,785 observations deleted)

. 
. * One row per baseline individual, with presence flags for the later rounds
. * Computed over ALL rounds, before the ronda==1 restriction below.
. bys pid: egen byte present98 = max(ronda == 3)

. bys pid: egen byte present99 = max(ronda == 5)

. gen byte anyattrit = 1 - present99

. label var present98 "Observed in 1998 round"

. label var present99 "Observed in 1999 round"

. label var anyattrit "Attrited by 1999 (not observed in ronda 5)"

. 
. * Collapse to the person level: the outcome is defined once per person,
. * so keeping all three rounds would replicate each person up to 3 times
. * and understate the standard errors.
. keep if ronda == 1
(12,406 observations deleted)

. capture isid pid

. if _rc di as error "WARNING: pid is not unique within ronda==1 -- attrition SEs may be understated; check
>  the roster build."

. 
. foreach pnl in all eob {
  2.     if "`pnl'" == "all" local acond ""
  3.     else                local acond "& only_elderly_base == 1"
  4. 
.     foreach yv in present98 present99 {
  5.         * Control mean = untreated baseline-65+ share still on the roster
.         quietly summarize `yv' if contba == 0 `acond' & !missing(`yv', contba, claveofi)
  6.         local cm_`pnl'_`yv' : di %9.3f r(mean)
  7. 
.         capture reghdfe `yv' contba if !missing(`yv', contba, claveofi) `acond', ///
>             absorb(clavemun) vce(cluster claveofi)
  8.         if !_rc & e(N) > 0 {
  9.             local aux : di %9.3f _b[contba]
 10.             local tstat = abs(_b[contba] / _se[contba])
 11.             if      `tstat' >= 2.576 local b_`pnl'_`yv' = trim("`aux'") + "***"
 12.             else if `tstat' >= 1.960 local b_`pnl'_`yv' = trim("`aux'") + "**"
 13.             else if `tstat' >= 1.645 local b_`pnl'_`yv' = trim("`aux'") + "*"
 14.             else                     local b_`pnl'_`yv' = trim("`aux'")
 15.             local se_`pnl'_`yv' : di %9.3f _se[contba]
 16.             local N_`pnl'_`yv'  : di %12.0fc e(N)
 17.         }
 18.         else {
 19.             di as error "Attrition test, panel `pnl', outcome `yv': reghdfe failed or empty sample (rc
> =`_rc')"
 20.             local b_`pnl'_`yv'  "n/a"
 21.             local se_`pnl'_`yv' "n/a"
 22.             local N_`pnl'_`yv'  "n/a"
 23.         }
 24.     }
 25. }

. 
. * {
. *     cap file close at
. *     file open at using "$tables/appendix/AT_attrition_elderly.tex", write replace
. *     file write at "\begin{tabular}{lcc} \hline \hline" _n
. *     file write at "& Observed in 1998 & Observed in 1999 \\ " _n
. *     file write at "\cmidrule(lr){2-2}\cmidrule(lr){3-3}" _n
. *     file write at "& \multicolumn{1}{c}{(1)} & \multicolumn{1}{c}{(2)} \\ \toprule" _n
. *     file write at "\underline{\textit{Panel A: All older adults (65+ at baseline)}} \\ " _n
. *     file write at "\textit{Treatment} & `b_all_present98' & `b_all_present99' \\ " _n
. *     file write at " & (`se_all_present98') & (`se_all_present99') \\ " _n
. *     file write at "  & & \\ " _n
. *     file write at "Control Mean & `cm_all_present98' & `cm_all_present99' \\ " _n
. *     file write at "Observations & `N_all_present98' & `N_all_present99' \\ " _n
. *     file write at "  & & \\ " _n
. *     file write at "\underline{\textit{Panel B: Older-adults-only households}} \\ " _n
. *     file write at "\textit{Treatment} & `b_eob_present98' & `b_eob_present99' \\ " _n
. *     file write at " & (`se_eob_present98') & (`se_eob_present99') \\ " _n
. *     file write at "  & & \\ " _n
. *     file write at "Control Mean & `cm_eob_present98' & `cm_eob_present99' \\ " _n
. *     file write at "Observations & `N_eob_present98' & `N_eob_present99' \\ \bottomrule" _n
. *     file write at "\end{tabular}"
. *     file close at
. *     if "$repo_tables" != "" copy "$tables/appendix/AT_attrition_elderly.tex" "$repo_tables/appendix/AT_
> attrition_elderly.tex", replace
. * }
. di "Table NOT exported (disabled): $tables/appendix/AT_attrition_elderly.tex"
Table NOT exported (disabled): C:\Users\FELIPEME\Dropbox\Aplicaciones\Overleaf\progresa_cct\tables/appendix
> /AT_attrition_elderly.tex

. 
. 
. restore

. 
. *============================================================
. * APPENDIX TABLE (former): BR Trimming — Municipality Size, at:br_trimming
. * Tests whether the BR unweighted result is driven by smallest
. * municipalities. Progressively drops municipalities below
. * the 10th, 25th, and 50th percentile of older-adult population.
. * Pooled only; same unweighted lag-2 spec as AT3 Panel B.
. *============================================================
. 
. * Step 1: Compute municipality-level mean older-adult population
. *         across the BR sample period (used as size proxy for trimming)
. capture drop _pop_br_tmp pop_mun_br

. bys cve_ent_mun_super: egen _pop_br_tmp = mean(popover65_) ///
>     if inrange(year, 1992, 2002) & $sample_br
(57,952 missing values generated)

. bys cve_ent_mun_super: egen pop_mun_br = mean(_pop_br_tmp)
(29,512 missing values generated)

. drop _pop_br_tmp

. 
. * Step 2: Get p10/p25/p50 cutoffs at the municipality level
. preserve

.     keep if $sample_br & inrange(year, 1992, 2002)
(57,952 observations deleted)

.     collapse (mean) pop_mean = popover65_, by(cve_ent_mun_super)

.     _pctile pop_mean, p(10 25)

.     local p10_br = r(r1)

.     local p25_br = r(r2)

. restore

. 
. di "BR size cutoffs (older adults 65+): p10=`p10_br', p25=`p25_br' (sample: window $window, BR regression
>  1992-2002)"
BR size cutoffs (older adults 65+): p10=118.4674758911133, p25=234.9792938232422 (sample: window , BR regre
> ssion 1992-2002)

. 
. * Col 2: pooled unweighted replication — self-contained so AT5 does not
. *        depend on AT3 locals (mirrors AT3 Panel B, pooled). The weighted
. *        replication column (former column 3) was removed per the
. *        coauthor's request -- it is redundant with the weighted size-
. *        tercile columns added at the right end of this table below.
. reghdfe emr65 lag2_intensity_new if inrange(year, 1992, 2002) & $sample_br, ///
>     a(year cve_ent_mun_super) vce(cluster cve_ent_mun_super)
(MWFE estimator converged in 2 iterations)

HDFE Linear regression                            Number of obs   =     15,642
Absorbing 2 HDFE groups                           F(   1,   1421) =      31.61
Statistics robust to heteroskedasticity           Prob > F        =     0.0000
                                                  R-squared       =     0.3434
                                                  Adj R-squared   =     0.2772
                                                  Within R-sq.    =     0.0031
Number of clusters (cve_ent_mun_super) =      1,422Root MSE       =    14.0943

                        (Std. err. adjusted for 1,422 clusters in cve_ent_mun_super)
------------------------------------------------------------------------------------
                   |               Robust
             emr65 | Coefficient  std. err.      t    P>|t|     [95% conf. interval]
-------------------+----------------------------------------------------------------
lag2_intensity_new |  -7.061143   1.255879    -5.62   0.000    -9.524718   -4.597567
             _cons |   46.09214   .0968043   476.14   0.000     45.90225    46.28204
------------------------------------------------------------------------------------

Absorbed degrees of freedom:
-----------------------------------------------------------+
       Absorbed FE | Categories  - Redundant  = Num. Coefs |
-------------------+---------------------------------------|
              year |        11           1          10     |
 cve_ent_mun_super |      1422        1422           0    *|
-----------------------------------------------------------+
* = FE nested within cluster; treated as redundant for DoF computation

. local aux: di %12.3f _b[lag2_intensity_new]

. local t = abs(_b[lag2_intensity_new] / _se[lag2_intensity_new])

. if      `t' >= 2.576 local bBR2_2_p = "`aux'***"

. else if `t' >= 1.96  local bBR2_2_p = "`aux'**"

. else if `t' >= 1.645 local bBR2_2_p = "`aux'*"

. else                  local bBR2_2_p = "`aux'"

. local seBR2_2_p: di %12.3f _se[lag2_intensity_new]

. sum emr65 if e(sample) & year == 1996

    Variable |        Obs        Mean    Std. dev.       Min        Max
-------------+---------------------------------------------------------
       emr65 |      1,422    48.15881     17.6156          0   173.4799

. local meanBR_2_p: di %12.2fc `r(mean)'

. local NBR_2_p:    di %12.0fc `e(N)'

. distinct cve_ent_mun_super if e(sample)

                   |        Observations
                   |      total   distinct
-------------------+----------------------
 cve_ent_mun_super |      15642       1422

. local NmunBR_2_p: di %12.0fc `r(ndistinct)'

. 
. * Step 3: Run regressions — same unweighted lag-2 BR spec, pooled only
. 
. * Column 2: Drop bottom decile (municipalities with pop_mun_br <= p10)
. reghdfe emr65 lag2_intensity_new ///
>     if inrange(year, 1992, 2002) & $sample_br & pop_mun_br > `p10_br', ///
>     a(year cve_ent_mun_super) vce(cluster cve_ent_mun_super)
(MWFE estimator converged in 2 iterations)

HDFE Linear regression                            Number of obs   =     14,069
Absorbing 2 HDFE groups                           F(   1,   1278) =      28.49
Statistics robust to heteroskedasticity           Prob > F        =     0.0000
                                                  R-squared       =     0.4112
                                                  Adj R-squared   =     0.3518
                                                  Within R-sq.    =     0.0027
Number of clusters (cve_ent_mun_super) =      1,279Root MSE       =    11.0749

                        (Std. err. adjusted for 1,279 clusters in cve_ent_mun_super)
------------------------------------------------------------------------------------
                   |               Robust
             emr65 | Coefficient  std. err.      t    P>|t|     [95% conf. interval]
-------------------+----------------------------------------------------------------
lag2_intensity_new |  -5.560653   1.041878    -5.34   0.000    -7.604633   -3.516673
             _cons |   45.50624   .0734083   619.91   0.000     45.36223    45.65026
------------------------------------------------------------------------------------

Absorbed degrees of freedom:
-----------------------------------------------------------+
       Absorbed FE | Categories  - Redundant  = Num. Coefs |
-------------------+---------------------------------------|
              year |        11           1          10     |
 cve_ent_mun_super |      1279        1279           0    *|
-----------------------------------------------------------+
* = FE nested within cluster; treated as redundant for DoF computation

. local aux: di %12.3f _b[lag2_intensity_new]

. local t = abs(_b[lag2_intensity_new] / _se[lag2_intensity_new])

. if      `t' >= 2.576 local bAT5_2 = "`aux'***"

. else if `t' >= 1.96  local bAT5_2 = "`aux'**"

. else if `t' >= 1.645 local bAT5_2 = "`aux'*"

. else                  local bAT5_2 = "`aux'"

. local seAT5_2:   di %12.3f _se[lag2_intensity_new]

. sum emr65 if e(sample) & year == 1996

    Variable |        Obs        Mean    Std. dev.       Min        Max
-------------+---------------------------------------------------------
       emr65 |      1,279    47.45907    14.58585    2.93564    148.811

. local meanAT5_2: di %12.2fc `r(mean)'

. local NAT5_2:    di %12.0fc `e(N)'

. distinct cve_ent_mun_super if e(sample)

                   |        Observations
                   |      total   distinct
-------------------+----------------------
 cve_ent_mun_super |      14069       1279

. local NmunAT5_2: di %12.0fc `r(ndistinct)'

. 
. * Column 3: Drop bottom quartile (municipalities with pop_mun_br <= p25)
. reghdfe emr65 lag2_intensity_new ///
>     if inrange(year, 1992, 2002) & $sample_br & pop_mun_br > `p25_br', ///
>     a(year cve_ent_mun_super) vce(cluster cve_ent_mun_super)
(MWFE estimator converged in 2 iterations)

HDFE Linear regression                            Number of obs   =     11,726
Absorbing 2 HDFE groups                           F(   1,   1065) =      15.29
Statistics robust to heteroskedasticity           Prob > F        =     0.0001
                                                  R-squared       =     0.4956
                                                  Adj R-squared   =     0.4446
                                                  Within R-sq.    =     0.0018
Number of clusters (cve_ent_mun_super) =      1,066Root MSE       =     8.8717

                        (Std. err. adjusted for 1,066 clusters in cve_ent_mun_super)
------------------------------------------------------------------------------------
                   |               Robust
             emr65 | Coefficient  std. err.      t    P>|t|     [95% conf. interval]
-------------------+----------------------------------------------------------------
lag2_intensity_new |  -3.856894   .9865011    -3.91   0.000    -5.792601   -1.921188
             _cons |   45.03034   .0623518   722.20   0.000     44.90799    45.15268
------------------------------------------------------------------------------------

Absorbed degrees of freedom:
-----------------------------------------------------------+
       Absorbed FE | Categories  - Redundant  = Num. Coefs |
-------------------+---------------------------------------|
              year |        11           1          10     |
 cve_ent_mun_super |      1066        1066           0    *|
-----------------------------------------------------------+
* = FE nested within cluster; treated as redundant for DoF computation

. local aux: di %12.3f _b[lag2_intensity_new]

. local t = abs(_b[lag2_intensity_new] / _se[lag2_intensity_new])

. if      `t' >= 2.576 local bAT5_3 = "`aux'***"

. else if `t' >= 1.96  local bAT5_3 = "`aux'**"

. else if `t' >= 1.645 local bAT5_3 = "`aux'*"

. else                  local bAT5_3 = "`aux'"

. local seAT5_3:   di %12.3f _se[lag2_intensity_new]

. sum emr65 if e(sample) & year == 1996

    Variable |        Obs        Mean    Std. dev.       Min        Max
-------------+---------------------------------------------------------
       emr65 |      1,066    46.78654    12.56469    2.93564   98.24517

. local meanAT5_3: di %12.2fc `r(mean)'

. local NAT5_3:    di %12.0fc `e(N)'

. distinct cve_ent_mun_super if e(sample)

                   |        Observations
                   |      total   distinct
-------------------+----------------------
 cve_ent_mun_super |      11726       1066

. local NmunAT5_3: di %12.0fc `r(ndistinct)'

. 
. * Step 3b: Size terciles within the BR sample: rather than progressively
. * trimming the smallest municipalities (columns 4-5 above), split the BR
. * sample itself into three equal-sized groups (terciles) by municipality
. * size and report the unweighted BR replication spec separately within
. * each.
. capture drop pop_mun_br_terc

. bys cve_ent_mun_super: egen pop_mun_br_terc = mean(popover65_) ///
>     if inrange(year, 1992, 2002) & $sample_br
(57,952 missing values generated)

. preserve

.     keep if $sample_br & inrange(year, 1992, 2002)
(57,952 observations deleted)

.     collapse (mean) pop_mean_terc = popover65_, by(cve_ent_mun_super)

.     _pctile pop_mean_terc, p(33.33 66.67)

.     local p33_br = r(r1)

.     local p67_br = r(r2)

. restore

. di "BR size tercile cutoffs (older adults 65+): p33=`p33_br', p67=`p67_br'"
BR size tercile cutoffs (older adults 65+): p33=333.1215209960938, p67=983.5979614257813

. 
. capture drop size_tercile_br

. gen byte size_tercile_br = 1 if pop_mun_br_terc <= `p33_br' & !missing(pop_mun_br_terc)
(68,380 missing values generated)

. replace size_tercile_br = 2 if pop_mun_br_terc > `p33_br' & pop_mun_br_terc <= `p67_br'
(5,225 real changes made)

. replace size_tercile_br = 3 if pop_mun_br_terc > `p67_br' & !missing(pop_mun_br_terc)
(5,203 real changes made)

. label define size_tercile_br_lbl 1 "Small" 2 "Medium" 3 "Large", replace

. label values size_tercile_br size_tercile_br_lbl

. 
. forval terc = 1/3 {
  2.     reghdfe emr65 lag2_intensity_new ///
>         if inrange(year, 1992, 2002) & $sample_br & size_tercile_br == `terc', ///
>         a(year cve_ent_mun_super) vce(cluster cve_ent_mun_super)
  3.     local aux: di %12.3f _b[lag2_intensity_new]
  4.     local t = abs(_b[lag2_intensity_new] / _se[lag2_intensity_new])
  5.     if      `t' >= 2.576 local bAT5_terc`terc' = "`aux'***"
  6.     else if `t' >= 1.96  local bAT5_terc`terc' = "`aux'**"
  7.     else if `t' >= 1.645 local bAT5_terc`terc' = "`aux'*"
  8.     else                  local bAT5_terc`terc' = "`aux'"
  9.     local seAT5_terc`terc':   di %12.3f _se[lag2_intensity_new]
 10.     sum emr65 if e(sample) & year == 1996
 11.     local meanAT5_terc`terc': di %12.2fc `r(mean)'
 12.     local NAT5_terc`terc':    di %12.0fc `e(N)'
 13.     distinct cve_ent_mun_super if e(sample)
 14.     local NmunAT5_terc`terc': di %12.0fc `r(ndistinct)'
 15.     quietly sum inten1999 if $sample_br & year == 1996 & size_tercile_br == `terc'
 16.     local meanI99_AT5_terc`terc': di %6.1f r(mean) * 100
 17. }
(MWFE estimator converged in 2 iterations)

HDFE Linear regression                            Number of obs   =      5,214
Absorbing 2 HDFE groups                           F(   1,    473) =       8.52
Statistics robust to heteroskedasticity           Prob > F        =     0.0037
                                                  R-squared       =     0.2582
                                                  Adj R-squared   =     0.1823
                                                  Within R-sq.    =     0.0016
Number of clusters (cve_ent_mun_super) =        474Root MSE       =    21.6773

                          (Std. err. adjusted for 474 clusters in cve_ent_mun_super)
------------------------------------------------------------------------------------
                   |               Robust
             emr65 | Coefficient  std. err.      t    P>|t|     [95% conf. interval]
-------------------+----------------------------------------------------------------
lag2_intensity_new |  -7.342661   2.516232    -2.92   0.004    -12.28704   -2.398286
             _cons |   47.67368    .283134   168.38   0.000     47.11732    48.23004
------------------------------------------------------------------------------------

Absorbed degrees of freedom:
-----------------------------------------------------------+
       Absorbed FE | Categories  - Redundant  = Num. Coefs |
-------------------+---------------------------------------|
              year |        11           1          10     |
 cve_ent_mun_super |       474         474           0    *|
-----------------------------------------------------------+
* = FE nested within cluster; treated as redundant for DoF computation

    Variable |        Obs        Mean    Std. dev.       Min        Max
-------------+---------------------------------------------------------
       emr65 |        474    50.62033    25.55496          0   173.4799

                   |        Observations
                   |      total   distinct
-------------------+----------------------
 cve_ent_mun_super |       5214        474
(MWFE estimator converged in 2 iterations)

HDFE Linear regression                            Number of obs   =      5,225
Absorbing 2 HDFE groups                           F(   1,    474) =       4.75
Statistics robust to heteroskedasticity           Prob > F        =     0.0298
                                                  R-squared       =     0.4603
                                                  Adj R-squared   =     0.4051
                                                  Within R-sq.    =     0.0011
Number of clusters (cve_ent_mun_super) =        475Root MSE       =     9.6302

                          (Std. err. adjusted for 475 clusters in cve_ent_mun_super)
------------------------------------------------------------------------------------
                   |               Robust
             emr65 | Coefficient  std. err.      t    P>|t|     [95% conf. interval]
-------------------+----------------------------------------------------------------
lag2_intensity_new |    -3.1737   1.456369    -2.18   0.030    -6.035437    -.311962
             _cons |   44.28614   .1033992   428.30   0.000     44.08296    44.48932
------------------------------------------------------------------------------------

Absorbed degrees of freedom:
-----------------------------------------------------------+
       Absorbed FE | Categories  - Redundant  = Num. Coefs |
-------------------+---------------------------------------|
              year |        11           1          10     |
 cve_ent_mun_super |       475         475           0    *|
-----------------------------------------------------------+
* = FE nested within cluster; treated as redundant for DoF computation

    Variable |        Obs        Mean    Std. dev.       Min        Max
-------------+---------------------------------------------------------
       emr65 |        475    45.92226    13.13508    2.93564   90.19637

                   |        Observations
                   |      total   distinct
-------------------+----------------------
 cve_ent_mun_super |       5225        475
(MWFE estimator converged in 2 iterations)

HDFE Linear regression                            Number of obs   =      5,203
Absorbing 2 HDFE groups                           F(   1,    472) =       1.31
Statistics robust to heteroskedasticity           Prob > F        =     0.2526
                                                  R-squared       =     0.6820
                                                  Adj R-squared   =     0.6495
                                                  Within R-sq.    =     0.0004
Number of clusters (cve_ent_mun_super) =        473Root MSE       =     5.6144

                          (Std. err. adjusted for 473 clusters in cve_ent_mun_super)
------------------------------------------------------------------------------------
                   |               Robust
             emr65 | Coefficient  std. err.      t    P>|t|     [95% conf. interval]
-------------------+----------------------------------------------------------------
lag2_intensity_new |  -1.402873   1.224647    -1.15   0.253    -3.809307    1.003561
             _cons |   45.80573   .0583821   784.58   0.000     45.69101    45.92045
------------------------------------------------------------------------------------

Absorbed degrees of freedom:
-----------------------------------------------------------+
       Absorbed FE | Categories  - Redundant  = Num. Coefs |
-------------------+---------------------------------------|
              year |        11           1          10     |
 cve_ent_mun_super |       473         473           0    *|
-----------------------------------------------------------+
* = FE nested within cluster; treated as redundant for DoF computation

    Variable |        Obs        Mean    Std. dev.       Min        Max
-------------+---------------------------------------------------------
       emr65 |        473     47.9381    9.764597   6.669314   92.66557

                   |        Observations
                   |      total   distinct
-------------------+----------------------
 cve_ent_mun_super |       5203        473

. 
. drop pop_mun_br_terc size_tercile_br

. 
. * Step 4: Mean Intensity 1999 by sample (one obs per mun at year==1996)
. quietly sum inten1999 if $sample_br & year == 1996

. local meanI99_AT5_full: di %6.1f r(mean) * 100

. quietly sum inten1999 if $sample_br & year == 1996 & pop_mun_br > `p10_br'

. local meanI99_AT5_2: di %6.1f r(mean) * 100

. quietly sum inten1999 if $sample_br & year == 1996 & pop_mun_br > `p25_br'

. local meanI99_AT5_3: di %6.1f r(mean) * 100

. 
. * file write lines below disabled: not displayed in the paper (formerly
. * wrote $tables/appendix/AT6_BR_trimming.tex)
. * {
. *     cap file close sm
. *     file open sm using "$tables/appendix/AT6_BR_trimming.tex", write replace
. *     file write sm "\begin{tabular}{lccccccc} \hline \hline" _n
. *     file write sm "& \multicolumn{1}{c}{} & \multicolumn{1}{c}{} & \multicolumn{2}{c}{\textit{Progressi
> ve Trimming}} & \multicolumn{3}{c}{\textit{Population Terciles}} \\ \cmidrule(lr){4-5} \cmidrule(lr){6-8}
> " _n
. *     file write sm "& \multicolumn{1}{c}{BR Original} & \multicolumn{1}{c}{Replication} & \multicolumn{1
> }{c}{Ex.\ bottom 10\%} & \multicolumn{1}{c}{Ex.\ bottom 25\%} & \multicolumn{1}{c}{Small} & \multicolumn{
> 1}{c}{Medium} & \multicolumn{1}{c}{Large} \\ " _n
. *     file write sm "\cmidrule(lr){2-2}\cmidrule(lr){3-3}\cmidrule(lr){4-4}\cmidrule(lr){5-5}\cmidrule(lr
> ){6-6}\cmidrule(lr){7-7}\cmidrule(lr){8-8}" _n
. *     file write sm "& \multicolumn{1}{c}{(1)} & \multicolumn{1}{c}{(2)} & \multicolumn{1}{c}{(3)} & \mul
> ticolumn{1}{c}{(4)} & \multicolumn{1}{c}{(5)} & \multicolumn{1}{c}{(6)} & \multicolumn{1}{c}{(7)} \\ \top
> rule " _n
. *     file write sm "\textit{2-yr lagged Intensity} & -6.370*** & `bBR2_2_p' & `bAT5_2' & `bAT5_3' & `bAT
> 5_terc1' & `bAT5_terc2' & `bAT5_terc3' \\ " _n
. *     file write sm " & (1.040) & (`seBR2_2_p') & (`seAT5_2') & (`seAT5_3') & (`seAT5_terc1') & (`seAT5_t
> erc2') & (`seAT5_terc3') \\ " _n
. *     file write sm "  & & & & & & & \\ " _n
. *     file write sm "Mean 1996 & 47.5 & `meanBR_2_p' & `meanAT5_2' & `meanAT5_3' & `meanAT5_terc1' & `mea
> nAT5_terc2' & `meanAT5_terc3' \\ " _n
. *     file write sm "Obs & 21,571 & `NBR_2_p' & `NAT5_2' & `NAT5_3' & `NAT5_terc1' & `NAT5_terc2' & `NAT5
> _terc3' \\ " _n
. *     file write sm "No.\ Mun & 1,961 & `NmunBR_2_p' & `NmunAT5_2' & `NmunAT5_3' & `NmunAT5_terc1' & `Nmu
> nAT5_terc2' & `NmunAT5_terc3' \\ " _n
. *     file write sm "Mean Intensity 1999 (\%) & & `meanI99_AT5_full' & `meanI99_AT5_2' & `meanI99_AT5_3' 
> & `meanI99_AT5_terc1' & `meanI99_AT5_terc2' & `meanI99_AT5_terc3' \\ " _n
. *     file write sm "\bottomrule" _n
. *     file write sm "\end{tabular}"
. *     file close sm
. *     if "$repo_tables" != "" copy "$tables/appendix/AT6_BR_trimming.tex" "$repo_tables/appendix/AT6_BR_t
> rimming.tex", replace
. * }
. di "Table NOT exported (disabled): $tables/appendix/AT6_BR_trimming.tex"
Table NOT exported (disabled): C:\Users\FELIPEME\Dropbox\Aplicaciones\Overleaf\progresa_cct\tables/appendix
> /AT6_BR_trimming.tex

. 
. drop pop_mun_br

. 
. *============================================================
. * ROBUSTNESS: MAIN RESULTS RESTRICTED TO 1991-2005 (drop 2006)
. *
. * Motivation: the paper's stated reason for ending the panel at 2006,
. * not later, is that a pension component for ages 70+ was added to
. * Progresa in 2006 (main.tex, Sec. 2), which would start changing what
. * the program *is* for older adults from that point on. That argument
. * justifies not going PAST 2006 -- it does not by itself establish that
. * 2006 is safe to INCLUDE, since the pension was added at some point
. * *during* 2006, not after it. This block re-estimates the two main
. * exhibits -- Table 2 (T2_mortality) and Figure 2
. * (Figure_2_pooled/_female/_male) -- on the sample truncated to
. * year<=2005, as the more conservative check. Same specifications as
. * 02_mortality.do (T2: ~line 602; Figure 2: ~line 507), same variables
. * (already on this file's checkpointed panel -- both exhibits are built
. * in 02_mortality.do *before* working_panel_for_binary_and_descriptives.dta
. * is saved), only `$sample_marg & year<=2005` added to each `if`.
. * If these match the through-2006 originals closely, the 2006
. * observations are not driving the main results; if they diverge
. * materially, that is itself informative about the pension-timing
. * concern.
. *============================================================
. 
. *------------------------------------------------------------
. * TABLE 2, through 2005: same 4 columns (baseline / +SES trend /
. * ages 65-69 / ages 70+) x 3 panels (pooled/female/male) as
. * T2_mortality.tex.
. * Output: $tables/appendix/AT_T2_through2005.tex
. *------------------------------------------------------------
. 
. foreach pnl in p f m {
  2.         if "`pnl'" == "p" {
  3.                 local out65   emr65
  4.                 local out6569 asr6569
  5.                 local out70   asrover70
  6.                 local wt65    popover65_
  7.                 local wt6569  pop6569_
  8.                 local wt70    popover70_
  9.         }
 10.         else if "`pnl'" == "f" {
 11.                 local out65   emr65f
 12.                 local out6569 asr6569f
 13.                 local out70   asrover70f
 14.                 local wt65    popover65_f
 15.                 local wt6569  pop6569_f
 16.                 local wt70    popover70_f
 17.         }
 18.         else {
 19.                 local out65   emr65m
 20.                 local out6569 asr6569m
 21.                 local out70   asrover70m
 22.                 local wt65    popover65_m
 23.                 local wt6569  pop6569_m
 24.                 local wt70    popover70_m
 25.         }
 26. 
.         foreach col in 1 2 3 4 {
 27.                 if `col' == 1 {
 28.                         reghdfe `out65' c.inten1999#i.post c.inten2005#i.post c.sp_intensity ///
>                                 [aw=`wt65'] if $sample_marg & year<=2005, a(year cve_ent_mun_super) vce(c
> luster cve_ent_mun_super)
 29.                 }
 30.                 else if `col' == 2 {
 31.                         reghdfe `out65' c.inten1999#i.post c.inten2005#i.post c.sp_intensity ///
>                                 c.im_mun_1990#c.year ///
>                                 [aw=`wt65'] if $sample_marg & year<=2005, a(year cve_ent_mun_super) vce(c
> luster cve_ent_mun_super)
 32.                 }
 33.                 else if `col' == 3 {
 34.                         reghdfe `out6569' c.inten1999#i.post c.inten2005#i.post c.sp_intensity ///
>                                 [aw=`wt6569'] if $sample_marg & year<=2005, a(year cve_ent_mun_super) vce
> (cluster cve_ent_mun_super)
 35.                 }
 36.                 else {
 37.                         reghdfe `out70' c.inten1999#i.post c.inten2005#i.post c.sp_intensity ///
>                                 [aw=`wt70'] if $sample_marg & year<=2005, a(year cve_ent_mun_super) vce(c
> luster cve_ent_mun_super)
 38.                 }
 39. 
.                 local aux: di %12.3f _b[1.post#c.inten1999]
 40.                 local t = abs(_b[1.post#c.inten1999] / _se[1.post#c.inten1999])
 41.                 if      `t' >= 2.576 local b99_2005_`pnl'_`col' = "`aux'***"
 42.                 else if `t' >= 1.96  local b99_2005_`pnl'_`col' = "`aux'**"
 43.                 else if `t' >= 1.645 local b99_2005_`pnl'_`col' = "`aux'*"
 44.                 else                  local b99_2005_`pnl'_`col' = "`aux'"
 45.                 local se99_2005_`pnl'_`col': di %12.3f _se[1.post#c.inten1999]
 46. 
.                 if `col' <= 2 {
 47.                         sum `out65' if e(sample) & year < 1997
 48.                 }
 49.                 else if `col' == 3 {
 50.                         sum `out6569' if e(sample) & year < 1997
 51.                 }
 52.                 else {
 53.                         sum `out70' if e(sample) & year < 1997
 54.                 }
 55.                 local mean_2005_`pnl'_`col': di %12.2fc `r(mean)'
 56.                 local N_2005_`pnl'_`col':    di %12.0fc `e(N)'
 57.                 distinct cve_ent_mun_super if e(sample)
 58.                 local Nmun_2005_`pnl'_`col': di %12.0fc `r(ndistinct)'
 59.         }
 60. }
(MWFE estimator converged in 4 iterations)
note: 2.post#c.inten1999 omitted because of collinearity
note: 2.post#c.inten2005 omitted because of collinearity

HDFE Linear regression                            Number of obs   =     16,785
Absorbing 2 HDFE groups                           F(   3,   1118) =       2.12
Statistics robust to heteroskedasticity           Prob > F        =     0.0955
                                                  R-squared       =     0.5495
                                                  Adj R-squared   =     0.5168
                                                  Within R-sq.    =     0.0010
Number of clusters (cve_ent_mun_super) =      1,119Root MSE       =     9.2491

                      (Std. err. adjusted for 1,119 clusters in cve_ent_mun_super)
----------------------------------------------------------------------------------
                 |               Robust
           emr65 | Coefficient  std. err.      t    P>|t|     [95% conf. interval]
-----------------+----------------------------------------------------------------
post#c.inten1999 |
      1997-2006  |   -.684933   1.447724    -0.47   0.636    -3.525495    2.155629
      1991-1996  |          0  (omitted)
                 |
post#c.inten2005 |
      1997-2006  |  -3.079469   1.793623    -1.72   0.086    -6.598717     .439778
      1991-1996  |          0  (omitted)
                 |
    sp_intensity |  -1.418698   1.244422    -1.14   0.255    -3.860364    1.022968
           _cons |   42.21296   .6796655    62.11   0.000     40.87939    43.54652
----------------------------------------------------------------------------------

Absorbed degrees of freedom:
-----------------------------------------------------------+
       Absorbed FE | Categories  - Redundant  = Num. Coefs |
-------------------+---------------------------------------|
              year |        15           1          14     |
 cve_ent_mun_super |      1119        1119           0    *|
-----------------------------------------------------------+
* = FE nested within cluster; treated as redundant for DoF computation

    Variable |        Obs        Mean    Std. dev.       Min        Max
-------------+---------------------------------------------------------
       emr65 |      6,714    46.47264    22.49381          0   443.9448

                   |        Observations
                   |      total   distinct
-------------------+----------------------
 cve_ent_mun_super |      16785       1119
(MWFE estimator converged in 4 iterations)
note: 2.post#c.inten1999 omitted because of collinearity
note: 2.post#c.inten2005 omitted because of collinearity

HDFE Linear regression                            Number of obs   =     16,785
Absorbing 2 HDFE groups                           F(   4,   1118) =       3.65
Statistics robust to heteroskedasticity           Prob > F        =     0.0058
                                                  R-squared       =     0.5505
                                                  Adj R-squared   =     0.5179
                                                  Within R-sq.    =     0.0032
Number of clusters (cve_ent_mun_super) =      1,119Root MSE       =     9.2391

                          (Std. err. adjusted for 1,119 clusters in cve_ent_mun_super)
--------------------------------------------------------------------------------------
                     |               Robust
               emr65 | Coefficient  std. err.      t    P>|t|     [95% conf. interval]
---------------------+----------------------------------------------------------------
    post#c.inten1999 |
          1997-2006  |   .8443978   1.472931     0.57   0.567    -2.045622    3.734418
          1991-1996  |          0  (omitted)
                     |
    post#c.inten2005 |
          1997-2006  |  -.4062104   1.758483    -0.23   0.817     -3.85651    3.044089
          1991-1996  |          0  (omitted)
                     |
        sp_intensity |  -1.849824   1.245358    -1.49   0.138    -4.293327    .5936793
                     |
c.im_mun_1990#c.year |  -.2326363   .0687285    -3.38   0.001    -.3674876   -.0977849
                     |
               _cons |   366.3315   95.96523     3.82   0.000     178.0393    554.6237
--------------------------------------------------------------------------------------

Absorbed degrees of freedom:
-----------------------------------------------------------+
       Absorbed FE | Categories  - Redundant  = Num. Coefs |
-------------------+---------------------------------------|
              year |        15           1          14     |
 cve_ent_mun_super |      1119        1119           0    *|
-----------------------------------------------------------+
* = FE nested within cluster; treated as redundant for DoF computation

    Variable |        Obs        Mean    Std. dev.       Min        Max
-------------+---------------------------------------------------------
       emr65 |      6,714    46.47264    22.49381          0   443.9448

                   |        Observations
                   |      total   distinct
-------------------+----------------------
 cve_ent_mun_super |      16785       1119
(MWFE estimator converged in 4 iterations)
note: 2.post#c.inten1999 omitted because of collinearity
note: 2.post#c.inten2005 omitted because of collinearity

HDFE Linear regression                            Number of obs   =     16,785
Absorbing 2 HDFE groups                           F(   3,   1118) =       1.76
Statistics robust to heteroskedasticity           Prob > F        =     0.1536
                                                  R-squared       =     0.2493
                                                  Adj R-squared   =     0.1949
                                                  Within R-sq.    =     0.0005
Number of clusters (cve_ent_mun_super) =      1,119Root MSE       =     9.9452

                      (Std. err. adjusted for 1,119 clusters in cve_ent_mun_super)
----------------------------------------------------------------------------------
                 |               Robust
         asr6569 | Coefficient  std. err.      t    P>|t|     [95% conf. interval]
-----------------+----------------------------------------------------------------
post#c.inten1999 |
      1997-2006  |   .1974745    1.29299     0.15   0.879    -2.339486    2.734435
      1991-1996  |          0  (omitted)
                 |
post#c.inten2005 |
      1997-2006  |  -2.933028    1.54307    -1.90   0.058    -5.960668    .0946116
      1991-1996  |          0  (omitted)
                 |
    sp_intensity |   .3679272   1.117616     0.33   0.742    -1.824934    2.560788
           _cons |    20.0458   .5486269    36.54   0.000     18.96935    21.12226
----------------------------------------------------------------------------------

Absorbed degrees of freedom:
-----------------------------------------------------------+
       Absorbed FE | Categories  - Redundant  = Num. Coefs |
-------------------+---------------------------------------|
              year |        15           1          14     |
 cve_ent_mun_super |      1119        1119           0    *|
-----------------------------------------------------------+
* = FE nested within cluster; treated as redundant for DoF computation

    Variable |        Obs        Mean    Std. dev.       Min        Max
-------------+---------------------------------------------------------
     asr6569 |      6,714    21.08956    22.50609          0   463.4084

                   |        Observations
                   |      total   distinct
-------------------+----------------------
 cve_ent_mun_super |      16785       1119
(MWFE estimator converged in 4 iterations)
note: 2.post#c.inten1999 omitted because of collinearity
note: 2.post#c.inten2005 omitted because of collinearity

HDFE Linear regression                            Number of obs   =     16,785
Absorbing 2 HDFE groups                           F(   3,   1118) =       1.62
Statistics robust to heteroskedasticity           Prob > F        =     0.1834
                                                  R-squared       =     0.5382
                                                  Adj R-squared   =     0.5047
                                                  Within R-sq.    =     0.0007
Number of clusters (cve_ent_mun_super) =      1,119Root MSE       =    12.6782

                      (Std. err. adjusted for 1,119 clusters in cve_ent_mun_super)
----------------------------------------------------------------------------------
                 |               Robust
       asrover70 | Coefficient  std. err.      t    P>|t|     [95% conf. interval]
-----------------+----------------------------------------------------------------
post#c.inten1999 |
      1997-2006  |    -.24728   2.003572    -0.12   0.902    -4.178465    3.683905
      1991-1996  |          0  (omitted)
                 |
post#c.inten2005 |
      1997-2006  |  -3.573245   2.470568    -1.45   0.148    -8.420717    1.274226
      1991-1996  |          0  (omitted)
                 |
    sp_intensity |   -2.53866   1.745553    -1.45   0.146    -5.963588    .8862678
           _cons |   53.30061   .9365802    56.91   0.000     51.46296    55.13827
----------------------------------------------------------------------------------

Absorbed degrees of freedom:
-----------------------------------------------------------+
       Absorbed FE | Categories  - Redundant  = Num. Coefs |
-------------------+---------------------------------------|
              year |        15           1          14     |
 cve_ent_mun_super |      1119        1119           0    *|
-----------------------------------------------------------+
* = FE nested within cluster; treated as redundant for DoF computation

    Variable |        Obs        Mean    Std. dev.       Min        Max
-------------+---------------------------------------------------------
   asrover70 |      6,714    60.07787    32.09972          0   735.7944

                   |        Observations
                   |      total   distinct
-------------------+----------------------
 cve_ent_mun_super |      16785       1119
(MWFE estimator converged in 4 iterations)
note: 2.post#c.inten1999 omitted because of collinearity
note: 2.post#c.inten2005 omitted because of collinearity

HDFE Linear regression                            Number of obs   =     16,785
Absorbing 2 HDFE groups                           F(   3,   1118) =       3.08
Statistics robust to heteroskedasticity           Prob > F        =     0.0265
                                                  R-squared       =     0.4439
                                                  Adj R-squared   =     0.4036
                                                  Within R-sq.    =     0.0011
Number of clusters (cve_ent_mun_super) =      1,119Root MSE       =    12.2587

                      (Std. err. adjusted for 1,119 clusters in cve_ent_mun_super)
----------------------------------------------------------------------------------
                 |               Robust
          emr65f | Coefficient  std. err.      t    P>|t|     [95% conf. interval]
-----------------+----------------------------------------------------------------
post#c.inten1999 |
      1997-2006  |   .7410274   1.813899     0.41   0.683    -2.818003    4.300057
      1991-1996  |          0  (omitted)
                 |
post#c.inten2005 |
      1997-2006  |  -5.993503   2.203361    -2.72   0.007    -10.31669   -1.670315
      1991-1996  |          0  (omitted)
                 |
    sp_intensity |  -.5998411   1.668977    -0.36   0.719    -3.874522     2.67484
           _cons |   41.36291   .8069575    51.26   0.000     39.77959    42.94623
----------------------------------------------------------------------------------

Absorbed degrees of freedom:
-----------------------------------------------------------+
       Absorbed FE | Categories  - Redundant  = Num. Coefs |
-------------------+---------------------------------------|
              year |        15           1          14     |
 cve_ent_mun_super |      1119        1119           0    *|
-----------------------------------------------------------+
* = FE nested within cluster; treated as redundant for DoF computation

    Variable |        Obs        Mean    Std. dev.       Min        Max
-------------+---------------------------------------------------------
      emr65f |      6,714    46.10958    28.61943          0   561.9429

                   |        Observations
                   |      total   distinct
-------------------+----------------------
 cve_ent_mun_super |      16785       1119
(MWFE estimator converged in 4 iterations)
note: 2.post#c.inten1999 omitted because of collinearity
note: 2.post#c.inten2005 omitted because of collinearity

HDFE Linear regression                            Number of obs   =     16,785
Absorbing 2 HDFE groups                           F(   4,   1118) =       4.81
Statistics robust to heteroskedasticity           Prob > F        =     0.0007
                                                  R-squared       =     0.4450
                                                  Adj R-squared   =     0.4047
                                                  Within R-sq.    =     0.0032
Number of clusters (cve_ent_mun_super) =      1,119Root MSE       =    12.2466

                          (Std. err. adjusted for 1,119 clusters in cve_ent_mun_super)
--------------------------------------------------------------------------------------
                     |               Robust
              emr65f | Coefficient  std. err.      t    P>|t|     [95% conf. interval]
---------------------+----------------------------------------------------------------
    post#c.inten1999 |
          1997-2006  |   2.692733   1.829706     1.47   0.141    -.8973111    6.282777
          1991-1996  |          0  (omitted)
                     |
    post#c.inten2005 |
          1997-2006  |  -2.584849   2.171848    -1.19   0.234    -6.846206    1.676508
          1991-1996  |          0  (omitted)
                     |
        sp_intensity |  -1.136999   1.669417    -0.68   0.496    -4.412543    2.138545
                     |
c.im_mun_1990#c.year |  -.2955218   .0776019    -3.81   0.000    -.4477836     -.14326
                     |
               _cons |   452.3671   108.1519     4.18   0.000     240.1636    664.5706
--------------------------------------------------------------------------------------

Absorbed degrees of freedom:
-----------------------------------------------------------+
       Absorbed FE | Categories  - Redundant  = Num. Coefs |
-------------------+---------------------------------------|
              year |        15           1          14     |
 cve_ent_mun_super |      1119        1119           0    *|
-----------------------------------------------------------+
* = FE nested within cluster; treated as redundant for DoF computation

    Variable |        Obs        Mean    Std. dev.       Min        Max
-------------+---------------------------------------------------------
      emr65f |      6,714    46.10958    28.61943          0   561.9429

                   |        Observations
                   |      total   distinct
-------------------+----------------------
 cve_ent_mun_super |      16785       1119
(MWFE estimator converged in 4 iterations)
note: 2.post#c.inten1999 omitted because of collinearity
note: 2.post#c.inten2005 omitted because of collinearity

HDFE Linear regression                            Number of obs   =     16,704
Absorbing 2 HDFE groups                           F(   3,   1118) =       0.73
Statistics robust to heteroskedasticity           Prob > F        =     0.5338
                                                  R-squared       =     0.1802
                                                  Adj R-squared   =     0.1204
                                                  Within R-sq.    =     0.0002
Number of clusters (cve_ent_mun_super) =      1,119Root MSE       =    12.9607

                      (Std. err. adjusted for 1,119 clusters in cve_ent_mun_super)
----------------------------------------------------------------------------------
                 |               Robust
        asr6569f | Coefficient  std. err.      t    P>|t|     [95% conf. interval]
-----------------+----------------------------------------------------------------
post#c.inten1999 |
      1997-2006  |  -.0140986   1.590995    -0.01   0.993     -3.13577    3.107573
      1991-1996  |          0  (omitted)
                 |
post#c.inten2005 |
      1997-2006  |  -2.071874   1.799469    -1.15   0.250     -5.60259    1.458843
      1991-1996  |          0  (omitted)
                 |
    sp_intensity |   .4302432   1.461086     0.29   0.768    -2.436537    3.297023
           _cons |   17.50549   .6420844    27.26   0.000     16.24566    18.76532
----------------------------------------------------------------------------------

Absorbed degrees of freedom:
-----------------------------------------------------------+
       Absorbed FE | Categories  - Redundant  = Num. Coefs |
-------------------+---------------------------------------|
              year |        15           1          14     |
 cve_ent_mun_super |      1119        1119           0    *|
-----------------------------------------------------------+
* = FE nested within cluster; treated as redundant for DoF computation

    Variable |        Obs        Mean    Std. dev.       Min        Max
-------------+---------------------------------------------------------
    asr6569f |      6,674    19.56058    29.05817          0   629.3917

                   |        Observations
                   |      total   distinct
-------------------+----------------------
 cve_ent_mun_super |      16704       1119
(MWFE estimator converged in 4 iterations)
note: 2.post#c.inten1999 omitted because of collinearity
note: 2.post#c.inten2005 omitted because of collinearity

HDFE Linear regression                            Number of obs   =     16,704
Absorbing 2 HDFE groups                           F(   3,   1118) =       2.68
Statistics robust to heteroskedasticity           Prob > F        =     0.0460
                                                  R-squared       =     0.4317
                                                  Adj R-squared   =     0.3902
                                                  Within R-sq.    =     0.0010
Number of clusters (cve_ent_mun_super) =      1,119Root MSE       =    17.0700

                      (Std. err. adjusted for 1,119 clusters in cve_ent_mun_super)
----------------------------------------------------------------------------------
                 |               Robust
      asrover70f | Coefficient  std. err.      t    P>|t|     [95% conf. interval]
-----------------+----------------------------------------------------------------
post#c.inten1999 |
      1997-2006  |   1.640017   2.499718     0.66   0.512    -3.264649    6.544684
      1991-1996  |          0  (omitted)
                 |
post#c.inten2005 |
      1997-2006  |  -8.126269   3.046385    -2.67   0.008    -14.10355   -2.148993
      1991-1996  |          0  (omitted)
                 |
    sp_intensity |  -1.301428   2.334926    -0.56   0.577     -5.88276    3.279903
           _cons |    53.3949    1.14095    46.80   0.000     51.15626    55.63355
----------------------------------------------------------------------------------

Absorbed degrees of freedom:
-----------------------------------------------------------+
       Absorbed FE | Categories  - Redundant  = Num. Coefs |
-------------------+---------------------------------------|
              year |        15           1          14     |
 cve_ent_mun_super |      1119        1119           0    *|
-----------------------------------------------------------+
* = FE nested within cluster; treated as redundant for DoF computation

    Variable |        Obs        Mean    Std. dev.       Min        Max
-------------+---------------------------------------------------------
  asrover70f |      6,674    61.10046    43.53594          0       1000

                   |        Observations
                   |      total   distinct
-------------------+----------------------
 cve_ent_mun_super |      16704       1119
(MWFE estimator converged in 4 iterations)
note: 2.post#c.inten1999 omitted because of collinearity
note: 2.post#c.inten2005 omitted because of collinearity

HDFE Linear regression                            Number of obs   =     16,785
Absorbing 2 HDFE groups                           F(   3,   1118) =       1.66
Statistics robust to heteroskedasticity           Prob > F        =     0.1744
                                                  R-squared       =     0.3971
                                                  Adj R-squared   =     0.3534
                                                  Within R-sq.    =     0.0004
Number of clusters (cve_ent_mun_super) =      1,119Root MSE       =    12.6162

                      (Std. err. adjusted for 1,119 clusters in cve_ent_mun_super)
----------------------------------------------------------------------------------
                 |               Robust
          emr65m | Coefficient  std. err.      t    P>|t|     [95% conf. interval]
-----------------+----------------------------------------------------------------
post#c.inten1999 |
      1997-2006  |  -2.276356   1.743355    -1.31   0.192    -5.696972    1.144259
      1991-1996  |          0  (omitted)
                 |
post#c.inten2005 |
      1997-2006  |  -.0073066   2.013334    -0.00   0.997    -3.957645    3.943032
      1991-1996  |          0  (omitted)
                 |
    sp_intensity |  -2.218779   1.441733    -1.54   0.124    -5.047587    .6100279
           _cons |   43.06928   .7522482    57.25   0.000      41.5933    44.54525
----------------------------------------------------------------------------------

Absorbed degrees of freedom:
-----------------------------------------------------------+
       Absorbed FE | Categories  - Redundant  = Num. Coefs |
-------------------+---------------------------------------|
              year |        15           1          14     |
 cve_ent_mun_super |      1119        1119           0    *|
-----------------------------------------------------------+
* = FE nested within cluster; treated as redundant for DoF computation

    Variable |        Obs        Mean    Std. dev.       Min        Max
-------------+---------------------------------------------------------
      emr65m |      6,714    47.26217    28.13033          0        360

                   |        Observations
                   |      total   distinct
-------------------+----------------------
 cve_ent_mun_super |      16785       1119
(MWFE estimator converged in 4 iterations)
note: 2.post#c.inten1999 omitted because of collinearity
note: 2.post#c.inten2005 omitted because of collinearity

HDFE Linear regression                            Number of obs   =     16,785
Absorbing 2 HDFE groups                           F(   4,   1118) =       2.22
Statistics robust to heteroskedasticity           Prob > F        =     0.0651
                                                  R-squared       =     0.3975
                                                  Adj R-squared   =     0.3537
                                                  Within R-sq.    =     0.0010
Number of clusters (cve_ent_mun_super) =      1,119Root MSE       =    12.6128

                          (Std. err. adjusted for 1,119 clusters in cve_ent_mun_super)
--------------------------------------------------------------------------------------
                     |               Robust
              emr65m | Coefficient  std. err.      t    P>|t|     [95% conf. interval]
---------------------+----------------------------------------------------------------
    post#c.inten1999 |
          1997-2006  |  -1.203665    1.77908    -0.68   0.499    -4.694376    2.287047
          1991-1996  |          0  (omitted)
                     |
    post#c.inten2005 |
          1997-2006  |   1.869186    2.07725     0.90   0.368    -2.206562    5.944934
          1991-1996  |          0  (omitted)
                     |
        sp_intensity |  -2.528386    1.44759    -1.75   0.081    -5.368685    .3119129
                     |
c.im_mun_1990#c.year |   -.163986   .0760255    -2.16   0.031    -.3131549   -.0148172
                     |
               _cons |   271.9364   106.2541     2.56   0.011     63.45654    480.4163
--------------------------------------------------------------------------------------

Absorbed degrees of freedom:
-----------------------------------------------------------+
       Absorbed FE | Categories  - Redundant  = Num. Coefs |
-------------------+---------------------------------------|
              year |        15           1          14     |
 cve_ent_mun_super |      1119        1119           0    *|
-----------------------------------------------------------+
* = FE nested within cluster; treated as redundant for DoF computation

    Variable |        Obs        Mean    Std. dev.       Min        Max
-------------+---------------------------------------------------------
      emr65m |      6,714    47.26217    28.13033          0        360

                   |        Observations
                   |      total   distinct
-------------------+----------------------
 cve_ent_mun_super |      16785       1119
(MWFE estimator converged in 4 iterations)
note: 2.post#c.inten1999 omitted because of collinearity
note: 2.post#c.inten2005 omitted because of collinearity

HDFE Linear regression                            Number of obs   =     16,701
Absorbing 2 HDFE groups                           F(   3,   1118) =       1.33
Statistics robust to heteroskedasticity           Prob > F        =     0.2627
                                                  R-squared       =     0.1887
                                                  Adj R-squared   =     0.1295
                                                  Within R-sq.    =     0.0003
Number of clusters (cve_ent_mun_super) =      1,119Root MSE       =    14.7313

                      (Std. err. adjusted for 1,119 clusters in cve_ent_mun_super)
----------------------------------------------------------------------------------
                 |               Robust
        asr6569m | Coefficient  std. err.      t    P>|t|     [95% conf. interval]
-----------------+----------------------------------------------------------------
post#c.inten1999 |
      1997-2006  |   .2666046   1.881445     0.14   0.887    -3.424957    3.958166
      1991-1996  |          0  (omitted)
                 |
post#c.inten2005 |
      1997-2006  |  -3.808463   2.218333    -1.72   0.086    -8.161027    .5441012
      1991-1996  |          0  (omitted)
                 |
    sp_intensity |   .5021131   1.639991     0.31   0.760    -2.715693    3.719919
           _cons |   22.71804   .8173903    27.79   0.000     21.11425    24.32183
----------------------------------------------------------------------------------

Absorbed degrees of freedom:
-----------------------------------------------------------+
       Absorbed FE | Categories  - Redundant  = Num. Coefs |
-------------------+---------------------------------------|
              year |        15           1          14     |
 cve_ent_mun_super |      1119        1119           0    *|
-----------------------------------------------------------+
* = FE nested within cluster; treated as redundant for DoF computation

    Variable |        Obs        Mean    Std. dev.       Min        Max
-------------+---------------------------------------------------------
    asr6569m |      6,671    23.57626    33.19016          0    736.022

                   |        Observations
                   |      total   distinct
-------------------+----------------------
 cve_ent_mun_super |      16701       1119
(MWFE estimator converged in 4 iterations)
note: 2.post#c.inten1999 omitted because of collinearity
note: 2.post#c.inten2005 omitted because of collinearity

HDFE Linear regression                            Number of obs   =     16,704
Absorbing 2 HDFE groups                           F(   3,   1118) =       1.52
Statistics robust to heteroskedasticity           Prob > F        =     0.2072
                                                  R-squared       =     0.3797
                                                  Adj R-squared   =     0.3345
                                                  Within R-sq.    =     0.0003
Number of clusters (cve_ent_mun_super) =      1,119Root MSE       =    17.2216

                      (Std. err. adjusted for 1,119 clusters in cve_ent_mun_super)
----------------------------------------------------------------------------------
                 |               Robust
      asrover70m | Coefficient  std. err.      t    P>|t|     [95% conf. interval]
-----------------+----------------------------------------------------------------
post#c.inten1999 |
      1997-2006  |  -2.253481   2.403248    -0.94   0.349    -6.968866    2.461904
      1991-1996  |          0  (omitted)
                 |
post#c.inten2005 |
      1997-2006  |   .7833246    2.78156     0.28   0.778    -4.674342    6.240991
      1991-1996  |          0  (omitted)
                 |
    sp_intensity |  -3.683209   2.018999    -1.82   0.068    -7.644664    .2782457
           _cons |   53.40431   1.012528    52.74   0.000     51.41764    55.39098
----------------------------------------------------------------------------------

Absorbed degrees of freedom:
-----------------------------------------------------------+
       Absorbed FE | Categories  - Redundant  = Num. Coefs |
-------------------+---------------------------------------|
              year |        15           1          14     |
 cve_ent_mun_super |      1119        1119           0    *|
-----------------------------------------------------------+
* = FE nested within cluster; treated as redundant for DoF computation

    Variable |        Obs        Mean    Std. dev.       Min        Max
-------------+---------------------------------------------------------
  asrover70m |      6,674    60.84518    41.97575          0    918.313

                   |        Observations
                   |      total   distinct
-------------------+----------------------
 cve_ent_mun_super |      16704       1119

. 
. quietly sum inten1999 if $sample_marg & year == 1996

. local meanI99_2005: di %6.1f r(mean) * 100

. 
. {
.         cap file close sm
.         file open sm using "$tables/appendix/AT_T2_through2005.tex", write replace
.         file write sm "\begin{tabular}{lcccc} \hline \hline" _n
.         file write sm "& \multicolumn{2}{c}{\textit{Ages 65+}} & \multicolumn{1}{c}{\textit{Ages 65--69}}
>  & \multicolumn{1}{c}{\textit{Ages 70+}} \\ \cmidrule(lr){2-3}\cmidrule(lr){4-4}\cmidrule(lr){5-5}" _n
.         file write sm "& \multicolumn{1}{c}{(1)} & \multicolumn{1}{c}{(2)} & \multicolumn{1}{c}{(3)} & \m
> ulticolumn{1}{c}{(4)} \\ \toprule" _n
. 
.         file write sm "\underline{\textit{Panel A: Pooled}}  \\ " _n
.         file write sm "\textit{Intensity 1999 x post (1997-2005)} & `b99_2005_p_1' & `b99_2005_p_2' & `b9
> 9_2005_p_3' & `b99_2005_p_4' \\ " _n
.         file write sm " & (`se99_2005_p_1') & (`se99_2005_p_2') & (`se99_2005_p_3') & (`se99_2005_p_4') \
> \ " _n
.         file write sm "  & & & & \\ " _n
.         file write sm "Mean (1991-1996) & `mean_2005_p_1' & `mean_2005_p_2' & `mean_2005_p_3' & `mean_200
> 5_p_4' \\ " _n
.         file write sm "Obs & `N_2005_p_1' & `N_2005_p_2' & `N_2005_p_3' & `N_2005_p_4' \\ " _n
.         file write sm "  & & & & \\ " _n
. 
.         file write sm "\underline{\textit{Panel B: Females}}  \\ " _n
.         file write sm "\textit{Intensity 1999 x post (1997-2005)} & `b99_2005_f_1' & `b99_2005_f_2' & `b9
> 9_2005_f_3' & `b99_2005_f_4' \\ " _n
.         file write sm " & (`se99_2005_f_1') & (`se99_2005_f_2') & (`se99_2005_f_3') & (`se99_2005_f_4') \
> \ " _n
.         file write sm "  & & & & \\ " _n
.         file write sm "Mean (1991-1996) & `mean_2005_f_1' & `mean_2005_f_2' & `mean_2005_f_3' & `mean_200
> 5_f_4' \\ " _n
.         file write sm "Obs & `N_2005_f_1' & `N_2005_f_2' & `N_2005_f_3' & `N_2005_f_4' \\ " _n
.         file write sm "  & & & & \\ " _n
. 
.         file write sm "\underline{\textit{Panel C: Males}}  \\ " _n
.         file write sm "\textit{Intensity 1999 x post (1997-2005)} & `b99_2005_m_1' & `b99_2005_m_2' & `b9
> 9_2005_m_3' & `b99_2005_m_4' \\ " _n
.         file write sm " & (`se99_2005_m_1') & (`se99_2005_m_2') & (`se99_2005_m_3') & (`se99_2005_m_4') \
> \ " _n
.         file write sm "  & & & & \\ " _n
.         file write sm "Mean (1991-1996) & `mean_2005_m_1' & `mean_2005_m_2' & `mean_2005_m_3' & `mean_200
> 5_m_4' \\ " _n
.         file write sm "Obs & `N_2005_m_1' & `N_2005_m_2' & `N_2005_m_3' & `N_2005_m_4' \\ " _n
.         file write sm "  & & & & \\ " _n
. 
.         file write sm "No.\ Mun & `Nmun_2005_p_1' & `Nmun_2005_p_2' & `Nmun_2005_p_3' & `Nmun_2005_p_4' \
> \ " _n
.         file write sm "  & & & & \\ " _n
.         file write sm "SES Trend (Cont.\ Index) & N & Y & N & N \\ " _n
.         file write sm "Mean Intensity 1999 (\%) & `meanI99_2005' & `meanI99_2005' & `meanI99_2005' & `mea
> nI99_2005' \\ " _n
.         file write sm "\bottomrule" _n
.         file write sm "\end{tabular}"
.         file close sm
.         if "$repo_tables" != "" copy "$tables/appendix/AT_T2_through2005.tex" "$repo_tables/appendix/AT_T
> 2_through2005.tex", replace
. }

. di "Table exported to: $tables/appendix/AT_T2_through2005.tex"
Table exported to: C:\Users\FELIPEME\Dropbox\Aplicaciones\Overleaf\progresa_cct\tables/appendix/AT_T2_throu
> gh2005.tex

. 
. *------------------------------------------------------------
. * FIGURE 2, through 2005: same manual event study (pooled / female /
. * male), same colors/symbols, as Figure_2_pooled/_female/_male.pdf.
. * year_1995 still runs 1=1991...16=2006, but with year==2006 excluded
. * from the estimation sample below, position 16 is never estimated
. * (a factor level with zero observations in-sample), so the loop below
. * only goes to position 15 (=2005) -- there is no b_16/se_16 to pull.
. * Output: $figures/appendix/Figure_2_{pooled,female,male}_through2005.pdf
. *------------------------------------------------------------
. {
. local yr_labels_05 `"1 "1991" 2 "1992" 3 "1993" 4 "1994" 5 "1995" 6 "1996" 7 "1997" 8 "1998" 9 "1999" 10 
> "2000" 11 "2001" 12 "2002" 13 "2003" 14 "2004" 15 "2005""'
. foreach grp in w f m {
  2.         if "`grp'" == "w" {
  3.                 local outcome emr65
  4.                 local wvar   popover65_
  5.                 local gcolor black
  6.                 local gsym   circle
  7.                 local gname  pooled
  8.         }
  9.         else if "`grp'" == "f" {
 10.                 local outcome emr65f
 11.                 local wvar   popover65_f
 12.                 local gcolor red
 13.                 local gsym   square
 14.                 local gname  female
 15.         }
 16.         else {
 17.                 local outcome emr65m
 18.                 local wvar   popover65_m
 19.                 local gcolor blue
 20.                 local gsym   triangle
 21.                 local gname  male
 22.         }
 23. 
.         reghdfe `outcome' c.inten1999##ib6.year_1995 c.inten2005##ib6.year_1995 ///
>                 c.sp_intensity [aw=`wvar'] if $sample_marg & year<=2005, a(cve_ent_mun_super) ///
>                 vce(cluster cve_ent_mun_super)
 24. 
.         forval pos = 1/15 {
 25.                 if `pos' == 6 {
 26.                         local b_`pos'  = 0
 27.                         local se_`pos' = 0
 28.                 }
 29.                 else {
 30.                         local b_`pos'  = _b[`pos'.year_1995#c.inten1999]
 31.                         local se_`pos' = _se[`pos'.year_1995#c.inten1999]
 32.                 }
 33.         }
 34. 
.         preserve
 35.         clear
 36.         set obs 15
 37.         gen yr_pos = _n
 38.         gen b  = .
 39.         gen hi = .
 40.         gen lo = .
 41.         forval pos = 1/15 {
 42.                 replace b  = `b_`pos''                          if yr_pos == `pos'
 43.                 replace hi = `b_`pos'' + 1.96 * `se_`pos'' if yr_pos == `pos'
 44.                 replace lo = `b_`pos'' - 1.96 * `se_`pos'' if yr_pos == `pos'
 45.         }
 46.         twoway ///
>                 (rcap hi lo yr_pos, ///
>                         lcolor(`gcolor'%60) lwidth(vthin)) ///
>                 (scatter b yr_pos, ///
>                         mcolor(`gcolor') msymbol(`gsym') msize(vsmall)), ///
>                 yline(0, lcolor(gs8) lpattern(solid) lwidth(vthin)) ///
>                 xline(6.5, lcolor(yellow) lpattern(dash) lwidth(vthin)) ///
>                 xlabel(`yr_labels_05', labsize(small) angle(45) labcolor(black)) ///
>                 xscale(range(0.5 15.5)) ///
>                 xtitle("") ///
>                 ytitle("Mortality Rate 65+ (per 1,000)", size(medsmall)) ///
>                 ylabel(-20(5)15, grid gmin gmax labsize(small)) ///
>                 legend(off) ///
>                 graphregion(color(white)) ///
>                 plotregion(margin(l=1 r=1))
 47.         graph export "$figures/appendix/Figure_2_`gname'_through2005.pdf", as(pdf) replace
 48.         if "$repo_figures" != "" graph export "$repo_figures/appendix/Figure_2_`gname'_through2005.pdf
> ", as(pdf) replace
 49.         restore
 50. }
(MWFE estimator converged in 1 iterations)
note: inten1999 is probably collinear with the fixed effects (all partialled-out values are close to zero; 
> tol = 1.0e-09)
note: inten2005 is probably collinear with the fixed effects (all partialled-out values are close to zero; 
> tol = 1.0e-09)

HDFE Linear regression                            Number of obs   =     16,785
Absorbing 1 HDFE group                            F(  43,   1118) =      13.06
Statistics robust to heteroskedasticity           Prob > F        =     0.0000
                                                  R-squared       =     0.5510
                                                  Adj R-squared   =     0.5177
                                                  Within R-sq.    =     0.0531
Number of clusters (cve_ent_mun_super) =      1,119Root MSE       =     9.2410

                           (Std. err. adjusted for 1,119 clusters in cve_ent_mun_super)
---------------------------------------------------------------------------------------
                      |               Robust
                emr65 | Coefficient  std. err.      t    P>|t|     [95% conf. interval]
----------------------+----------------------------------------------------------------
            inten1999 |          0  (omitted)
                      |
            year_1995 |
                1991  |  -.8774674   2.274013    -0.39   0.700    -5.339282    3.584347
                1992  |   1.432366   2.035549     0.70   0.482     -2.56156    5.426291
                1993  |  -3.095669   1.825098    -1.70   0.090    -6.676672    .4853341
                1994  |  -4.501173   1.847523    -2.44   0.015    -8.126176   -.8761691
                1995  |   .6064217   1.851585     0.33   0.743    -3.026551    4.239394
                1997  |  -1.900069   1.709532    -1.11   0.267     -5.25432    1.454183
                1998  |  -2.962947   1.701904    -1.74   0.082    -6.302232    .3763384
                1999  |   .1858672   1.830063     0.10   0.919    -3.404878    3.776612
                2000  |  -2.363134   1.866363    -1.27   0.206    -6.025102    1.298834
                2001  |   -1.64257    1.95999    -0.84   0.402    -5.488244    2.203103
                2002  |   -2.84176      1.815    -1.57   0.118    -6.402951    .7194303
                2003  |  -1.663631   1.871125    -0.89   0.374    -5.334942    2.007681
                2004  |  -.0729728   1.898997    -0.04   0.969    -3.798973    3.653027
                2005  |  -1.881673    2.03928    -0.92   0.356    -5.882919    2.119574
                      |
year_1995#c.inten1999 |
                1991  |   4.330333   3.169253     1.37   0.172    -1.888021    10.54869
                1992  |   1.426743   3.075108     0.46   0.643     -4.60689    7.460377
                1993  |  -4.442161   3.158611    -1.41   0.160    -10.63964    1.755313
                1994  |  -2.277102   2.792978    -0.82   0.415    -7.757171    3.202966
                1995  |  -1.348766   2.814209    -0.48   0.632    -6.870492    4.172959
                1997  |   2.117267   2.833174     0.75   0.455     -3.44167    7.676203
                1998  |   .9413216    2.84214     0.33   0.741    -4.635208    6.517851
                1999  |  -3.758594   2.748008    -1.37   0.172    -9.150427    1.633239
                2000  |  -.5094526   2.770002    -0.18   0.854    -5.944441    4.925536
                2001  |   .1873699   2.939137     0.06   0.949    -5.579476    5.954216
                2002  |  -3.957986   2.832095    -1.40   0.163    -9.514806    1.598833
                2003  |  -2.580107   2.819528    -0.92   0.360     -8.11227    2.952056
                2004  |  -.6544905   2.871993    -0.23   0.820    -6.289595    4.980614
                2005  |  -1.263608   2.913195    -0.43   0.665    -6.979553    4.452337
                      |
            inten2005 |          0  (omitted)
                      |
year_1995#c.inten2005 |
                1991  |   -3.99557   3.846216    -1.04   0.299    -11.54218    3.551044
                1992  |  -5.498667   3.570534    -1.54   0.124    -12.50437    1.507035
                1993  |   5.338299   3.425221     1.56   0.119    -1.382286    12.05888
                1994  |   4.124956   3.310123     1.25   0.213    -2.369797    10.61971
                1995  |  -1.640624   3.389816    -0.48   0.628    -8.291742    5.010495
                1997  |  -.9731777    3.18715    -0.31   0.760    -7.226647    5.280292
                1998  |   .8667155   3.229495     0.27   0.788    -5.469839     7.20327
                1999  |  -2.255713   3.272904    -0.69   0.491     -8.67744    4.166013
                2000  |  -6.226936   3.299225    -1.89   0.059    -12.70031    .2464343
                2001  |  -7.569803   3.527723    -2.15   0.032    -14.49151   -.6480989
                2002  |  -1.304864    3.27771    -0.40   0.691     -7.73602    5.126292
                2003  |  -2.626399   3.470886    -0.76   0.449    -9.436585    4.183786
                2004  |  -6.801539   3.405476    -2.00   0.046    -13.48338   -.1196954
                2005  |  -1.929111   3.604174    -0.54   0.593    -9.000819    5.142597
                      |
         sp_intensity |  -1.385857   1.249716    -1.11   0.268    -3.837909    1.066195
                _cons |   44.01164   .2888632   152.36   0.000     43.44486    44.57841
---------------------------------------------------------------------------------------

Absorbed degrees of freedom:
-----------------------------------------------------------+
       Absorbed FE | Categories  - Redundant  = Num. Coefs |
-------------------+---------------------------------------|
 cve_ent_mun_super |      1119        1119           0    *|
-----------------------------------------------------------+
* = FE nested within cluster; treated as redundant for DoF computation
Number of observations (_N) was 0, now 15.
(15 missing values generated)
(15 missing values generated)
(15 missing values generated)
(1 real change made)
(1 real change made)
(1 real change made)
(1 real change made)
(1 real change made)
(1 real change made)
(1 real change made)
(1 real change made)
(1 real change made)
(1 real change made)
(1 real change made)
(1 real change made)
(1 real change made)
(1 real change made)
(1 real change made)
(1 real change made)
(1 real change made)
(1 real change made)
(1 real change made)
(1 real change made)
(1 real change made)
(1 real change made)
(1 real change made)
(1 real change made)
(1 real change made)
(1 real change made)
(1 real change made)
(1 real change made)
(1 real change made)
(1 real change made)
(1 real change made)
(1 real change made)
(1 real change made)
(1 real change made)
(1 real change made)
(1 real change made)
(1 real change made)
(1 real change made)
(1 real change made)
(1 real change made)
(1 real change made)
(1 real change made)
(1 real change made)
(1 real change made)
(1 real change made)
file
    C:\Users\FELIPEME\Dropbox\Aplicaciones\Overleaf\progresa_cct\figures/appendix/Figure_2_pooled_through
    > 2005.pdf saved as PDF format
file
    C:\Users\FELIPEME\Documents\projects\progresa_mortality\figures/appendix/Figure_2_pooled_through2005.
    > pdf saved as PDF format
(MWFE estimator converged in 1 iterations)
note: inten1999 is probably collinear with the fixed effects (all partialled-out values are close to zero; 
> tol = 1.0e-09)
note: inten2005 is probably collinear with the fixed effects (all partialled-out values are close to zero; 
> tol = 1.0e-09)

HDFE Linear regression                            Number of obs   =     16,785
Absorbing 1 HDFE group                            F(  43,   1118) =      11.18
Statistics robust to heteroskedasticity           Prob > F        =     0.0000
                                                  R-squared       =     0.4453
                                                  Adj R-squared   =     0.4041
                                                  Within R-sq.    =     0.0425
Number of clusters (cve_ent_mun_super) =      1,119Root MSE       =    12.2534

                           (Std. err. adjusted for 1,119 clusters in cve_ent_mun_super)
---------------------------------------------------------------------------------------
                      |               Robust
               emr65f | Coefficient  std. err.      t    P>|t|     [95% conf. interval]
----------------------+----------------------------------------------------------------
            inten1999 |          0  (omitted)
                      |
            year_1995 |
                1991  |  -1.173551   2.977395    -0.39   0.694    -7.015462     4.66836
                1992  |   1.556901   2.635484     0.59   0.555    -3.614151    6.727952
                1993  |  -3.315529   2.386309    -1.39   0.165    -7.997676    1.366619
                1994  |  -2.513545   2.441566    -1.03   0.303    -7.304113    2.277023
                1995  |   1.004345    2.29325     0.44   0.662    -3.495213    5.503903
                1997  |  -.6353298   2.286147    -0.28   0.781    -5.120953    3.850293
                1998  |  -2.537875   2.275994    -1.12   0.265    -7.003576    1.927825
                1999  |  -.6453933   2.353139    -0.27   0.784     -5.26246    3.971674
                2000  |  -1.225159   2.330396    -0.53   0.599    -5.797602    3.347283
                2001  |  -1.349475   2.436998    -0.55   0.580     -6.13108     3.43213
                2002  |  -2.645378   2.366651    -1.12   0.264    -7.288956      1.9982
                2003  |  -.6013463   2.335694    -0.26   0.797    -5.184184    3.981492
                2004  |   2.236495   2.369934     0.94   0.346    -2.413524    6.886515
                2005  |  -.8601612   2.524279    -0.34   0.733    -5.813018    4.092696
                      |
year_1995#c.inten1999 |
                1991  |   6.731234   4.111589     1.64   0.102    -1.336066    14.79853
                1992  |   8.657802   4.243045     2.04   0.042     .3325747    16.98303
                1993  |    2.57711   4.091072     0.63   0.529    -5.449933    10.60415
                1994  |     3.0388   3.981891     0.76   0.446     -4.77402    10.85162
                1995  |   2.488018   3.849088     0.65   0.518    -5.064233    10.04027
                1997  |   5.845523    3.85254     1.52   0.129      -1.7135    13.40455
                1998  |   8.537879   3.766451     2.27   0.024      1.14777    15.92799
                1999  |   2.336726   3.846803     0.61   0.544     -5.21104    9.884492
                2000  |   4.960032   3.778218     1.31   0.190    -2.453165    12.37323
                2001  |   4.006099   3.685439     1.09   0.277    -3.225056    11.23725
                2002  |   3.463656   3.677026     0.94   0.346    -3.750992    10.67831
                2003  |   1.833792   3.811096     0.48   0.630    -5.643915    9.311498
                2004  |   4.349323   3.786048     1.15   0.251    -3.079237    11.77788
                2005  |   6.093994   3.662256     1.66   0.096    -1.091676    13.27966
                      |
            inten2005 |          0  (omitted)
                      |
year_1995#c.inten2005 |
                1991  |  -5.496874   4.979089    -1.10   0.270    -15.26629    4.272538
                1992  |  -10.96439   4.785872    -2.29   0.022     -20.3547   -1.574091
                1993  |   1.549622   4.455063     0.35   0.728    -7.191605    10.29085
                1994  |  -1.819928   4.574351    -0.40   0.691    -10.79521    7.155352
                1995  |  -5.132717   4.270291    -1.20   0.230    -13.51141    3.245971
                1997  |  -5.842589   4.388454    -1.33   0.183    -14.45312    2.767945
                1998  |  -5.747919   4.199155    -1.37   0.171    -13.98703    2.491194
                1999  |  -5.995143   4.407622    -1.36   0.174    -14.64329    2.653001
                2000  |   -13.0562   4.301118    -3.04   0.002    -21.49537   -4.617027
                2001  |   -11.7764    4.44279    -2.65   0.008    -20.49355   -3.059254
                2002  |  -8.029563   4.309051    -1.86   0.063     -16.4843    .4251752
                2003  |  -8.681888   4.341937    -2.00   0.046    -17.20115   -.1626244
                2004  |   -15.1357   4.408862    -3.43   0.001    -23.78627    -6.48512
                2005  |  -9.980187   4.419827    -2.26   0.024    -18.65228   -1.308098
                      |
         sp_intensity |  -.6046733   1.659914    -0.36   0.716    -3.861571    2.652225
                _cons |   42.86359   .3671937   116.73   0.000     42.14312    43.58406
---------------------------------------------------------------------------------------

Absorbed degrees of freedom:
-----------------------------------------------------------+
       Absorbed FE | Categories  - Redundant  = Num. Coefs |
-------------------+---------------------------------------|
 cve_ent_mun_super |      1119        1119           0    *|
-----------------------------------------------------------+
* = FE nested within cluster; treated as redundant for DoF computation
Number of observations (_N) was 0, now 15.
(15 missing values generated)
(15 missing values generated)
(15 missing values generated)
(1 real change made)
(1 real change made)
(1 real change made)
(1 real change made)
(1 real change made)
(1 real change made)
(1 real change made)
(1 real change made)
(1 real change made)
(1 real change made)
(1 real change made)
(1 real change made)
(1 real change made)
(1 real change made)
(1 real change made)
(1 real change made)
(1 real change made)
(1 real change made)
(1 real change made)
(1 real change made)
(1 real change made)
(1 real change made)
(1 real change made)
(1 real change made)
(1 real change made)
(1 real change made)
(1 real change made)
(1 real change made)
(1 real change made)
(1 real change made)
(1 real change made)
(1 real change made)
(1 real change made)
(1 real change made)
(1 real change made)
(1 real change made)
(1 real change made)
(1 real change made)
(1 real change made)
(1 real change made)
(1 real change made)
(1 real change made)
(1 real change made)
(1 real change made)
(1 real change made)
file
    C:\Users\FELIPEME\Dropbox\Aplicaciones\Overleaf\progresa_cct\figures/appendix/Figure_2_female_through
    > 2005.pdf saved as PDF format
file
    C:\Users\FELIPEME\Documents\projects\progresa_mortality\figures/appendix/Figure_2_female_through2005.
    > pdf saved as PDF format
(MWFE estimator converged in 1 iterations)
note: inten1999 is probably collinear with the fixed effects (all partialled-out values are close to zero; 
> tol = 1.0e-09)
note: inten2005 is probably collinear with the fixed effects (all partialled-out values are close to zero; 
> tol = 1.0e-09)

HDFE Linear regression                            Number of obs   =     16,785
Absorbing 1 HDFE group                            F(  43,   1118) =       7.27
Statistics robust to heteroskedasticity           Prob > F        =     0.0000
                                                  R-squared       =     0.3988
                                                  Adj R-squared   =     0.3541
                                                  Within R-sq.    =     0.0218
Number of clusters (cve_ent_mun_super) =      1,119Root MSE       =    12.6091

                           (Std. err. adjusted for 1,119 clusters in cve_ent_mun_super)
---------------------------------------------------------------------------------------
                      |               Robust
               emr65m | Coefficient  std. err.      t    P>|t|     [95% conf. interval]
----------------------+----------------------------------------------------------------
            inten1999 |          0  (omitted)
                      |
            year_1995 |
                1991  |  -.6524623   2.799524    -0.23   0.816    -6.145375     4.84045
                1992  |   1.253073   2.667771     0.47   0.639    -3.981329    6.487474
                1993  |  -3.026869   2.409361    -1.26   0.209    -7.754248     1.70051
                1994  |  -6.574249   2.402977    -2.74   0.006     -11.2891   -1.859398
                1995  |   .2287217   2.588411     0.09   0.930    -4.849968    5.307411
                1997  |  -3.181769   2.365648    -1.34   0.179    -7.823379    1.459841
                1998  |  -3.418319   2.370164    -1.44   0.150    -8.068789    1.232152
                1999  |   1.055431   2.435028     0.43   0.665    -3.722308     5.83317
                2000  |  -3.525843   2.415852    -1.46   0.145    -8.265958    1.214271
                2001  |  -1.920017   2.496411    -0.77   0.442    -6.818195    2.978161
                2002  |  -3.024551   2.297292    -1.32   0.188     -7.53204    1.482938
                2003  |  -2.659695   2.457158    -1.08   0.279    -7.480855    2.161465
                2004  |  -2.439897   2.426292    -1.01   0.315    -7.200496    2.320702
                2005  |  -2.899211   2.506288    -1.16   0.248    -7.816768    2.018346
                      |
year_1995#c.inten1999 |
                1991  |   1.957956   4.253054     0.46   0.645     -6.38691    10.30282
                1992  |  -5.914103   4.097085    -1.44   0.149    -13.95295    2.124738
                1993  |   -11.3649   4.315919    -2.63   0.009    -19.83311   -2.896683
                1994  |  -7.670978   4.020213    -1.91   0.057    -15.55899    .2170339
                1995  |  -5.259385   3.784105    -1.39   0.165    -12.68413    2.165362
                1997  |  -1.683168   3.961567    -0.42   0.671    -9.456111    6.089776
                1998  |  -6.867517   4.095462    -1.68   0.094    -14.90317     1.16814
                1999  |  -10.03579   3.852919    -2.60   0.009    -17.59556   -2.476023
                2000  |  -6.197377   3.892661    -1.59   0.112    -13.83512    1.440367
                2001  |  -3.599459    3.96064    -0.91   0.364    -11.37058    4.171666
                2002  |  -11.69893   3.813364    -3.07   0.002    -19.18108   -4.216773
                2003  |  -7.177046   3.894953    -1.84   0.066    -14.81929    .4651958
                2004  |  -5.860314   3.748653    -1.56   0.118     -13.2155    1.494873
                2005  |  -8.961206   3.857919    -2.32   0.020    -16.53078   -1.391629
                      |
            inten2005 |          0  (omitted)
                      |
year_1995#c.inten2005 |
                1991  |  -2.565302   4.912356    -0.52   0.602    -12.20378    7.073173
                1992  |   .0699776   4.819521     0.01   0.988    -9.386347    9.526302
                1993  |   9.217693   4.575396     2.01   0.044     .2403641    18.19502
                1994  |   10.20382   4.436318     2.30   0.022     1.499371    18.90827
                1995  |   1.816158   4.580137     0.40   0.692    -7.170475    10.80279
                1997  |   3.983489   4.240886     0.94   0.348    -4.337503    12.30448
                1998  |   7.707156   4.519183     1.71   0.088    -1.159879    16.57419
                1999  |   1.602993   4.289484     0.37   0.709    -6.813353    10.01934
                2000  |   .8608012   4.301921     0.20   0.841    -7.579947    9.301549
                2001  |  -3.363459   4.480425    -0.75   0.453    -12.15445    5.427529
                2002  |   5.721685   4.268687     1.34   0.180    -2.653856    14.09723
                2003  |   3.558621   4.584134     0.78   0.438    -5.435854     12.5531
                2004  |   1.864129   4.375314     0.43   0.670    -6.720623    10.44888
                2005  |   6.473859   4.507251     1.44   0.151    -2.369763    15.31748
                      |
         sp_intensity |  -2.148512   1.453803    -1.48   0.140    -5.001003    .7039781
                _cons |   45.16514   .3866784   116.80   0.000     44.40644    45.92384
---------------------------------------------------------------------------------------

Absorbed degrees of freedom:
-----------------------------------------------------------+
       Absorbed FE | Categories  - Redundant  = Num. Coefs |
-------------------+---------------------------------------|
 cve_ent_mun_super |      1119        1119           0    *|
-----------------------------------------------------------+
* = FE nested within cluster; treated as redundant for DoF computation
Number of observations (_N) was 0, now 15.
(15 missing values generated)
(15 missing values generated)
(15 missing values generated)
(1 real change made)
(1 real change made)
(1 real change made)
(1 real change made)
(1 real change made)
(1 real change made)
(1 real change made)
(1 real change made)
(1 real change made)
(1 real change made)
(1 real change made)
(1 real change made)
(1 real change made)
(1 real change made)
(1 real change made)
(1 real change made)
(1 real change made)
(1 real change made)
(1 real change made)
(1 real change made)
(1 real change made)
(1 real change made)
(1 real change made)
(1 real change made)
(1 real change made)
(1 real change made)
(1 real change made)
(1 real change made)
(1 real change made)
(1 real change made)
(1 real change made)
(1 real change made)
(1 real change made)
(1 real change made)
(1 real change made)
(1 real change made)
(1 real change made)
(1 real change made)
(1 real change made)
(1 real change made)
(1 real change made)
(1 real change made)
(1 real change made)
(1 real change made)
(1 real change made)
file
    C:\Users\FELIPEME\Dropbox\Aplicaciones\Overleaf\progresa_cct\figures/appendix/Figure_2_male_through20
    > 05.pdf saved as PDF format
file
    C:\Users\FELIPEME\Documents\projects\progresa_mortality\figures/appendix/Figure_2_male_through2005.pd
    > f saved as PDF format
. }

. di "Figures exported to: $figures/appendix/Figure_2_pooled_through2005.pdf, _female_, _male_"
Figures exported to: C:\Users\FELIPEME\Dropbox\Aplicaciones\Overleaf\progresa_cct\figures/appendix/Figure_2
> _pooled_through2005.pdf, _female_, _male_

. 
. 
. *============================================================
. * DOSE-RESPONSE "CLOUD" FIGURES AND THE BARHAM-ROWBERRY (BR)
. * DECOMPOSITION
. * Suggested by Andrew Goodman-Bacon (Oct 2026), following Callaway,
. * Goodman-Bacon & Sant'Anna (2025), "Difference-in-Differences with a
. * Continuous Treatment" -- the plots on slides 40, 46, 52 and 54-59 of
. * literature/cdid_ajgb_idb_2026.pptx. Design discussion and the exact
. * specification: research_project.md, Session Update (2026-10-06).
. *
. * Unlike most of this file, the exports below are ACTIVE so the
. * exhibits can be reviewed; they are wired into the end of
. * figures_app.tex and tables_app.tex. Each figure panel is exported as
. * its own file and assembled with \subfigure in LaTeX.
. *
. *   (1) af:cloud_mortality -- change in mortality vs. Intensity_1999,
. *       HM sample: after 1997 (1997-2006 vs. 1991-1996) and a
. *       pre-period placebo (1994-96 vs. 1991-93), each plain and net of
. *       Intensity_2005 and Seguro Popular:
. *       AF_cloud_post_plain, AF_cloud_post_cond, AF_cloud_pre_plain,
. *       AF_cloud_pre_cond (.pdf)
. *   (2) af:twfe_weights -- the implicit regression weights against the
. *       distribution of Intensity_1999 (CGBS Table 1, slide 47):
. *       AF_twfe_weights_plain, AF_twfe_weights_cond (.pdf)
. *   (3) at:br_leftover -- BR's coefficient before and after removing
. *       the variation our design uses: AT_br_leftover.tex
. *   (4) af:br_leftover -- (3), Panel A, as paired binned scatters:
. *       AF_br_leftover_fe_uw, AF_br_leftover_i99_uw,
. *       AF_br_leftover_fe_w, AF_br_leftover_i99_w (.pdf)
. *       also af:br_trim (AF_br_trim_uw, _w) and af:br_size
. *       (AF_br_size_uw, _w): the same slopes after trimming the tails
. *       of the residualized treatment / within size terciles
. *   (6) af:br_timing -- event study of the timing / growth pieces of the
. *       leftover: AF_br_timing_uw, AF_br_timing_w (.pdf)
. *   (7) at:br_leftover_size -- rows 1, 2, 4-6 of (3), Panel A, by size
. *       tercile: AT_br_leftover_size.tex
. *   (5) af:cloud_br -- BR's own cloud: change in mortality from 1992-99
. *       to 2000-02 against the mean lagged dose:
. *       AF_cloud_br_uw, AF_cloud_br_w (.pdf)
. *
. * The working panel is saved here and reloaded at the end, so the
. * cause-of-death section below runs on exactly the same data as before.
. *
. * This block needs the municipality-year panel that 02_mortality.do
. * checkpoints. If the data in memory is not that panel -- for example
. * 03_experimental.do just ran in this session, or only this block is
. * being run -- the checkpoint is loaded first; otherwise the data in
. * memory is kept as is. If a variable is missing even in the checkpoint,
. * `confirm' stops and names it: rerun 02_mortality.do.
. *============================================================
. capture confirm variable cve_ent_mun_super year gm_mun_1990 emr65 popover65_ ///
>         sp_intensity inten1999 inten2005 lag2_intensity_new inten_start_year inten1998 inten2000

. if _rc {
.         use "$data/Temp_data/working_panel_for_binary_and_descriptives.dta", clear
.         confirm variable cve_ent_mun_super year gm_mun_1990 emr65 popover65_ ///
>                 sp_intensity inten1999 inten2005 lag2_intensity_new inten_start_year inten1998 inten2000
. }

. tempfile cdid_panel

. save `cdid_panel'
file C:\Users\FELIPEME\AppData\Local\Temp\ST_1dfc_000010.tmp saved as .dta format

. 
. *------------------------------------------------------------
. * Helper: one "cloud" panel. Binned scatter of a municipality-level
. * outcome change against a dose: 20 equal-width bins of the dose,
. * circle area = bin population (bin count when unweighted); a
. * restricted cubic spline fit (4 knots) with its 95% CI; the weighted
. * (solid) and, optionally, unweighted (dashed) linear fits, with their
. * slopes in the legend; a dashed reference line at the mean outcome of
. * the lowest-dose decile; and the distribution of the dose as grey bars
. * along the bottom.
. *   args: y x w weighted(1/0) file xtitle ytitle bothlines(1/0)
. *------------------------------------------------------------
. capture program drop cloud_plot

. program define cloud_plot
  1.         args yv xv wv wtd fname xt yt both
  2.         preserve
  3.         quietly keep if !missing(`yv', `xv', `wv')
  4.         local aw ""
  5.         if `wtd' == 1 local aw "[aw=`wv']"
  6. 
.         * bins and binned means
.         quietly summarize `xv'
  7.         local xmin = r(min)
  8.         local binw = (r(max) - r(min)) / 20
  9.         quietly gen int __bin = min(floor((`xv' - `xmin') / `binw'), 19)
 10.         quietly gen double __ww = cond(`wtd' == 1, `wv', 1)
 11.         quietly gen double __wy = `yv' * __ww
 12.         quietly gen double __wx = `xv' * __ww
 13.         bysort __bin: egen double __sw  = total(__ww)
 14.         bysort __bin: egen double __swy = total(__wy)
 15.         bysort __bin: egen double __swx = total(__wx)
 16.         bysort __bin: gen byte __first = (_n == 1)
 17.         quietly gen double __doty = __swy / __sw
 18.         quietly gen double __dotx = __swx / __sw
 19. 
.         * grey bars use at most about a quarter of the panel height
.         quietly count
 20.         local nobs = r(N)
 21.         bysort __bin: gen double __frac = _N / `nobs'
 22.         quietly summarize __frac
 23.         local hmax = 4 * r(max)
 24. 
.         * reference line: mean outcome in the lowest-dose decile (there is
.         * no untreated group to compare against)
.         quietly xtile __dec = `xv' `aw', nquantiles(10)
 25.         quietly summarize `yv' `aw' if __dec == 1
 26.         local ref = r(mean)
 27. 
.         * linear fits (robust SEs; one observation per municipality)
.         quietly regress `yv' `xv' [aw=`wv'], vce(robust)
 28.         local b_w  = trim(string(_b[`xv'], "%9.2f"))
 29.         local se_w = trim(string(_se[`xv'], "%9.2f"))
 30.         quietly predict double __fitw, xb
 31.         quietly regress `yv' `xv', vce(robust)
 32.         local b_uw  = trim(string(_b[`xv'], "%9.2f"))
 33.         local se_uw = trim(string(_se[`xv'], "%9.2f"))
 34.         quietly predict double __fituw, xb
 35. 
.         * smooth fit: restricted cubic spline, 4 knots, 95% CI
.         quietly mkspline __rcs = `xv', cubic nknots(4)
 36.         quietly regress `yv' __rcs* `aw', vce(robust)
 37.         quietly predict double __curve, xb
 38.         quietly predict double __cse, stdp
 39.         quietly gen double __lo = __curve - 1.96 * __cse
 40.         quietly gen double __hi = __curve + 1.96 * __cse
 41. 
.         local uwline ""
 42.         local legorder `"3 "Binned means" 4 "Spline fit, 95% CI" 5 "Linear fit, weighted: slope `b_w' 
> (`se_w')""'
 43.         if `both' == 1 {
 44.                 local uwline "(line __fituw `xv', lcolor(maroon) lpattern(dash) lwidth(medthin))"
 45.                 local legorder `"`legorder' 6 "Linear fit, unweighted: slope `b_uw' (`se_uw')""'
 46.         }
 47. 
.         sort `xv'
 48.         * the CI band comes first so that the main y-axis (axis 1) is the first
.         * axis declared and is drawn on the left; the histogram, on the hidden
.         * axis 2, follows. The legend indices below do not use plots 1 and 2.
.         twoway ///
>                 (rarea __lo __hi `xv', color(navy%20) lwidth(none)) ///
>                 (histogram `xv', fraction width(`binw') start(`xmin') yaxis(2) ///
>                         fcolor(gs14) lcolor(gs12) lwidth(vthin)) ///
>                 (scatter __doty __dotx if __first [aw=__sw], ///
>                         msymbol(Oh) mcolor(black) mlwidth(thin)) ///
>                 (line __curve `xv', lcolor(navy) lwidth(medthick)) ///
>                 (line __fitw `xv', lcolor(maroon) lwidth(medthin)) ///
>                 `uwline', ///
>                 yline(`ref', lcolor(gs8) lpattern(shortdash) lwidth(thin)) ///
>                 yscale(axis(2) off range(0 `hmax')) ///
>                 ylabel(, labsize(small) angle(0) glcolor(gs15)) ///
>                 xlabel(, labsize(small)) ///
>                 xtitle(`"`xt'"', size(small)) ///
>                 ytitle(`"`yt'"', size(small)) ///
>                 legend(order(`legorder') size(vsmall) rows(2) position(6) ring(1) region(lcolor(white))) 
> ///
>                 graphregion(color(white)) plotregion(margin(small))
 49.         graph export "$figures/appendix/`fname'.pdf", as(pdf) replace
 50.         if "$repo_figures" != "" graph export "$repo_figures/appendix/`fname'.pdf", as(pdf) replace
 51.         di "Figure exported to: $figures/appendix/`fname'.pdf"
 52.         restore
 53. end

. 
. *------------------------------------------------------------
. * (1) Change in mortality vs. Intensity_1999, HM sample. Each
. * municipality's mean mortality rate 65+ after (1997-2006) minus before
. * (1991-1996); placebo: 1994-96 minus 1991-93. Weights: the 1991-1996
. * mean population 65+ (a fixed weight, so each municipality counts
. * once). "Cond" panels residualize both axes on Intensity_2005 and the
. * post-1997 mean Seguro Popular intensity (weighted), adding back the
. * means -- their weighted slope is the collapsed analog of Table 2,
. * col. (1); the plain post slope is the analog of the specification
. * without the 2005 control (at:no_control_sex).
. *------------------------------------------------------------
. use `cdid_panel', clear

. quietly keep if $sample_marg & inrange(year, 1991, 2006)

. bysort cve_ent_mun_super: egen double mr_post = mean(cond(year >= 1997, emr65, .))

. bysort cve_ent_mun_super: egen double mr_pre  = mean(cond(year <= 1996, emr65, .))

. bysort cve_ent_mun_super: egen double mr_pl2  = mean(cond(inrange(year, 1994, 1996), emr65, .))

. bysort cve_ent_mun_super: egen double mr_pl1  = mean(cond(inrange(year, 1991, 1993), emr65, .))

. bysort cve_ent_mun_super: egen double sp_post = mean(cond(year >= 1997, sp_intensity, .))

. bysort cve_ent_mun_super: egen double w65_pre = mean(cond(year <= 1996, popover65_, .))

. egen byte __one = tag(cve_ent_mun_super)

. keep if __one
(16,785 observations deleted)

. gen double d_post = mr_post - mr_pre

. gen double d_pre  = mr_pl2 - mr_pl1

. keep cve_ent_mun_super inten1999 inten2005 sp_post w65_pre d_post d_pre

. 
. foreach v in d_post d_pre inten1999 {
  2.         quietly regress `v' inten2005 sp_post [aw=w65_pre]
  3.         quietly predict double r_`v' if e(sample), residuals
  4.         quietly summarize `v' [aw=w65_pre] if e(sample)
  5.         quietly replace r_`v' = r_`v' + r(mean)
  6. }

. 
. cloud_plot d_post inten1999 w65_pre 1 "AF_cloud_post_plain" ///
>         "Intensity 1999" ///
>         "Change in mortality rate 65+, 1997-2006 vs. 1991-1996" 1
file
    C:\Users\FELIPEME\Dropbox\Aplicaciones\Overleaf\progresa_cct\figures/appendix/AF_cloud_post_plain.pdf
    saved as PDF format
file C:\Users\FELIPEME\Documents\projects\progresa_mortality\figures/appendix/AF_cloud_post_plain.pdf
    saved as PDF format
Figure exported to: C:\Users\FELIPEME\Dropbox\Aplicaciones\Overleaf\progresa_cct\figures/appendix/AF_cloud_
> post_plain.pdf

. cloud_plot r_d_post r_inten1999 w65_pre 1 "AF_cloud_post_cond" ///
>         "Intensity 1999, net of Intensity 2005 and Seguro Popular" ///
>         "Change in mortality rate 65+, 1997-2006 vs. 1991-1996 (net)" 0
file C:\Users\FELIPEME\Dropbox\Aplicaciones\Overleaf\progresa_cct\figures/appendix/AF_cloud_post_cond.pdf
    saved as PDF format
file C:\Users\FELIPEME\Documents\projects\progresa_mortality\figures/appendix/AF_cloud_post_cond.pdf
    saved as PDF format
Figure exported to: C:\Users\FELIPEME\Dropbox\Aplicaciones\Overleaf\progresa_cct\figures/appendix/AF_cloud_
> post_cond.pdf

. cloud_plot d_pre inten1999 w65_pre 1 "AF_cloud_pre_plain" ///
>         "Intensity 1999" ///
>         "Change in mortality rate 65+, 1994-1996 vs. 1991-1993" 1
file C:\Users\FELIPEME\Dropbox\Aplicaciones\Overleaf\progresa_cct\figures/appendix/AF_cloud_pre_plain.pdf
    saved as PDF format
file C:\Users\FELIPEME\Documents\projects\progresa_mortality\figures/appendix/AF_cloud_pre_plain.pdf
    saved as PDF format
Figure exported to: C:\Users\FELIPEME\Dropbox\Aplicaciones\Overleaf\progresa_cct\figures/appendix/AF_cloud_
> pre_plain.pdf

. cloud_plot r_d_pre r_inten1999 w65_pre 1 "AF_cloud_pre_cond" ///
>         "Intensity 1999, net of Intensity 2005 and Seguro Popular" ///
>         "Change in mortality rate 65+, 1994-1996 vs. 1991-1993 (net)" 0
file C:\Users\FELIPEME\Dropbox\Aplicaciones\Overleaf\progresa_cct\figures/appendix/AF_cloud_pre_cond.pdf
    saved as PDF format
file C:\Users\FELIPEME\Documents\projects\progresa_mortality\figures/appendix/AF_cloud_pre_cond.pdf saved
    as PDF format
Figure exported to: C:\Users\FELIPEME\Dropbox\Aplicaciones\Overleaf\progresa_cct\figures/appendix/AF_cloud_
> pre_cond.pdf

. 
. *------------------------------------------------------------
. * (2) Implicit regression weights vs. the distribution of the dose
. * (CGBS Table 1), weighted by the 1991-1996 population 65+:
. *   marginal-effect weights  w(l) = E[(D - E[D]) 1{D >= l}] / Var(D)
. *   level-effect weights     v(l) = (l - E[D]) f(l) / Var(D)
. * With no untreated municipalities, w(l) integrates to one and equals
. * the density f(l) when D is normally distributed (Yitzhaki 1996).
. * "Cond" uses the residualized dose from (1), i.e. the variation the
. * regression with the 2005 control actually uses.
. *------------------------------------------------------------
. foreach spec in plain cond {
  2.         if "`spec'" == "plain" {
  3.                 local dv inten1999
  4.                 local dlab "Intensity 1999"
  5.         }
  6.         else {
  7.                 local dv r_inten1999
  8.                 local dlab "Intensity 1999, net of Intensity 2005 and Seguro Popular"
  9.         }
 10.         preserve
 11.         quietly keep if !missing(`dv', w65_pre)
 12.         quietly summarize w65_pre
 13.         local W = r(sum)
 14.         quietly gen double __t = w65_pre * `dv'
 15.         quietly summarize __t
 16.         local mu = r(sum) / `W'
 17.         quietly replace __t = w65_pre * (`dv' - `mu')^2
 18.         quietly summarize __t
 19.         local vd = r(sum) / `W'
 20.         kdensity `dv' [aw=w65_pre], n(100) generate(__gx __fd) nograph
 21.         quietly gen double __wacr = .
 22.         quietly gen double __watt = .
 23.         forvalues i = 1/100 {
 24.                 local l = __gx[`i']
 25.                 quietly replace __t = w65_pre * (`dv' - `mu') * (`dv' >= `l')
 26.                 quietly summarize __t
 27.                 quietly replace __wacr = (r(sum) / `W') / `vd' in `i'
 28.                 quietly replace __watt = (`l' - `mu') * __fd[`i'] / `vd' in `i'
 29.         }
 30.         twoway ///
>                 (line __fd   __gx, lcolor(navy) lwidth(medthick)) ///
>                 (line __wacr __gx, lcolor(maroon) lpattern(shortdash) lwidth(medthick)) ///
>                 (line __watt __gx, lcolor(dkgreen) lpattern(dash) lwidth(medium)), ///
>                 xline(`mu', lcolor(gs8) lpattern(dot)) ///
>                 yline(0, lcolor(gs10) lwidth(thin)) ///
>                 ylabel(, labsize(small) angle(0) glcolor(gs15)) ///
>                 xlabel(, labsize(small)) ///
>                 xtitle("`dlab'", size(small)) ///
>                 ytitle("Density / weight", size(small)) ///
>                 legend(order(1 "Distribution of intensity" ///
>                         2 "Regression weight on marginal effects" ///
>                         3 "Regression weight on level effects") ///
>                         size(vsmall) rows(2) position(6) ring(1) region(lcolor(white))) ///
>                 graphregion(color(white))
 31.         graph export "$figures/appendix/AF_twfe_weights_`spec'.pdf", as(pdf) replace
 32.         if "$repo_figures" != "" graph export "$repo_figures/appendix/AF_twfe_weights_`spec'.pdf", as(
> pdf) replace
 33.         di "Figure exported to: $figures/appendix/AF_twfe_weights_`spec'.pdf"
 34.         restore
 35. }
file
    C:\Users\FELIPEME\Dropbox\Aplicaciones\Overleaf\progresa_cct\figures/appendix/AF_twfe_weights_plain.p
    > df saved as PDF format
file C:\Users\FELIPEME\Documents\projects\progresa_mortality\figures/appendix/AF_twfe_weights_plain.pdf
    saved as PDF format
Figure exported to: C:\Users\FELIPEME\Dropbox\Aplicaciones\Overleaf\progresa_cct\figures/appendix/AF_twfe_w
> eights_plain.pdf
file
    C:\Users\FELIPEME\Dropbox\Aplicaciones\Overleaf\progresa_cct\figures/appendix/AF_twfe_weights_cond.pd
    > f saved as PDF format
file C:\Users\FELIPEME\Documents\projects\progresa_mortality\figures/appendix/AF_twfe_weights_cond.pdf
    saved as PDF format
Figure exported to: C:\Users\FELIPEME\Dropbox\Aplicaciones\Overleaf\progresa_cct\figures/appendix/AF_twfe_w
> eights_cond.pdf

. 
. *------------------------------------------------------------
. * (3) BR's coefficient before and after removing our variation.
. * Panel A: BR's sample (1998/99 entrants, $sample_br) and window
. * (1992-2002). Panel B: our HM sample and window (1991-2006), with
. * Seguro Popular in every regression. BR's treatment is their actual
. * regressor, lag2_intensity_new (intensity two years earlier).
. *   Row 1: fixed effects only (Panel A, col. 1 = Table A5, Panel B)
. *   Row 2: + Intensity_1999 x year dummies
. *   Row 3: + Intensity_2005 x year dummies
. * Panel A only, to name what the leftover is. Within 1992-2002 BR's
. * treatment is 0 through 1999 and equals inten1998, inten1999, inten2000
. * in 2000, 2001, 2002, so Intensity_1999 x year absorbs 2001 exactly and
. * the leftover is the 2000 value (inten1998: entry timing, 1998 vs 1999
. * entrants) and the 2002 value (inten2000: growth in enrollment after
. * 1999). Each row below adds one term to row 2:
. *   Row 4: + entry cohort (inten_start_year) x year dummies
. *   Row 5: + Intensity_1998 x year dummies (absorbs 2000: leftover = 2002)
. *   Row 6: + Intensity_2000 x year dummies (absorbs 2002: leftover = 2000)
. * Adding both rows 5 and 6 would absorb the treatment completely, so
. * they are separate rows.
. * By Frisch-Waugh-Lovell, rows 2-3 are BR's estimate computed only from
. * the part of their treatment those terms do not explain. The "share
. * explained" rows are the partial within-R2 of those terms in a
. * regression of BR's treatment on them (beyond the fixed effects and,
. * in Panel B, Seguro Popular): the share of BR's identifying variation
. * that our design also uses. Note that within 1992-2002, BR's
. * treatment is 0 through 1999 and its 2001 value equals inten1999, so
. * the leftover is the 1998 and 2000 intensities relative to 1999.
. *------------------------------------------------------------
. foreach pnl in A B {
  2.         use `cdid_panel', clear
  3.         if "`pnl'" == "A" {
  4.                 quietly keep if $sample_br & inrange(year, 1992, 2002)
  5.                 local base ""
  6.         }
  7.         else {
  8.                 quietly keep if $sample_marg & inrange(year, 1991, 2006)
  9.                 quietly keep if !missing(sp_intensity)
 10.                 local base "c.sp_intensity"
 11.         }
 12.         quietly keep if !missing(emr65, lag2_intensity_new, inten1999, inten2005, popover65_)
 13.         local ctl1 "`base'"
 14.         local ctl2 "`base' c.inten1999#i.year"
 15.         local ctl3 "`base' c.inten1999#i.year c.inten2005#i.year"
 16.         local nr = 3
 17.         if "`pnl'" == "A" {
 18.                 local ctl4 "`ctl2' i.inten_start_year#i.year"
 19.                 local ctl5 "`ctl2' c.inten1998#i.year"
 20.                 local ctl6 "`ctl2' c.inten2000#i.year"
 21.                 local nr = 6
 22.         }
 23.         foreach wt in uw w {
 24.                 local aw ""
 25.                 if "`wt'" == "w" local aw "[aw=popover65_]"
 26.                 * first-stage baseline: within-R2 of BR's treatment on the base
.                 * controls alone (zero when there are none)
.                 local r2base = 0
 27.                 if "`base'" != "" {
 28.                         quietly reghdfe lag2_intensity_new `base' `aw', a(cve_ent_mun_super year)
 29.                         local r2base = e(r2_within)
 30.                 }
 31.                 forvalues r = 1/`nr' {
 32.                         reghdfe emr65 lag2_intensity_new `ctl`r'' `aw', ///
>                                 a(cve_ent_mun_super year) vce(cluster cve_ent_mun_super)
 33.                         local t = abs(_b[lag2_intensity_new] / _se[lag2_intensity_new])
 34.                         local st ""
 35.                         if `t' >= 1.645 local st "*"
 36.                         if `t' >= 1.960 local st "**"
 37.                         if `t' >= 2.576 local st "***"
 38.                         local b_`pnl'_`wt'_`r' = trim(string(_b[lag2_intensity_new], "%9.3f")) + "`st'
> "
 39.                         local se_`pnl'_`wt'_`r' = trim(string(_se[lag2_intensity_new], "%9.3f"))
 40.                         * rows 4-6 must run on row 1's sample (a missing Intensity 1998
.                         * or 2000 would drop observations silently)
.                         if `r' >= 4 {
 41.                                 if e(N) != `N1' di as error "WARNING: row `r' (`wt') has `=e(N)' obser
> vations vs. `N1' in row 1"
 42.                         }
 43.                         if `r' == 1 {
 44.                                 local N1 = e(N)
 45.                                 local N_`pnl'_`wt' = trim(string(e(N), "%12.0fc"))
 46.                                 tempvar tg
 47.                                 quietly egen `tg' = tag(cve_ent_mun_super) if e(sample)
 48.                                 quietly count if `tg' == 1
 49.                                 local M_`pnl'_`wt' = trim(string(r(N), "%12.0fc"))
 50.                                 drop `tg'
 51.                         }
 52.                         else {
 53.                                 quietly reghdfe lag2_intensity_new `ctl`r'' `aw', a(cve_ent_mun_super 
> year)
 54.                                 local pr2 = (e(r2_within) - `r2base') / (1 - `r2base')
 55.                                 local r2_`pnl'_`wt'_`r' = trim(string(`pr2', "%9.3f"))
 56.                                 di "Panel `pnl', `wt', row `r': share of BR treatment variation explai
> ned = `r2_`pnl'_`wt'_`r''"
 57.                         }
 58.                 }
 59.         }
 60. }
(MWFE estimator converged in 2 iterations)

HDFE Linear regression                            Number of obs   =     15,642
Absorbing 2 HDFE groups                           F(   1,   1421) =      31.61
Statistics robust to heteroskedasticity           Prob > F        =     0.0000
                                                  R-squared       =     0.3434
                                                  Adj R-squared   =     0.2772
                                                  Within R-sq.    =     0.0031
Number of clusters (cve_ent_mun_super) =      1,422Root MSE       =    14.0943

                        (Std. err. adjusted for 1,422 clusters in cve_ent_mun_super)
------------------------------------------------------------------------------------
                   |               Robust
             emr65 | Coefficient  std. err.      t    P>|t|     [95% conf. interval]
-------------------+----------------------------------------------------------------
lag2_intensity_new |  -7.061143   1.255879    -5.62   0.000    -9.524718   -4.597567
             _cons |   46.09214   .0968043   476.14   0.000     45.90225    46.28204
------------------------------------------------------------------------------------

Absorbed degrees of freedom:
-----------------------------------------------------------+
       Absorbed FE | Categories  - Redundant  = Num. Coefs |
-------------------+---------------------------------------|
 cve_ent_mun_super |      1422        1422           0    *|
              year |        11           1          10     |
-----------------------------------------------------------+
* = FE nested within cluster; treated as redundant for DoF computation
(MWFE estimator converged in 2 iterations)
note: 2002.year#c.inten1999 omitted because of collinearity

HDFE Linear regression                            Number of obs   =     15,642
Absorbing 2 HDFE groups                           F(  11,   1421) =       3.59
Statistics robust to heteroskedasticity           Prob > F        =     0.0001
                                                  R-squared       =     0.3440
                                                  Adj R-squared   =     0.2774
                                                  Within R-sq.    =     0.0041
Number of clusters (cve_ent_mun_super) =      1,422Root MSE       =    14.0919

                        (Std. err. adjusted for 1,422 clusters in cve_ent_mun_super)
------------------------------------------------------------------------------------
                   |               Robust
             emr65 | Coefficient  std. err.      t    P>|t|     [95% conf. interval]
-------------------+----------------------------------------------------------------
lag2_intensity_new |   -8.03228    2.45534    -3.27   0.001    -12.84876   -3.215799
                   |
  year#c.inten1999 |
             1992  |  -5.069662   3.733213    -1.36   0.175    -12.39286     2.25354
             1993  |   1.915128   3.539125     0.54   0.589    -5.027344    8.857599
             1994  |  -1.621425   3.651859    -0.44   0.657    -8.785039    5.542188
             1995  |  -2.599001   3.724912    -0.70   0.485    -9.905917    4.707915
             1996  |   .3054414   3.537719     0.09   0.931    -6.634271    7.245154
             1997  |  -3.005179   3.499363    -0.86   0.391    -9.869652    3.859294
             1998  |  -1.630168   3.651012    -0.45   0.655    -8.792121    5.531785
             1999  |  -3.850715   3.241825    -1.19   0.235    -10.20999    2.508562
             2000  |  -2.708461   2.324798    -1.17   0.244    -7.268866    1.851944
             2001  |  -.2856839   2.167364    -0.13   0.895     -4.53726    3.965892
             2002  |          0  (omitted)
                   |
             _cons |   46.69992   .9262701    50.42   0.000     44.88292    48.51692
------------------------------------------------------------------------------------

Absorbed degrees of freedom:
-----------------------------------------------------------+
       Absorbed FE | Categories  - Redundant  = Num. Coefs |
-------------------+---------------------------------------|
 cve_ent_mun_super |      1422        1422           0    *|
              year |        11           1          10     |
-----------------------------------------------------------+
* = FE nested within cluster; treated as redundant for DoF computation
Panel A, uw, row 2: share of BR treatment variation explained = 0.724
(MWFE estimator converged in 2 iterations)
note: 2002.year#c.inten1999 omitted because of collinearity
note: 2002.year#c.inten2005 omitted because of collinearity

HDFE Linear regression                            Number of obs   =     15,642
Absorbing 2 HDFE groups                           F(  21,   1421) =       3.22
Statistics robust to heteroskedasticity           Prob > F        =     0.0000
                                                  R-squared       =     0.3457
                                                  Adj R-squared   =     0.2788
                                                  Within R-sq.    =     0.0067
Number of clusters (cve_ent_mun_super) =      1,422Root MSE       =    14.0786

                        (Std. err. adjusted for 1,422 clusters in cve_ent_mun_super)
------------------------------------------------------------------------------------
                   |               Robust
             emr65 | Coefficient  std. err.      t    P>|t|     [95% conf. interval]
-------------------+----------------------------------------------------------------
lag2_intensity_new |  -8.067532   2.536669    -3.18   0.002    -13.04355   -3.091514
                   |
  year#c.inten1999 |
             1992  |   -.428466   5.421019    -0.08   0.937    -11.06253    10.20559
             1993  |  -4.393111   5.201254    -0.84   0.398    -14.59607    5.809849
             1994  |  -5.005149    4.98527    -1.00   0.316    -14.78443     4.77413
             1995  |  -.3775032    4.99469    -0.08   0.940    -10.17526    9.420255
             1996  |   2.973068   4.948256     0.60   0.548    -6.733604    12.67974
             1997  |   1.232353   4.879462     0.25   0.801    -8.339369    10.80408
             1998  |  -.8408285   5.456899    -0.15   0.878    -11.54527    9.863614
             1999  |  -4.614572   4.487349    -1.03   0.304    -13.41711    4.187967
             2000  |    5.03722   4.188693     1.20   0.229    -3.179466    13.25391
             2001  |   6.325815   4.089888     1.55   0.122    -1.697052    14.34868
             2002  |          0  (omitted)
                   |
  year#c.inten2005 |
             1992  |  -5.023419   4.050099    -1.24   0.215    -12.96823    2.921397
             1993  |   6.746029   4.172143     1.62   0.106    -1.438192    14.93025
             1994  |   3.602494   3.873136     0.93   0.352    -3.995183    11.20017
             1995  |  -2.422508   3.737697    -0.65   0.517    -9.754504    4.909489
             1996  |  -2.902047   3.866352    -0.75   0.453    -10.48642    4.682324
             1997  |  -4.589525   3.755854    -1.22   0.222    -11.95714    2.778089
             1998  |  -.8830938   4.063307    -0.22   0.828    -8.853818     7.08763
             1999  |   .7864236   3.403967     0.23   0.817    -5.890917    7.463764
             2000  |  -8.334901   3.450936    -2.42   0.016    -15.10438   -1.565424
             2001  |  -7.103387   3.304805    -2.15   0.032    -13.58621    -.620567
             2002  |          0  (omitted)
                   |
             _cons |    47.1529   1.159421    40.67   0.000     44.87854    49.42726
------------------------------------------------------------------------------------

Absorbed degrees of freedom:
-----------------------------------------------------------+
       Absorbed FE | Categories  - Redundant  = Num. Coefs |
-------------------+---------------------------------------|
 cve_ent_mun_super |      1422        1422           0    *|
              year |        11           1          10     |
-----------------------------------------------------------+
* = FE nested within cluster; treated as redundant for DoF computation
Panel A, uw, row 3: share of BR treatment variation explained = 0.743
(MWFE estimator converged in 2 iterations)
note: 2002.year#c.inten1999 omitted because of collinearity
note: 1999.inten_start_year#1992b.year omitted because of collinearity
note: 1999.inten_start_year#1993.year omitted because of collinearity
note: 1999.inten_start_year#1994.year omitted because of collinearity
note: 1999.inten_start_year#1995.year omitted because of collinearity
note: 1999.inten_start_year#1996.year omitted because of collinearity
note: 1999.inten_start_year#1997.year omitted because of collinearity
note: 1999.inten_start_year#1998.year omitted because of collinearity
note: 1999.inten_start_year#1999.year omitted because of collinearity
note: 1999.inten_start_year#2000.year omitted because of collinearity
note: 1999.inten_start_year#2001.year omitted because of collinearity
note: 1999.inten_start_year#2002.year omitted because of collinearity

HDFE Linear regression                            Number of obs   =     15,642
Absorbing 2 HDFE groups                           F(  21,   1421) =       2.72
Statistics robust to heteroskedasticity           Prob > F        =     0.0000
                                                  R-squared       =     0.3447
                                                  Adj R-squared   =     0.2776
                                                  Within R-sq.    =     0.0050
Number of clusters (cve_ent_mun_super) =      1,422Root MSE       =    14.0903

                           (Std. err. adjusted for 1,422 clusters in cve_ent_mun_super)
---------------------------------------------------------------------------------------
                      |               Robust
                emr65 | Coefficient  std. err.      t    P>|t|     [95% conf. interval]
----------------------+----------------------------------------------------------------
   lag2_intensity_new |  -8.739621   2.698347    -3.24   0.001    -14.03279   -3.446449
                      |
     year#c.inten1999 |
                1992  |  -6.577456   4.060135    -1.62   0.105    -14.54196    1.387047
                1993  |   1.476204   3.843723     0.38   0.701    -6.063776    9.016184
                1994  |  -2.223475   3.899064    -0.57   0.569    -9.872014    5.425064
                1995  |  -3.809448   4.031012    -0.95   0.345    -11.71682    4.097925
                1996  |   .2233741   3.781021     0.06   0.953    -7.193609    7.640357
                1997  |  -3.508147   3.762575    -0.93   0.351    -10.88894    3.872651
                1998  |   -2.85759   4.008832    -0.71   0.476    -10.72145    5.006274
                1999  |  -4.238633   3.485781    -1.22   0.224    -11.07646    2.599195
                2000  |  -3.333006    2.56529    -1.30   0.194    -8.365168    1.699155
                2001  |  -.9506428   2.321118    -0.41   0.682    -5.503829    3.602544
                2002  |          0  (omitted)
                      |
inten_start_year#year |
           1998 1993  |  -2.164002   1.361736    -1.59   0.112    -4.835229    .5072264
           1998 1994  |  -1.833741   1.282864    -1.43   0.153    -4.350252    .6827694
           1998 1995  |  -.6019998   1.386787    -0.43   0.664     -3.32237    2.118371
           1998 1996  |  -2.886482    1.34231    -2.15   0.032    -5.519604   -.2533601
           1998 1997  |  -2.034341   1.213594    -1.68   0.094     -4.41497    .3462884
           1998 1998  |  -.5676327   1.258656    -0.45   0.652    -3.036657    1.901392
           1998 1999  |  -2.267265    1.27589    -1.78   0.076    -4.770094    .2355644
           1998 2000  |  -.8244061   1.260012    -0.65   0.513    -3.296089    1.647277
           1998 2001  |   -.274317   1.259281    -0.22   0.828    -2.744566    2.195932
           1998 2002  |  -1.743496   1.349451    -1.29   0.197    -4.390626    .9036337
           1999 1992  |          0  (omitted)
           1999 1993  |          0  (omitted)
           1999 1994  |          0  (omitted)
           1999 1995  |          0  (omitted)
           1999 1996  |          0  (omitted)
           1999 1997  |          0  (omitted)
           1999 1998  |          0  (omitted)
           1999 1999  |          0  (omitted)
           1999 2000  |          0  (omitted)
           1999 2001  |          0  (omitted)
           1999 2002  |          0  (omitted)
                      |
                _cons |   47.90224     1.2378    38.70   0.000     45.47413    50.33035
---------------------------------------------------------------------------------------

Absorbed degrees of freedom:
-----------------------------------------------------------+
       Absorbed FE | Categories  - Redundant  = Num. Coefs |
-------------------+---------------------------------------|
 cve_ent_mun_super |      1422        1422           0    *|
              year |        11           1          10     |
-----------------------------------------------------------+
* = FE nested within cluster; treated as redundant for DoF computation
Panel A, uw, row 4: share of BR treatment variation explained = 0.794
(MWFE estimator converged in 2 iterations)
note: 2002.year#c.inten1999 omitted because of collinearity
note: 2002.year#c.inten1998 omitted because of collinearity

HDFE Linear regression                            Number of obs   =     15,642
Absorbing 2 HDFE groups                           F(  21,   1421) =       2.03
Statistics robust to heteroskedasticity           Prob > F        =     0.0039
                                                  R-squared       =     0.3444
                                                  Adj R-squared   =     0.2774
                                                  Within R-sq.    =     0.0047
Number of clusters (cve_ent_mun_super) =      1,422Root MSE       =    14.0925

                        (Std. err. adjusted for 1,422 clusters in cve_ent_mun_super)
------------------------------------------------------------------------------------
                   |               Robust
             emr65 | Coefficient  std. err.      t    P>|t|     [95% conf. interval]
-------------------+----------------------------------------------------------------
lag2_intensity_new |  -2.122504   5.336575    -0.40   0.691    -12.59091    8.345906
                   |
  year#c.inten1999 |
             1992  |  -.7772119   6.981347    -0.11   0.911    -14.47207    12.91764
             1993  |   7.316814   6.731526     1.09   0.277    -5.887981    20.52161
             1994  |   2.274911   6.349951     0.36   0.720    -10.18137     14.7312
             1995  |   1.408022   6.844602     0.21   0.837    -12.01859    14.83463
             1996  |   7.633565   6.427316     1.19   0.235    -4.974482    20.24161
             1997  |   1.272333   6.312973     0.20   0.840    -11.11141    13.65608
             1998  |    5.45822   6.948723     0.79   0.432    -8.172637    19.08908
             1999  |   2.503086   6.072162     0.41   0.680    -9.408278    14.41445
             2000  |   3.730616   5.979799     0.62   0.533    -7.999565     15.4608
             2001  |  -.7320585   3.569415    -0.21   0.838    -7.733947     6.26983
             2002  |          0  (omitted)
                   |
  year#c.inten1998 |
             1992  |   1.649376   4.799179     0.34   0.731     -7.76486    11.06361
             1993  |   .0012057   4.713854     0.00   1.000    -9.245654    9.248066
             1994  |   2.237944   4.310329     0.52   0.604    -6.217348    10.69324
             1995  |   2.073481   4.797426     0.43   0.666    -7.337317    11.48428
             1996  |  -2.861209   4.287557    -0.67   0.505    -11.27183    5.549412
             1997  |   1.671571   4.033926     0.41   0.679    -6.241519     9.58466
             1998  |  -2.504997   4.685876    -0.53   0.593    -11.69697     6.68698
             1999  |  -1.413503   3.522521    -0.40   0.688    -8.323403    5.496397
             2000  |  -7.449988   6.471019    -1.15   0.250    -20.14376    5.243788
             2001  |  -.0904936   3.667947    -0.02   0.980    -7.285666    7.104679
             2002  |          0  (omitted)
                   |
             _cons |   44.96411   1.702136    26.42   0.000     41.62514    48.30308
------------------------------------------------------------------------------------

Absorbed degrees of freedom:
-----------------------------------------------------------+
       Absorbed FE | Categories  - Redundant  = Num. Coefs |
-------------------+---------------------------------------|
 cve_ent_mun_super |      1422        1422           0    *|
              year |        11           1          10     |
-----------------------------------------------------------+
* = FE nested within cluster; treated as redundant for DoF computation
Panel A, uw, row 5: share of BR treatment variation explained = 0.941
(MWFE estimator converged in 2 iterations)
note: 2002.year#c.inten1999 omitted because of collinearity
note: 2002.year#c.inten2000 omitted because of collinearity

HDFE Linear regression                            Number of obs   =     15,642
Absorbing 2 HDFE groups                           F(  21,   1421) =       2.59
Statistics robust to heteroskedasticity           Prob > F        =     0.0001
                                                  R-squared       =     0.3449
                                                  Adj R-squared   =     0.2779
                                                  Within R-sq.    =     0.0054
Number of clusters (cve_ent_mun_super) =      1,422Root MSE       =    14.0874

                        (Std. err. adjusted for 1,422 clusters in cve_ent_mun_super)
------------------------------------------------------------------------------------
                   |               Robust
             emr65 | Coefficient  std. err.      t    P>|t|     [95% conf. interval]
-------------------+----------------------------------------------------------------
lag2_intensity_new |  -9.662268   2.777655    -3.48   0.001    -15.11101   -4.213525
                   |
  year#c.inten1999 |
             1992  |   5.859561   8.704807     0.67   0.501    -11.21609    22.93521
             1993  |   5.013409   7.237304     0.69   0.489    -9.183539    19.21036
             1994  |   .4753632   7.380939     0.06   0.949    -14.00334    14.95407
             1995  |  -5.230427   7.000617    -0.75   0.455    -18.96308    8.502227
             1996  |   3.567814   6.717095     0.53   0.595    -9.608674     16.7443
             1997  |   5.011271   7.534063     0.67   0.506     -9.76781    19.79035
             1998  |    3.48926   8.089006     0.43   0.666    -12.37842    19.35694
             1999  |  -3.242631   6.644627    -0.49   0.626    -16.27696    9.791701
             2000  |   7.203792   7.167127     1.01   0.315    -6.855493    21.26308
             2001  |   16.06417   7.064686     2.27   0.023     2.205837    29.92251
             2002  |          0  (omitted)
                   |
  year#c.inten2000 |
             1992  |  -13.58543   9.071418    -1.50   0.134    -31.38024    4.209378
             1993  |  -5.019189   7.480628    -0.67   0.502    -19.69345    9.655072
             1994  |  -3.923659   8.265131    -0.47   0.635    -20.13683    12.28951
             1995  |    1.24852   7.248161     0.17   0.863    -12.96972    15.46676
             1996  |  -5.198688   6.968355    -0.75   0.456    -18.86806     8.47068
             1997  |  -10.39916   8.178586    -1.27   0.204    -26.44256    5.644241
             1998  |  -7.230115   8.418189    -0.86   0.391    -23.74353    9.283298
             1999  |   -2.29517   7.140787    -0.32   0.748    -16.30279    11.71245
             2000  |  -11.27297   7.694815    -1.47   0.143    -26.36738     3.82145
             2001  |  -17.73201   7.216641    -2.46   0.014    -31.88842    -3.57559
             2002  |          0  (omitted)
                   |
             _cons |   47.52068   1.117573    42.52   0.000     45.32841    49.71295
------------------------------------------------------------------------------------

Absorbed degrees of freedom:
-----------------------------------------------------------+
       Absorbed FE | Categories  - Redundant  = Num. Coefs |
-------------------+---------------------------------------|
 cve_ent_mun_super |      1422        1422           0    *|
              year |        11           1          10     |
-----------------------------------------------------------+
* = FE nested within cluster; treated as redundant for DoF computation
Panel A, uw, row 6: share of BR treatment variation explained = 0.783
(MWFE estimator converged in 4 iterations)

HDFE Linear regression                            Number of obs   =     15,642
Absorbing 2 HDFE groups                           F(   1,   1421) =      22.65
Statistics robust to heteroskedasticity           Prob > F        =     0.0000
                                                  R-squared       =     0.5526
                                                  Adj R-squared   =     0.5075
                                                  Within R-sq.    =     0.0022
Number of clusters (cve_ent_mun_super) =      1,422Root MSE       =     7.2064

                        (Std. err. adjusted for 1,422 clusters in cve_ent_mun_super)
------------------------------------------------------------------------------------
                   |               Robust
             emr65 | Coefficient  std. err.      t    P>|t|     [95% conf. interval]
-------------------+----------------------------------------------------------------
lag2_intensity_new |  -3.739679   .7857027    -4.76   0.000    -5.280941   -2.198417
             _cons |    46.0795   .0460279  1001.12   0.000     45.98921    46.16979
------------------------------------------------------------------------------------

Absorbed degrees of freedom:
-----------------------------------------------------------+
       Absorbed FE | Categories  - Redundant  = Num. Coefs |
-------------------+---------------------------------------|
 cve_ent_mun_super |      1422        1422           0    *|
              year |        11           1          10     |
-----------------------------------------------------------+
* = FE nested within cluster; treated as redundant for DoF computation
(MWFE estimator converged in 4 iterations)
note: 2002.year#c.inten1999 omitted because of collinearity

HDFE Linear regression                            Number of obs   =     15,642
Absorbing 2 HDFE groups                           F(  11,   1421) =       4.23
Statistics robust to heteroskedasticity           Prob > F        =     0.0000
                                                  R-squared       =     0.5532
                                                  Adj R-squared   =     0.5078
                                                  Within R-sq.    =     0.0036
Number of clusters (cve_ent_mun_super) =      1,422Root MSE       =     7.2040

                        (Std. err. adjusted for 1,422 clusters in cve_ent_mun_super)
------------------------------------------------------------------------------------
                   |               Robust
             emr65 | Coefficient  std. err.      t    P>|t|     [95% conf. interval]
-------------------+----------------------------------------------------------------
lag2_intensity_new |  -1.611233   1.592919    -1.01   0.312    -4.735958    1.513493
                   |
  year#c.inten1999 |
             1992  |  -.6986137   2.191894    -0.32   0.750     -4.99831    3.601083
             1993  |   1.202839    2.19034     0.55   0.583    -3.093808    5.499487
             1994  |   1.048092   2.092453     0.50   0.617    -3.056536    5.152719
             1995  |   2.312644   2.116456     1.09   0.275    -1.839071    6.464358
             1996  |   2.130549   2.113328     1.01   0.314    -2.015029    6.276127
             1997  |   1.195132   2.049001     0.58   0.560     -2.82426    5.214524
             1998  |   4.052793   1.999144     2.03   0.043     .1312023    7.974383
             1999  |  -.0446177   1.928637    -0.02   0.982      -3.8279    3.738665
             2000  |   -1.77831   1.298678    -1.37   0.171    -4.325842    .7692215
             2001  |  -1.317196   1.180864    -1.12   0.265     -3.63362    .9992287
             2002  |          0  (omitted)
                   |
             _cons |   45.81478   .3590432   127.60   0.000     45.11047     46.5191
------------------------------------------------------------------------------------

Absorbed degrees of freedom:
-----------------------------------------------------------+
       Absorbed FE | Categories  - Redundant  = Num. Coefs |
-------------------+---------------------------------------|
 cve_ent_mun_super |      1422        1422           0    *|
              year |        11           1          10     |
-----------------------------------------------------------+
* = FE nested within cluster; treated as redundant for DoF computation
Panel A, w, row 2: share of BR treatment variation explained = 0.840
(MWFE estimator converged in 4 iterations)
note: 2002.year#c.inten1999 omitted because of collinearity
note: 2002.year#c.inten2005 omitted because of collinearity

HDFE Linear regression                            Number of obs   =     15,642
Absorbing 2 HDFE groups                           F(  21,   1421) =       3.01
Statistics robust to heteroskedasticity           Prob > F        =     0.0000
                                                  R-squared       =     0.5537
                                                  Adj R-squared   =     0.5080
                                                  Within R-sq.    =     0.0047
Number of clusters (cve_ent_mun_super) =      1,422Root MSE       =     7.2026

                        (Std. err. adjusted for 1,422 clusters in cve_ent_mun_super)
------------------------------------------------------------------------------------
                   |               Robust
             emr65 | Coefficient  std. err.      t    P>|t|     [95% conf. interval]
-------------------+----------------------------------------------------------------
lag2_intensity_new |  -1.725804   1.654541    -1.04   0.297    -4.971409    1.519801
                   |
  year#c.inten1999 |
             1992  |   1.319353   3.397419     0.39   0.698    -5.345142    7.983848
             1993  |  -3.155392   3.462738    -0.91   0.362     -9.94802    3.637235
             1994  |  -.5827279   3.141493    -0.19   0.853     -6.74519    5.579734
             1995  |   2.400793   3.172067     0.76   0.449    -3.821643     8.62323
             1996  |   2.437398   3.146354     0.77   0.439      -3.7346    8.609396
             1997  |   2.668404   3.058326     0.87   0.383    -3.330915    8.667723
             1998  |   4.858059   2.963898     1.64   0.101    -.9560267    10.67214
             1999  |  -.9134277   2.844833    -0.32   0.748    -6.493952    4.667096
             2000  |    3.49557   2.600845     1.34   0.179    -1.606338    8.597479
             2001  |  -.6107665     2.5224    -0.24   0.809    -5.558795    4.337262
             2002  |          0  (omitted)
                   |
  year#c.inten2005 |
             1992  |  -1.910598   2.613572    -0.73   0.465    -7.037472    3.216277
             1993  |   3.810821   2.549618     1.49   0.135    -1.190598    8.812241
             1994  |   1.363031   2.420143     0.56   0.573    -3.384405    6.110468
             1995  |  -.1787878   2.322448    -0.08   0.939    -4.734582    4.377006
             1996  |  -.3748665   2.350721    -0.16   0.873    -4.986122    4.236389
             1997  |   -1.42012    2.33874    -0.61   0.544    -6.007875    3.167635
             1998  |  -.8214222   2.250639    -0.36   0.715    -5.236355    3.593511
             1999  |   .6781979   2.115503     0.32   0.749    -3.471646    4.828042
             2000  |  -4.749325   2.102429    -2.26   0.024    -8.873524   -.6251264
             2001  |  -.6301079   1.978139    -0.32   0.750    -4.510494    3.250278
             2002  |          0  (omitted)
                   |
             _cons |   45.90695   .4712021    97.43   0.000     44.98263    46.83128
------------------------------------------------------------------------------------

Absorbed degrees of freedom:
-----------------------------------------------------------+
       Absorbed FE | Categories  - Redundant  = Num. Coefs |
-------------------+---------------------------------------|
 cve_ent_mun_super |      1422        1422           0    *|
              year |        11           1          10     |
-----------------------------------------------------------+
* = FE nested within cluster; treated as redundant for DoF computation
Panel A, w, row 3: share of BR treatment variation explained = 0.852
(MWFE estimator converged in 4 iterations)
note: 2002.year#c.inten1999 omitted because of collinearity
note: 1999.inten_start_year#1992b.year omitted because of collinearity
note: 1999.inten_start_year#1993.year omitted because of collinearity
note: 1999.inten_start_year#1994.year omitted because of collinearity
note: 1999.inten_start_year#1995.year omitted because of collinearity
note: 1999.inten_start_year#1996.year omitted because of collinearity
note: 1999.inten_start_year#1997.year omitted because of collinearity
note: 1999.inten_start_year#1998.year omitted because of collinearity
note: 1999.inten_start_year#1999.year omitted because of collinearity
note: 1999.inten_start_year#2000.year omitted because of collinearity
note: 1999.inten_start_year#2001.year omitted because of collinearity
note: 1999.inten_start_year#2002.year omitted because of collinearity

HDFE Linear regression                            Number of obs   =     15,642
Absorbing 2 HDFE groups                           F(  21,   1421) =       3.32
Statistics robust to heteroskedasticity           Prob > F        =     0.0000
                                                  R-squared       =     0.5538
                                                  Adj R-squared   =     0.5082
                                                  Within R-sq.    =     0.0051
Number of clusters (cve_ent_mun_super) =      1,422Root MSE       =     7.2013

                           (Std. err. adjusted for 1,422 clusters in cve_ent_mun_super)
---------------------------------------------------------------------------------------
                      |               Robust
                emr65 | Coefficient  std. err.      t    P>|t|     [95% conf. interval]
----------------------+----------------------------------------------------------------
   lag2_intensity_new |  -2.562833   1.715472    -1.49   0.135    -5.927962    .8022961
                      |
     year#c.inten1999 |
                1992  |  -1.000394   2.344699    -0.43   0.670    -5.599837    3.599049
                1993  |    1.04873   2.360912     0.44   0.657    -3.582516    5.679977
                1994  |   .9444043   2.239179     0.42   0.673    -3.448046    5.336855
                1995  |   1.371157   2.267684     0.60   0.546     -3.07721    5.819525
                1996  |   1.872227   2.245225     0.83   0.404    -2.532084    6.276538
                1997  |   1.536658   2.182529     0.70   0.482    -2.744667    5.817984
                1998  |   3.442781   2.138123     1.61   0.108    -.7514353    7.636998
                1999  |  -.0196909   2.096242    -0.01   0.993    -4.131752     4.09237
                2000  |  -2.018767   1.474179    -1.37   0.171    -4.910569    .8730343
                2001  |  -1.398427    1.24871    -1.12   0.263    -3.847941    1.051087
                2002  |          0  (omitted)
                      |
inten_start_year#year |
           1998 1993  |  -.2028882   .7092712    -0.29   0.775    -1.594219    1.188443
           1998 1994  |  -.2718384   .7086395    -0.38   0.701     -1.66193    1.118253
           1998 1995  |   .8788701   .6962607     1.26   0.207    -.4869392    2.244679
           1998 1996  |  -.0608424   .7379065    -0.08   0.934    -1.508345    1.386661
           1998 1997  |  -.8948041   .6864069    -1.30   0.193    -2.241284    .4516756
           1998 1998  |   .4262323   .7390082     0.58   0.564    -1.023432    1.875896
           1998 1999  |  -.4635018   .7234966    -0.64   0.522    -1.882738    .9557344
           1998 2000  |   .8734269   .7753635     1.13   0.260    -.6475531    2.394407
           1998 2001  |   1.025517   .7280299     1.41   0.159    -.4026121    2.453645
           1998 2002  |    .880575   .7290677     1.21   0.227    -.5495897     2.31074
           1999 1992  |          0  (omitted)
           1999 1993  |          0  (omitted)
           1999 1994  |          0  (omitted)
           1999 1995  |          0  (omitted)
           1999 1996  |          0  (omitted)
           1999 1997  |          0  (omitted)
           1999 1998  |          0  (omitted)
           1999 1999  |          0  (omitted)
           1999 2000  |          0  (omitted)
           1999 2001  |          0  (omitted)
           1999 2002  |          0  (omitted)
                      |
                _cons |   45.74176   .5607949    81.57   0.000     44.64169    46.84184
---------------------------------------------------------------------------------------

Absorbed degrees of freedom:
-----------------------------------------------------------+
       Absorbed FE | Categories  - Redundant  = Num. Coefs |
-------------------+---------------------------------------|
 cve_ent_mun_super |      1422        1422           0    *|
              year |        11           1          10     |
-----------------------------------------------------------+
* = FE nested within cluster; treated as redundant for DoF computation
Panel A, w, row 4: share of BR treatment variation explained = 0.859
(MWFE estimator converged in 4 iterations)
note: 2002.year#c.inten1999 omitted because of collinearity
note: 2002.year#c.inten1998 omitted because of collinearity

HDFE Linear regression                            Number of obs   =     15,642
Absorbing 2 HDFE groups                           F(  21,   1421) =       2.60
Statistics robust to heteroskedasticity           Prob > F        =     0.0001
                                                  R-squared       =     0.5535
                                                  Adj R-squared   =     0.5078
                                                  Within R-sq.    =     0.0043
Number of clusters (cve_ent_mun_super) =      1,422Root MSE       =     7.2040

                        (Std. err. adjusted for 1,422 clusters in cve_ent_mun_super)
------------------------------------------------------------------------------------
                   |               Robust
             emr65 | Coefficient  std. err.      t    P>|t|     [95% conf. interval]
-------------------+----------------------------------------------------------------
lag2_intensity_new |   1.603558   3.188425     0.50   0.615    -4.650967    7.858084
                   |
  year#c.inten1999 |
             1992  |   1.886144   4.146216     0.45   0.649    -6.247218    10.01951
             1993  |   5.646328   4.293003     1.32   0.189    -2.774976    14.06763
             1994  |   2.322279   3.998256     0.58   0.561    -5.520839     10.1654
             1995  |   1.964743   4.105019     0.48   0.632    -6.087804    10.01729
             1996  |   3.941022   4.033891     0.98   0.329    -3.971998    11.85404
             1997  |   3.858804    4.05073     0.95   0.341     -4.08725    11.80486
             1998  |   7.451331   3.988921     1.87   0.062    -.3734755    15.27614
             1999  |   1.902066   3.857234     0.49   0.622     -5.66442    9.468551
             2000  |   1.211561   3.848859     0.31   0.753    -6.338495    8.761616
             2001  |  -3.670376   2.200784    -1.67   0.096    -7.987511    .6467592
             2002  |          0  (omitted)
                   |
  year#c.inten1998 |
             1992  |   .7671562   3.025128     0.25   0.800    -5.167039    6.701352
             1993  |  -1.832589   3.138218    -0.58   0.559    -7.988626    4.323448
             1994  |   2.600405   2.804234     0.93   0.354    -2.900478    8.101288
             1995  |   4.867848   2.851372     1.71   0.088    -.7255031     10.4612
             1996  |   1.849524    2.83193     0.65   0.514    -3.705689    7.404737
             1997  |   .6589975   2.780039     0.24   0.813    -4.794425     6.11242
             1998  |  -.3635647   2.599246    -0.14   0.889    -5.462336    4.735207
             1999  |   1.657377   2.505232     0.66   0.508    -3.256972    6.571727
             2000  |  -3.006666   4.042943    -0.74   0.457    -10.93744    4.924111
             2001  |   3.162769   2.436001     1.30   0.194    -1.615776    7.941314
             2002  |          0  (omitted)
                   |
             _cons |   45.17581   .6720561    67.22   0.000     43.85748    46.49414
------------------------------------------------------------------------------------

Absorbed degrees of freedom:
-----------------------------------------------------------+
       Absorbed FE | Categories  - Redundant  = Num. Coefs |
-------------------+---------------------------------------|
 cve_ent_mun_super |      1422        1422           0    *|
              year |        11           1          10     |
-----------------------------------------------------------+
* = FE nested within cluster; treated as redundant for DoF computation
Panel A, w, row 5: share of BR treatment variation explained = 0.959
(MWFE estimator converged in 4 iterations)
note: 2002.year#c.inten1999 omitted because of collinearity
note: 2002.year#c.inten2000 omitted because of collinearity

HDFE Linear regression                            Number of obs   =     15,642
Absorbing 2 HDFE groups                           F(  21,   1421) =       2.40
Statistics robust to heteroskedasticity           Prob > F        =     0.0004
                                                  R-squared       =     0.5533
                                                  Adj R-squared   =     0.5076
                                                  Within R-sq.    =     0.0039
Number of clusters (cve_ent_mun_super) =      1,422Root MSE       =     7.2054

                        (Std. err. adjusted for 1,422 clusters in cve_ent_mun_super)
------------------------------------------------------------------------------------
                   |               Robust
             emr65 | Coefficient  std. err.      t    P>|t|     [95% conf. interval]
-------------------+----------------------------------------------------------------
lag2_intensity_new |  -2.785855   1.847705    -1.51   0.132    -6.410377    .8386668
                   |
  year#c.inten1999 |
             1992  |   4.419156    5.28227     0.84   0.403    -5.942728    14.78104
             1993  |   3.185242   4.880449     0.65   0.514    -6.388418     12.7589
             1994  |   5.116473   4.783862     1.07   0.285    -4.267717    14.50066
             1995  |   1.177569   4.716599     0.25   0.803    -8.074676    10.42981
             1996  |   4.034805   4.513453     0.89   0.371    -4.818941    12.88855
             1997  |   3.125112   4.849314     0.64   0.519    -6.387472     12.6377
             1998  |   9.615572    4.75202     2.02   0.043     .2938446     18.9373
             1999  |   3.164113   4.431261     0.71   0.475    -5.528403    11.85663
             2000  |   3.885315   4.258461     0.91   0.362    -4.468231    12.23886
             2001  |   4.170458   4.356283     0.96   0.339    -4.374978    12.71589
             2002  |          0  (omitted)
                   |
  year#c.inten2000 |
             1992  |  -6.413793   5.518298    -1.16   0.245    -17.23868    4.411093
             1993  |  -3.202942   5.060878    -0.63   0.527    -13.13054    6.724653
             1994  |  -5.338409   5.099866    -1.05   0.295    -15.34248    4.665665
             1995  |  -.0133937   5.002071    -0.00   0.998    -9.825631    9.798844
             1996  |  -3.123509   4.827248    -0.65   0.518    -12.59281    6.345789
             1997  |  -3.149814   5.159699    -0.61   0.542    -13.27126    6.971632
             1998  |  -6.868805       5.02    -1.37   0.171    -16.71621    2.978602
             1999  |  -4.459059   4.729207    -0.94   0.346    -13.73604    4.817918
             2000  |  -6.106871   4.432805    -1.38   0.169    -14.80242    2.588673
             2001  |  -5.589819   4.349211    -1.29   0.199    -14.12138    2.941745
             2002  |          0  (omitted)
                   |
             _cons |   46.12394   .4387532   105.13   0.000     45.26326    46.98461
------------------------------------------------------------------------------------

Absorbed degrees of freedom:
-----------------------------------------------------------+
       Absorbed FE | Categories  - Redundant  = Num. Coefs |
-------------------+---------------------------------------|
 cve_ent_mun_super |      1422        1422           0    *|
              year |        11           1          10     |
-----------------------------------------------------------+
* = FE nested within cluster; treated as redundant for DoF computation
Panel A, w, row 6: share of BR treatment variation explained = 0.881
(MWFE estimator converged in 2 iterations)

HDFE Linear regression                            Number of obs   =     17,904
Absorbing 2 HDFE groups                           F(   2,   1118) =       3.54
Statistics robust to heteroskedasticity           Prob > F        =     0.0292
                                                  R-squared       =     0.3177
                                                  Adj R-squared   =     0.2715
                                                  Within R-sq.    =     0.0006
Number of clusters (cve_ent_mun_super) =      1,119Root MSE       =    16.4699

                        (Std. err. adjusted for 1,119 clusters in cve_ent_mun_super)
------------------------------------------------------------------------------------
                   |               Robust
             emr65 | Coefficient  std. err.      t    P>|t|     [95% conf. interval]
-------------------+----------------------------------------------------------------
lag2_intensity_new |  -3.280359   1.232146    -2.66   0.008    -5.697938   -.8627808
      sp_intensity |   .3544151   1.537198     0.23   0.818    -2.661703    3.370533
             _cons |   44.33958   .3059967   144.90   0.000     43.73919    44.93997
------------------------------------------------------------------------------------

Absorbed degrees of freedom:
-----------------------------------------------------------+
       Absorbed FE | Categories  - Redundant  = Num. Coefs |
-------------------+---------------------------------------|
 cve_ent_mun_super |      1119        1119           0    *|
              year |        16           1          15     |
-----------------------------------------------------------+
* = FE nested within cluster; treated as redundant for DoF computation
(MWFE estimator converged in 2 iterations)
note: 2006.year#c.inten1999 omitted because of collinearity

HDFE Linear regression                            Number of obs   =     17,904
Absorbing 2 HDFE groups                           F(  17,   1118) =       1.50
Statistics robust to heteroskedasticity           Prob > F        =     0.0879
                                                  R-squared       =     0.3186
                                                  Adj R-squared   =     0.2719
                                                  Within R-sq.    =     0.0020
Number of clusters (cve_ent_mun_super) =      1,119Root MSE       =    16.4659

                        (Std. err. adjusted for 1,119 clusters in cve_ent_mun_super)
------------------------------------------------------------------------------------
                   |               Robust
             emr65 | Coefficient  std. err.      t    P>|t|     [95% conf. interval]
-------------------+----------------------------------------------------------------
lag2_intensity_new |  -3.839716   1.737029    -2.21   0.027     -7.24792   -.4315119
      sp_intensity |   .4777657   1.544934     0.31   0.757     -2.55353    3.509062
                   |
  year#c.inten1999 |
             1991  |   8.238984   3.836187     2.15   0.032     .7120483    15.76592
             1992  |   2.983465   4.623669     0.65   0.519    -6.088581    12.05551
             1993  |    3.33866   4.256347     0.78   0.433    -5.012667    11.68999
             1994  |   1.595752   4.181793     0.38   0.703    -6.609293    9.800798
             1995  |  -1.283232   4.367781    -0.29   0.769    -9.853203    7.286738
             1996  |   4.010633   4.227355     0.95   0.343    -4.283811    12.30508
             1997  |   7.744693   3.510371     2.21   0.028     .8570363    14.63235
             1998  |   2.763523   4.182564     0.66   0.509    -5.443036    10.97008
             1999  |  -.4946865   2.974777    -0.17   0.868    -6.331461    5.342088
             2000  |   3.758931   3.376882     1.11   0.266    -2.866809    10.38467
             2001  |   7.534313   3.113938     2.42   0.016     1.424493    13.64413
             2002  |   2.167449   2.802045     0.77   0.439    -3.330411    7.665309
             2003  |   4.010539   2.871745     1.40   0.163    -1.624078    9.645156
             2004  |   1.460968    3.05644     0.48   0.633    -4.536037    7.457973
             2005  |   4.275043   2.773255     1.54   0.123    -1.166329    9.716414
             2006  |          0  (omitted)
                   |
             _cons |   43.03062   1.211712    35.51   0.000     40.65313     45.4081
------------------------------------------------------------------------------------

Absorbed degrees of freedom:
-----------------------------------------------------------+
       Absorbed FE | Categories  - Redundant  = Num. Coefs |
-------------------+---------------------------------------|
 cve_ent_mun_super |      1119        1119           0    *|
              year |        16           1          15     |
-----------------------------------------------------------+
* = FE nested within cluster; treated as redundant for DoF computation
Panel B, uw, row 2: share of BR treatment variation explained = 0.327
(MWFE estimator converged in 2 iterations)
note: 2006.year#c.inten1999 omitted because of collinearity
note: 2006.year#c.inten2005 omitted because of collinearity

HDFE Linear regression                            Number of obs   =     17,904
Absorbing 2 HDFE groups                           F(  32,   1118) =       2.05
Statistics robust to heteroskedasticity           Prob > F        =     0.0006
                                                  R-squared       =     0.3211
                                                  Adj R-squared   =     0.2739
                                                  Within R-sq.    =     0.0056
Number of clusters (cve_ent_mun_super) =      1,119Root MSE       =    16.4433

                        (Std. err. adjusted for 1,119 clusters in cve_ent_mun_super)
------------------------------------------------------------------------------------
                   |               Robust
             emr65 | Coefficient  std. err.      t    P>|t|     [95% conf. interval]
-------------------+----------------------------------------------------------------
lag2_intensity_new |  -5.584124   1.879628    -2.97   0.003     -9.27212   -1.896128
      sp_intensity |   .4795832   1.548233     0.31   0.757    -2.558186    3.517352
                   |
  year#c.inten1999 |
             1991  |   9.712368   4.530465     2.14   0.032     .8231951    18.60154
             1992  |   5.621967   5.657349     0.99   0.321     -5.47825    16.72219
             1993  |   .7568208    5.04243     0.15   0.881     -9.13687    10.65051
             1994  |   .1183274   4.884142     0.02   0.981    -9.464789    9.701444
             1995  |   .5838896   5.016585     0.12   0.907    -9.259093    10.42687
             1996  |   3.900715   5.079066     0.77   0.443    -6.064861    13.86629
             1997  |   10.58721   4.114907     2.57   0.010     2.513401    18.66102
             1998  |   2.106383   4.973839     0.42   0.672    -7.652729    11.86549
             1999  |   .8903799   3.520579     0.25   0.800    -6.017306    7.798066
             2000  |   10.05728   4.441748     2.26   0.024     1.342179    18.77238
             2001  |   13.32499   4.115272     3.24   0.001     5.250464    21.39952
             2002  |   3.561138   3.568175     1.00   0.318    -3.439936    10.56221
             2003  |     4.8466   3.563035     1.36   0.174    -2.144388    11.83759
             2004  |   2.843667   3.558881     0.80   0.424    -4.139171    9.826505
             2005  |   4.635116   3.266324     1.42   0.156    -1.773699    11.04393
             2006  |          0  (omitted)
                   |
  year#c.inten2005 |
             1991  |  -6.638655   5.904721    -1.12   0.261    -18.22424    4.946929
             1992  |  -10.47367   6.669606    -1.57   0.117    -23.56002    2.612686
             1993  |   6.709197   6.250431     1.07   0.283    -5.554699    18.97309
             1994  |   3.073994   5.944961     0.52   0.605    -8.590543    14.73853
             1995  |  -7.934655   5.888286    -1.35   0.178    -19.48799    3.618681
             1996  |  -1.427187   6.074286    -0.23   0.814    -13.34547     10.4911
             1997  |  -11.14519   5.291094    -2.11   0.035    -21.52678   -.7635997
             1998  |   .3740108   5.899746     0.06   0.949    -11.20181    11.94983
             1999  |  -5.496924   4.807301    -1.14   0.253    -14.92927    3.935425
             2000  |  -18.16584   5.033904    -3.61   0.000     -28.0428   -8.288878
             2001  |  -15.10736   4.603443    -3.28   0.001    -24.13972      -6.075
             2002  |  -3.305328   4.194411    -0.79   0.431    -11.53513    4.924477
             2003  |  -2.180011   4.422845    -0.49   0.622    -10.85802       6.498
             2004  |  -4.262972   3.909995    -1.09   0.276    -11.93473    3.408783
             2005  |  -.8691319   3.747033    -0.23   0.817    -8.221141    6.482877
             2006  |          0  (omitted)
                   |
             _cons |   46.31204   2.151004    21.53   0.000     42.09158     50.5325
------------------------------------------------------------------------------------

Absorbed degrees of freedom:
-----------------------------------------------------------+
       Absorbed FE | Categories  - Redundant  = Num. Coefs |
-------------------+---------------------------------------|
 cve_ent_mun_super |      1119        1119           0    *|
              year |        16           1          15     |
-----------------------------------------------------------+
* = FE nested within cluster; treated as redundant for DoF computation
Panel B, uw, row 3: share of BR treatment variation explained = 0.595
(MWFE estimator converged in 4 iterations)

HDFE Linear regression                            Number of obs   =     17,904
Absorbing 2 HDFE groups                           F(   2,   1118) =       5.07
Statistics robust to heteroskedasticity           Prob > F        =     0.0064
                                                  R-squared       =     0.5435
                                                  Adj R-squared   =     0.5126
                                                  Within R-sq.    =     0.0011
Number of clusters (cve_ent_mun_super) =      1,119Root MSE       =     9.1581

                        (Std. err. adjusted for 1,119 clusters in cve_ent_mun_super)
------------------------------------------------------------------------------------
                   |               Robust
             emr65 | Coefficient  std. err.      t    P>|t|     [95% conf. interval]
-------------------+----------------------------------------------------------------
lag2_intensity_new |  -2.725521    .944494    -2.89   0.004    -4.578701   -.8723405
      sp_intensity |  -1.400366   .9464966    -1.48   0.139    -3.257476    .4567432
             _cons |   41.26996   .2654045   155.50   0.000     40.74922    41.79071
------------------------------------------------------------------------------------

Absorbed degrees of freedom:
-----------------------------------------------------------+
       Absorbed FE | Categories  - Redundant  = Num. Coefs |
-------------------+---------------------------------------|
 cve_ent_mun_super |      1119        1119           0    *|
              year |        16           1          15     |
-----------------------------------------------------------+
* = FE nested within cluster; treated as redundant for DoF computation
(MWFE estimator converged in 4 iterations)
note: 2006.year#c.inten1999 omitted because of collinearity

HDFE Linear regression                            Number of obs   =     17,904
Absorbing 2 HDFE groups                           F(  17,   1118) =       1.65
Statistics robust to heteroskedasticity           Prob > F        =     0.0455
                                                  R-squared       =     0.5441
                                                  Adj R-squared   =     0.5128
                                                  Within R-sq.    =     0.0022
Number of clusters (cve_ent_mun_super) =      1,119Root MSE       =     9.1569

                        (Std. err. adjusted for 1,119 clusters in cve_ent_mun_super)
------------------------------------------------------------------------------------
                   |               Robust
             emr65 | Coefficient  std. err.      t    P>|t|     [95% conf. interval]
-------------------+----------------------------------------------------------------
lag2_intensity_new |   -1.51569   1.067177    -1.42   0.156    -3.609586    .5782051
      sp_intensity |  -1.388057   .9633632    -1.44   0.150    -3.278261    .5021462
                   |
  year#c.inten1999 |
             1991  |   3.245772   2.587188     1.25   0.210    -1.830519    8.322063
             1992  |  -.4779672   2.630519    -0.18   0.856    -5.639277    4.683343
             1993  |  -.4565473   2.790164    -0.16   0.870    -5.931096    5.018001
             1994  |   1.050684    2.50347     0.42   0.675    -3.861345    5.962713
             1995  |  -1.162377   2.496602    -0.47   0.642     -6.06093    3.736177
             1996  |   1.086752   2.488666     0.44   0.662    -3.796231    5.969735
             1997  |   2.675376   2.408537     1.11   0.267    -2.050387    7.401138
             1998  |   2.518869   2.518422     1.00   0.317    -2.422497    7.460234
             1999  |  -3.534533   2.232515    -1.58   0.114    -7.914924    .8458586
             2000  |  -1.557488   2.097994    -0.74   0.458    -5.673936    2.558961
             2001  |  -1.396289   2.080179    -0.67   0.502    -5.477784    2.685206
             2002  |  -2.464887   1.973277    -1.25   0.212     -6.33663    1.406856
             2003  |  -2.066566   1.933204    -1.07   0.285    -5.859682     1.72655
             2004  |  -2.403335   1.886928    -1.27   0.203    -6.105654    1.298984
             2005  |  -.2456293   1.707454    -0.14   0.886    -3.595804    3.104545
             2006  |          0  (omitted)
                   |
             _cons |   41.14403   .7517911    54.73   0.000     39.66895    42.61911
------------------------------------------------------------------------------------

Absorbed degrees of freedom:
-----------------------------------------------------------+
       Absorbed FE | Categories  - Redundant  = Num. Coefs |
-------------------+---------------------------------------|
 cve_ent_mun_super |      1119        1119           0    *|
              year |        16           1          15     |
-----------------------------------------------------------+
* = FE nested within cluster; treated as redundant for DoF computation
Panel B, w, row 2: share of BR treatment variation explained = 0.391
(MWFE estimator converged in 4 iterations)
note: 2006.year#c.inten1999 omitted because of collinearity
note: 2006.year#c.inten2005 omitted because of collinearity

HDFE Linear regression                            Number of obs   =     17,904
Absorbing 2 HDFE groups                           F(  32,   1118) =       2.10
Statistics robust to heteroskedasticity           Prob > F        =     0.0004
                                                  R-squared       =     0.5450
                                                  Adj R-squared   =     0.5133
                                                  Within R-sq.    =     0.0043
Number of clusters (cve_ent_mun_super) =      1,119Root MSE       =     9.1517

                        (Std. err. adjusted for 1,119 clusters in cve_ent_mun_super)
------------------------------------------------------------------------------------
                   |               Robust
             emr65 | Coefficient  std. err.      t    P>|t|     [95% conf. interval]
-------------------+----------------------------------------------------------------
lag2_intensity_new |  -1.678144   1.233745    -1.36   0.174    -4.098861    .7425728
      sp_intensity |  -1.412184    .969256    -1.46   0.145    -3.313949     .489582
                   |
  year#c.inten1999 |
             1991  |   5.579782   3.013023     1.85   0.064    -.3320357     11.4916
             1992  |   2.678245   3.181224     0.84   0.400    -3.563597    8.920087
             1993  |  -3.188666   3.338019    -0.96   0.340    -9.738153    3.360821
             1994  |  -1.021643   2.998722    -0.34   0.733      -6.9054    4.862113
             1995  |  -.0913477   3.028574    -0.03   0.976    -6.033676    5.850981
             1996  |   1.254454   2.984846     0.42   0.674    -4.602077    7.110986
             1997  |   3.369012   2.870103     1.17   0.241    -2.262383    9.000407
             1998  |   2.190609   3.026874     0.72   0.469    -3.748385    8.129604
             1999  |  -2.065431   2.695002    -0.77   0.444    -7.353262    3.222401
             2000  |   2.186229   2.792274     0.78   0.434    -3.292459    7.664917
             2001  |   3.107156   2.692512     1.15   0.249    -2.175791    8.390103
             2002  |  -1.820849   2.399092    -0.76   0.448    -6.528078    2.886381
             2003  |  -1.031402   2.285392    -0.45   0.652    -5.515543    3.452739
             2004  |   .7768086   2.346501     0.33   0.741    -3.827234    5.380851
             2005  |   .1677526   2.231661     0.08   0.940    -4.210962    4.546467
             2006  |          0  (omitted)
                   |
  year#c.inten2005 |
             1991  |  -4.407851   3.869881    -1.14   0.255     -12.0009    3.185197
             1992  |  -5.918145   3.845865    -1.54   0.124    -13.46407    1.627781
             1993  |   4.911973   3.994097     1.23   0.219    -2.924797    12.74874
             1994  |   3.692084   3.483401     1.06   0.289    -3.142656    10.52682
             1995  |  -2.079777   3.617234    -0.57   0.565    -9.177109    5.017555
             1996  |    -.42951   3.826856    -0.11   0.911    -7.938139    7.079119
             1997  |  -1.392861   3.435109    -0.41   0.685    -8.132848    5.347127
             1998  |    .457072    3.65616     0.13   0.901    -6.716636     7.63078
             1999  |  -2.727382    3.19857    -0.85   0.394    -9.003258    3.548494
             2000  |  -6.639038   3.109597    -2.14   0.033    -12.74034   -.5377342
             2001  |    -7.9495   3.011727    -2.64   0.008    -13.85877   -2.040226
             2002  |  -1.103378   2.786587    -0.40   0.692    -6.570907    4.364151
             2003  |  -1.851339    2.67715    -0.69   0.489    -7.104144    3.401466
             2004  |   -5.65871   2.555203    -2.21   0.027    -10.67224   -.6451758
             2005  |  -.7202852   2.565634    -0.28   0.779    -5.754286    4.313716
             2006  |          0  (omitted)
                   |
             _cons |   42.06952   1.371305    30.68   0.000      39.3789    44.76014
------------------------------------------------------------------------------------

Absorbed degrees of freedom:
-----------------------------------------------------------+
       Absorbed FE | Categories  - Redundant  = Num. Coefs |
-------------------+---------------------------------------|
 cve_ent_mun_super |      1119        1119           0    *|
              year |        16           1          15     |
-----------------------------------------------------------+
* = FE nested within cluster; treated as redundant for DoF computation
Panel B, w, row 3: share of BR treatment variation explained = 0.636

. 
. cap file close brl

. file open brl using "$tables/appendix/AT_br_leftover.tex", write replace

. file write brl "\begin{tabular}{lcc} \hline \hline" _n

. file write brl " & Unweighted & Weighted \\ " _n

. file write brl " & (1) & (2) \\ \toprule" _n

. foreach pnl in A B {
  2.         if "`pnl'" == "A" {
  3.                 file write brl "\underline{\textit{Panel A: Barham and Rowberry sample (1998--1999 ent
> rants), 1992--2002}} \\ " _n
  4.         }
  5.         else {
  6.                 file write brl "  & & \\ " _n
  7.                 file write brl "\underline{\textit{Panel B: Highly marginalized municipalities, 1991--
> 2006}} \\ " _n
  8.         }
  9.         file write brl "\textit{BR treatment}, fixed effects only & `b_`pnl'_uw_1' & `b_`pnl'_w_1' \\ 
> " _n
 10.         file write brl " & (`se_`pnl'_uw_1') & (`se_`pnl'_w_1') \\ " _n
 11.         file write brl "\quad + Intensity 1999 x year & `b_`pnl'_uw_2' & `b_`pnl'_w_2' \\ " _n
 12.         file write brl " & (`se_`pnl'_uw_2') & (`se_`pnl'_w_2') \\ " _n
 13.         file write brl "\quad + Intensity 2005 x year & `b_`pnl'_uw_3' & `b_`pnl'_w_3' \\ " _n
 14.         file write brl " & (`se_`pnl'_uw_3') & (`se_`pnl'_w_3') \\ " _n
 15.         if "`pnl'" == "A" {
 16.                 file write brl "  & & \\ " _n
 17.                 file write brl "Intensity 1999 x year and, in addition: & & \\ " _n
 18.                 file write brl "\quad Entry cohort x year (1998 vs. 1999) & `b_`pnl'_uw_4' & `b_`pnl'_
> w_4' \\ " _n
 19.                 file write brl " & (`se_`pnl'_uw_4') & (`se_`pnl'_w_4') \\ " _n
 20.                 file write brl "\quad Intensity 1998 x year (left: 2002 value = Intensity 2000) & `b_`
> pnl'_uw_5' & `b_`pnl'_w_5' \\ " _n
 21.                 file write brl " & (`se_`pnl'_uw_5') & (`se_`pnl'_w_5') \\ " _n
 22.                 file write brl "\quad Intensity 2000 x year (left: 2000 value = Intensity 1998) & `b_`
> pnl'_uw_6' & `b_`pnl'_w_6' \\ " _n
 23.                 file write brl " & (`se_`pnl'_uw_6') & (`se_`pnl'_w_6') \\ " _n
 24.         }
 25.         file write brl "  & & \\ " _n
 26.         file write brl "Share of BR treatment variation explained by: & & \\ " _n
 27.         file write brl "\quad Intensity 1999 x year & `r2_`pnl'_uw_2' & `r2_`pnl'_w_2' \\ " _n
 28.         file write brl "\quad Intensity 1999 and 2005 x year & `r2_`pnl'_uw_3' & `r2_`pnl'_w_3' \\ " _
> n
 29.         if "`pnl'" == "A" {
 30.                 file write brl "\quad Intensity 1999 and entry cohort x year & `r2_`pnl'_uw_4' & `r2_`
> pnl'_w_4' \\ " _n
 31.                 file write brl "\quad Intensity 1999 and 1998 x year & `r2_`pnl'_uw_5' & `r2_`pnl'_w_5
> ' \\ " _n
 32.                 file write brl "\quad Intensity 1999 and 2000 x year & `r2_`pnl'_uw_6' & `r2_`pnl'_w_6
> ' \\ " _n
 33.         }
 34.         file write brl "Observations & `N_`pnl'_uw' & `N_`pnl'_w' \\ " _n
 35.         file write brl "No. Mun & `M_`pnl'_uw' & `M_`pnl'_w' \\ " _n
 36. }

. file write brl "\bottomrule" _n

. file write brl "\end{tabular}"

. file close brl

. if "$repo_tables" != "" copy "$tables/appendix/AT_br_leftover.tex" "$repo_tables/appendix/AT_br_leftover.
> tex", replace

. di "Table exported to: $tables/appendix/AT_br_leftover.tex"
Table exported to: C:\Users\FELIPEME\Dropbox\Aplicaciones\Overleaf\progresa_cct\tables/appendix/AT_br_lefto
> ver.tex

. 
. *------------------------------------------------------------
. * (4) Panel A of (3) as paired binned scatters, with the same bins and
. * axes: mortality vs. BR's treatment, both residualized on (fe) the
. * fixed effects only -- slope = row 1 -- and on (i99) the fixed effects
. * plus Intensity_1999 x year -- slope = row 2. The horizontal spread
. * shrinking from (fe) to (i99) shows how much of BR's variation our
. * design shares. 20 quantile bins of the residualized treatment; circle
. * area = mean population 65+ in the bin. Two further diagnostics, run on
. * the same residualized variables inside the loop below:
. *   (4b) af:br_trim -- the same two slopes after trimming 0/1/2/3/5/10%
. *        from each tail of the residualized treatment: AF_br_trim_uw/w
. *   (4c) af:br_size -- the same two slopes within terciles of
. *        municipality size (mean population 65+, 1992-96) and overall:
. *        AF_br_size_uw/w
. *------------------------------------------------------------
. use `cdid_panel', clear

. quietly keep if $sample_br & inrange(year, 1992, 2002)

. quietly keep if !missing(emr65, lag2_intensity_new, inten1999, inten2005, popover65_)

. foreach wt in uw w {
  2.         local aw ""
  3.         if "`wt'" == "w" local aw "[aw=popover65_]"
  4.         quietly gen double __ww = 1
  5.         if "`wt'" == "w" quietly replace __ww = popover65_
  6. 
.         quietly reghdfe emr65 `aw', a(cve_ent_mun_super year) residuals(__y_fe)
  7.         quietly reghdfe lag2_intensity_new `aw', a(cve_ent_mun_super year) residuals(__x_fe)
  8.         quietly reghdfe emr65 c.inten1999#i.year `aw', a(cve_ent_mun_super year) residuals(__y_i99)
  9.         quietly reghdfe lag2_intensity_new c.inten1999#i.year `aw', a(cve_ent_mun_super year) residual
> s(__x_i99)
 10. 
.         * slopes and clustered SEs, identical to (3), Panel A, rows 1-2
.         quietly reghdfe emr65 lag2_intensity_new `aw', ///
>                 a(cve_ent_mun_super year) vce(cluster cve_ent_mun_super)
 11.         local s_fe  = _b[lag2_intensity_new]
 12.         local b_fe  = trim(string(_b[lag2_intensity_new], "%9.2f"))
 13.         local se_fe = trim(string(_se[lag2_intensity_new], "%9.2f"))
 14.         quietly reghdfe emr65 lag2_intensity_new c.inten1999#i.year `aw', ///
>                 a(cve_ent_mun_super year) vce(cluster cve_ent_mun_super)
 15.         local s_i99  = _b[lag2_intensity_new]
 16.         local b_i99  = trim(string(_b[lag2_intensity_new], "%9.2f"))
 17.         local se_i99 = trim(string(_se[lag2_intensity_new], "%9.2f"))
 18. 
.         foreach s in fe i99 {
 19.                 quietly xtile __q_`s' = __x_`s' `aw', nquantiles(20)
 20.                 quietly gen double __wy_`s' = __y_`s' * __ww
 21.                 quietly gen double __wx_`s' = __x_`s' * __ww
 22.                 bysort __q_`s': egen double __sw_`s'  = total(__ww)
 23.                 bysort __q_`s': egen double __swy_`s' = total(__wy_`s')
 24.                 bysort __q_`s': egen double __swx_`s' = total(__wx_`s')
 25.                 bysort __q_`s': egen double __mp_`s'  = mean(popover65_)
 26.                 bysort __q_`s': gen byte __f_`s' = (_n == 1)
 27.                 quietly gen double __by_`s' = __swy_`s' / __sw_`s'
 28.                 quietly gen double __bx_`s' = __swx_`s' / __sw_`s'
 29.         }
 30. 
.         * common axis ranges, so the shrinking spread is visible
.         quietly summarize __bx_fe if __f_fe
 31.         local xlo = r(min)
 32.         local xhi = r(max)
 33.         quietly summarize __bx_i99 if __f_i99
 34.         local xlo = min(`xlo', r(min))
 35.         local xhi = max(`xhi', r(max))
 36.         quietly summarize __by_fe if __f_fe
 37.         local ylo = r(min)
 38.         local yhi = r(max)
 39.         quietly summarize __by_i99 if __f_i99
 40.         local ylo = min(`ylo', r(min))
 41.         local yhi = max(`yhi', r(max))
 42. 
.         foreach s in fe i99 {
 43.                 if "`s'" == "fe" local xt "BR treatment, net of municipality and year fixed effects"
 44.                 else             local xt "BR treatment, also net of Intensity 1999 x year"
 45.                 twoway ///
>                         (scatter __by_`s' __bx_`s' [aw=__mp_`s'] if __f_`s', msymbol(Oh) mcolor(black) ml
> width(thin)) ///
>                         (function y = `s_`s'' * x, range(`xlo' `xhi') lcolor(maroon) lwidth(medthick)), /
> //
>                         xscale(range(`xlo' `xhi')) yscale(range(`ylo' `yhi')) ///
>                         xline(0, lcolor(gs12)) yline(0, lcolor(gs12)) ///
>                         ylabel(, labsize(small) angle(0) glcolor(gs15)) ///
>                         xlabel(, labsize(small)) ///
>                         xtitle("`xt'", size(small)) ///
>                         ytitle("Mortality rate 65+, residualized", size(small)) ///
>                         legend(order(1 "Binned means (20 quantiles; area = population 65+)" 2 "Slope `b_`
> s'' (`se_`s'')") ///
>                                 size(vsmall) rows(1) position(6) ring(1) region(lcolor(white))) ///
>                         graphregion(color(white))
 46.                 graph export "$figures/appendix/AF_br_leftover_`s'_`wt'.pdf", as(pdf) replace
 47.                 if "$repo_figures" != "" graph export "$repo_figures/appendix/AF_br_leftover_`s'_`wt'.
> pdf", as(pdf) replace
 48.                 di "Figure exported to: $figures/appendix/AF_br_leftover_`s'_`wt'.pdf"
 49.         }
 50. 
.         * (4b) trim the tails of the residualized treatment, re-estimate.
.         * Each spec trims on its own residualized treatment (__x_fe, __x_i99);
.         * 0% reproduces the slopes above.
.         local tlist "0 1 2 3 5 10"
 51.         local nt : word count `tlist'
 52.         foreach s in fe i99 {
 53.                 local ctl ""
 54.                 if "`s'" == "i99" local ctl "c.inten1999#i.year"
 55.                 forvalues i = 1/`nt' {
 56.                         local t : word `i' of `tlist'
 57.                         local lo = -1e12
 58.                         local hi =  1e12
 59.                         if `t' > 0 {
 60.                                 quietly _pctile __x_`s' `aw', p(`t' `=100-`t'')
 61.                                 local lo = r(r1)
 62.                                 local hi = r(r2)
 63.                         }
 64.                         quietly reghdfe emr65 lag2_intensity_new `ctl' `aw' if inrange(__x_`s', `lo', 
> `hi'), ///
>                                 a(cve_ent_mun_super year) vce(cluster cve_ent_mun_super)
 65.                         local tb_`s'_`i' = _b[lag2_intensity_new]
 66.                         local tl_`s'_`i' = _b[lag2_intensity_new] - 1.96 * _se[lag2_intensity_new]
 67.                         local th_`s'_`i' = _b[lag2_intensity_new] + 1.96 * _se[lag2_intensity_new]
 68.                 }
 69.         }
 70.         preserve
 71.         clear
 72.         quietly set obs `nt'
 73.         quietly gen byte k = _n
 74.         foreach s in fe i99 {
 75.                 quietly gen double b_`s' = .
 76.                 quietly gen double l_`s' = .
 77.                 quietly gen double h_`s' = .
 78.                 forvalues i = 1/`nt' {
 79.                         quietly replace b_`s' = `tb_`s'_`i'' in `i'
 80.                         quietly replace l_`s' = `tl_`s'_`i'' in `i'
 81.                         quietly replace h_`s' = `th_`s'_`i'' in `i'
 82.                 }
 83.         }
 84.         quietly gen double k_fe  = k - 0.1
 85.         quietly gen double k_i99 = k + 0.1
 86.         local tlab ""
 87.         forvalues i = 1/`nt' {
 88.                 local t : word `i' of `tlist'
 89.                 local tlab `"`tlab' `i' "`t'%""'
 90.         }
 91.         twoway ///
>                 (rcap l_fe h_fe k_fe, lcolor(navy%60)) ///
>                 (connected b_fe k_fe, mcolor(navy) lcolor(navy) msymbol(O)) ///
>                 (rcap l_i99 h_i99 k_i99, lcolor(maroon%60)) ///
>                 (connected b_i99 k_i99, mcolor(maroon) lcolor(maroon) msymbol(D) lpattern(dash)), ///
>                 yline(0, lcolor(gs12)) ///
>                 xscale(range(0.5 `=`nt'+0.5')) xlabel(`tlab', labsize(small)) ///
>                 ylabel(, labsize(small) angle(0) glcolor(gs15)) ///
>                 xtitle("Share trimmed from each tail of the residualized treatment", size(small)) ///
>                 ytitle("Coefficient on BR treatment (95% CI)", size(small)) ///
>                 legend(order(2 "Net of municipality and year fixed effects" ///
>                         4 "Also net of Intensity 1999 x year") size(vsmall) rows(1) position(6) ring(1) r
> egion(lcolor(white))) ///
>                 graphregion(color(white))
 92.         graph export "$figures/appendix/AF_br_trim_`wt'.pdf", as(pdf) replace
 93.         if "$repo_figures" != "" graph export "$repo_figures/appendix/AF_br_trim_`wt'.pdf", as(pdf) re
> place
 94.         di "Figure exported to: $figures/appendix/AF_br_trim_`wt'.pdf"
 95.         restore
 96. 
.         * (4c) the same two regressions within terciles of municipality size
.         * (mean population 65+ over 1992-96), then in the whole sample
.         bysort cve_ent_mun_super: egen double __sz = mean(cond(year <= 1996, popover65_, .))
 97.         egen byte __tag = tag(cve_ent_mun_super)
 98.         quietly xtile __szt = __sz if __tag, nquantiles(3)
 99.         bysort cve_ent_mun_super: egen byte __terc = max(__szt)
100.         local slab ""
101.         forvalues k = 1/4 {
102.                 local cond "if __terc == `k'"
103.                 if `k' == 4 local cond ""
104.                 if `k' < 4 {
105.                         quietly summarize __sz if __tag & __terc == `k'
106.                         local mp`k' = trim(string(r(mean), "%9.0fc"))
107.                         local nm : word `k' of Small Medium Large
108.                         local slab `slab' `k' "`nm'"
109.                 }
110.                 else local slab `slab' 4 "All"
111.                 foreach s in fe i99 {
112.                         local ctl ""
113.                         if "`s'" == "i99" local ctl "c.inten1999#i.year"
114.                         quietly reghdfe emr65 lag2_intensity_new `ctl' `aw' `cond', ///
>                                 a(cve_ent_mun_super year) vce(cluster cve_ent_mun_super)
115.                         local sb_`s'_`k' = _b[lag2_intensity_new]
116.                         local sl_`s'_`k' = _b[lag2_intensity_new] - 1.96 * _se[lag2_intensity_new]
117.                         local sh_`s'_`k' = _b[lag2_intensity_new] + 1.96 * _se[lag2_intensity_new]
118.                 }
119.         }
120.         preserve
121.         clear
122.         quietly set obs 4
123.         quietly gen byte k = _n
124.         foreach s in fe i99 {
125.                 quietly gen double b_`s' = .
126.                 quietly gen double l_`s' = .
127.                 quietly gen double h_`s' = .
128.                 forvalues k = 1/4 {
129.                         quietly replace b_`s' = `sb_`s'_`k'' in `k'
130.                         quietly replace l_`s' = `sl_`s'_`k'' in `k'
131.                         quietly replace h_`s' = `sh_`s'_`k'' in `k'
132.                 }
133.         }
134.         quietly gen double k_fe  = k - 0.1
135.         quietly gen double k_i99 = k + 0.1
136.         twoway ///
>                 (rcap l_fe h_fe k_fe, lcolor(navy%60)) ///
>                 (scatter b_fe k_fe, mcolor(navy) msymbol(O)) ///
>                 (rcap l_i99 h_i99 k_i99, lcolor(maroon%60)) ///
>                 (scatter b_i99 k_i99, mcolor(maroon) msymbol(D)), ///
>                 yline(0, lcolor(gs12)) ///
>                 xscale(range(0.5 4.5)) xlabel(`slab', labsize(small)) ///
>                 ylabel(, labsize(small) angle(0) glcolor(gs15)) ///
>                 xtitle("Size tercile (mean population 65+, 1992-96: `mp1', `mp2', `mp3')", size(small)) /
> //
>                 ytitle("Coefficient on BR treatment (95% CI)", size(small)) ///
>                 legend(order(2 "Net of municipality and year fixed effects" ///
>                         4 "Also net of Intensity 1999 x year") size(vsmall) rows(1) position(6) ring(1) r
> egion(lcolor(white))) ///
>                 graphregion(color(white))
137.         graph export "$figures/appendix/AF_br_size_`wt'.pdf", as(pdf) replace
138.         if "$repo_figures" != "" graph export "$repo_figures/appendix/AF_br_size_`wt'.pdf", as(pdf) re
> place
139.         di "Figure exported to: $figures/appendix/AF_br_size_`wt'.pdf"
140.         restore
141.         drop __*
142. }
file
    C:\Users\FELIPEME\Dropbox\Aplicaciones\Overleaf\progresa_cct\figures/appendix/AF_br_leftover_fe_uw.pd
    > f saved as PDF format
file C:\Users\FELIPEME\Documents\projects\progresa_mortality\figures/appendix/AF_br_leftover_fe_uw.pdf
    saved as PDF format
Figure exported to: C:\Users\FELIPEME\Dropbox\Aplicaciones\Overleaf\progresa_cct\figures/appendix/AF_br_lef
> tover_fe_uw.pdf
file
    C:\Users\FELIPEME\Dropbox\Aplicaciones\Overleaf\progresa_cct\figures/appendix/AF_br_leftover_i99_uw.p
    > df saved as PDF format
file C:\Users\FELIPEME\Documents\projects\progresa_mortality\figures/appendix/AF_br_leftover_i99_uw.pdf
    saved as PDF format
Figure exported to: C:\Users\FELIPEME\Dropbox\Aplicaciones\Overleaf\progresa_cct\figures/appendix/AF_br_lef
> tover_i99_uw.pdf
file C:\Users\FELIPEME\Dropbox\Aplicaciones\Overleaf\progresa_cct\figures/appendix/AF_br_trim_uw.pdf
    saved as PDF format
file C:\Users\FELIPEME\Documents\projects\progresa_mortality\figures/appendix/AF_br_trim_uw.pdf saved as
    PDF format
Figure exported to: C:\Users\FELIPEME\Dropbox\Aplicaciones\Overleaf\progresa_cct\figures/appendix/AF_br_tri
> m_uw.pdf
file C:\Users\FELIPEME\Dropbox\Aplicaciones\Overleaf\progresa_cct\figures/appendix/AF_br_size_uw.pdf
    saved as PDF format
file C:\Users\FELIPEME\Documents\projects\progresa_mortality\figures/appendix/AF_br_size_uw.pdf saved as
    PDF format
Figure exported to: C:\Users\FELIPEME\Dropbox\Aplicaciones\Overleaf\progresa_cct\figures/appendix/AF_br_siz
> e_uw.pdf
file
    C:\Users\FELIPEME\Dropbox\Aplicaciones\Overleaf\progresa_cct\figures/appendix/AF_br_leftover_fe_w.pdf
    saved as PDF format
file C:\Users\FELIPEME\Documents\projects\progresa_mortality\figures/appendix/AF_br_leftover_fe_w.pdf
    saved as PDF format
Figure exported to: C:\Users\FELIPEME\Dropbox\Aplicaciones\Overleaf\progresa_cct\figures/appendix/AF_br_lef
> tover_fe_w.pdf
file
    C:\Users\FELIPEME\Dropbox\Aplicaciones\Overleaf\progresa_cct\figures/appendix/AF_br_leftover_i99_w.pd
    > f saved as PDF format
file C:\Users\FELIPEME\Documents\projects\progresa_mortality\figures/appendix/AF_br_leftover_i99_w.pdf
    saved as PDF format
Figure exported to: C:\Users\FELIPEME\Dropbox\Aplicaciones\Overleaf\progresa_cct\figures/appendix/AF_br_lef
> tover_i99_w.pdf
file C:\Users\FELIPEME\Dropbox\Aplicaciones\Overleaf\progresa_cct\figures/appendix/AF_br_trim_w.pdf saved
    as PDF format
file C:\Users\FELIPEME\Documents\projects\progresa_mortality\figures/appendix/AF_br_trim_w.pdf saved as
    PDF format
Figure exported to: C:\Users\FELIPEME\Dropbox\Aplicaciones\Overleaf\progresa_cct\figures/appendix/AF_br_tri
> m_w.pdf
file C:\Users\FELIPEME\Dropbox\Aplicaciones\Overleaf\progresa_cct\figures/appendix/AF_br_size_w.pdf saved
    as PDF format
file C:\Users\FELIPEME\Documents\projects\progresa_mortality\figures/appendix/AF_br_size_w.pdf saved as
    PDF format
Figure exported to: C:\Users\FELIPEME\Dropbox\Aplicaciones\Overleaf\progresa_cct\figures/appendix/AF_br_siz
> e_w.pdf

. 
. *------------------------------------------------------------
. * (5) BR's own cloud, in the slides' style: each BR municipality's
. * change in mortality from 1992-99 (when BR's treatment is 0) to
. * 2000-02, against its mean BR treatment over 2000-02 (= mean intensity
. * 1998-2000). A two-period approximation of BR's regression, for
. * intuition; (3) and (4) are the exact versions.
. *------------------------------------------------------------
. use `cdid_panel', clear

. quietly keep if $sample_br & inrange(year, 1992, 2002)

. bysort cve_ent_mun_super: egen double mr_br_post = mean(cond(year >= 2000, emr65, .))

. bysort cve_ent_mun_super: egen double mr_br_pre  = mean(cond(year <= 1999, emr65, .))

. bysort cve_ent_mun_super: egen double dose_br    = mean(cond(year >= 2000, lag2_intensity_new, .))

. bysort cve_ent_mun_super: egen double w65_br     = mean(cond(year <= 1999, popover65_, .))

. egen byte __one = tag(cve_ent_mun_super)

. keep if __one
(14,220 observations deleted)

. gen double d_br = mr_br_post - mr_br_pre

. 
. cloud_plot d_br dose_br w65_br 0 "AF_cloud_br_uw" ///
>         "BR treatment: mean lagged intensity, 2000-2002" ///
>         "Change in mortality rate 65+, 2000-2002 vs. 1992-1999" 1
file C:\Users\FELIPEME\Dropbox\Aplicaciones\Overleaf\progresa_cct\figures/appendix/AF_cloud_br_uw.pdf
    saved as PDF format
file C:\Users\FELIPEME\Documents\projects\progresa_mortality\figures/appendix/AF_cloud_br_uw.pdf saved as
    PDF format
Figure exported to: C:\Users\FELIPEME\Dropbox\Aplicaciones\Overleaf\progresa_cct\figures/appendix/AF_cloud_
> br_uw.pdf

. cloud_plot d_br dose_br w65_br 1 "AF_cloud_br_w" ///
>         "BR treatment: mean lagged intensity, 2000-2002" ///
>         "Change in mortality rate 65+, 2000-2002 vs. 1992-1999" 1
file C:\Users\FELIPEME\Dropbox\Aplicaciones\Overleaf\progresa_cct\figures/appendix/AF_cloud_br_w.pdf
    saved as PDF format
file C:\Users\FELIPEME\Documents\projects\progresa_mortality\figures/appendix/AF_cloud_br_w.pdf saved as
    PDF format
Figure exported to: C:\Users\FELIPEME\Dropbox\Aplicaciones\Overleaf\progresa_cct\figures/appendix/AF_cloud_
> br_w.pdf

. 
. *------------------------------------------------------------
. * (6) Event study of the "timing piece" of BR's leftover (see (3)):
. * mortality on fixed effects, Intensity_1999 x year, and
. * Intensity_1998 x year (or, in a separate regression, Intensity_2000 x
. * year), reference year 1999. BR's treatment in 2000 is Intensity_1998
. * and in 2002 Intensity_2000, so the 2000 coefficient on Intensity_1998
. * is the timing contrast in BR's leftover; the coefficients for
. * 1992-1998 are placebos (BR's treatment is zero then). Likewise for
. * Intensity_2000 in 2002 (the growth piece). Files: AF_br_timing_uw/w.
. *------------------------------------------------------------
. use `cdid_panel', clear

. quietly keep if $sample_br & inrange(year, 1992, 2002)

. quietly keep if !missing(emr65, lag2_intensity_new, inten1999, inten2005, popover65_)

. quietly count if missing(inten1998, inten2000)

. di "`r(N)' observations with missing Intensity 1998 or 2000 (dropped from the regressions below)"
0 observations with missing Intensity 1998 or 2000 (dropped from the regressions below)

. * Intensity x year terms built by hand, leaving out 1999, so that 1999 is
. * the reference year. (With ib1999.year#c.x Stata keeps every year of a
. * factor-by-continuous interaction, the municipality fixed effects then
. * make one year redundant, and reghdfe dropped 2002 instead of 1999.)
. foreach v in 1998 2000 {
  2.         forvalues t = 1992/2002 {
  3.                 if `t' != 1999 quietly gen double __e`v'_`t' = inten`v' * (year == `t')
  4.         }
  5. }

. foreach wt in uw w {
  2.         local aw ""
  3.         if "`wt'" == "w" local aw "[aw=popover65_]"
  4.         foreach v in 1998 2000 {
  5.                 quietly reghdfe emr65 __e`v'_* c.inten1999#i.year `aw', ///
>                         a(cve_ent_mun_super year) vce(cluster cve_ent_mun_super)
  6.                 forvalues t = 1992/2002 {
  7.                         if `t' == 1999 {
  8.                                 local eb`v'_`t' = 0
  9.                                 local el`v'_`t' = 0
 10.                                 local eh`v'_`t' = 0
 11.                         }
 12.                         else {
 13.                                 if _se[__e`v'_`t'] == 0 di as error "WARNING: Intensity `v' x `t' omit
> ted (`wt')"
 14.                                 local eb`v'_`t' = _b[__e`v'_`t']
 15.                                 local el`v'_`t' = _b[__e`v'_`t'] - 1.96 * _se[__e`v'_`t']
 16.                                 local eh`v'_`t' = _b[__e`v'_`t'] + 1.96 * _se[__e`v'_`t']
 17.                         }
 18.                 }
 19.         }
 20.         preserve
 21.         clear
 22.         quietly set obs 11
 23.         quietly gen int year = 1991 + _n
 24.         foreach v in 1998 2000 {
 25.                 quietly gen double b_`v' = .
 26.                 quietly gen double l_`v' = .
 27.                 quietly gen double h_`v' = .
 28.                 forvalues t = 1992/2002 {
 29.                         quietly replace b_`v' = `eb`v'_`t'' if year == `t'
 30.                         quietly replace l_`v' = `el`v'_`t'' if year == `t'
 31.                         quietly replace h_`v' = `eh`v'_`t'' if year == `t'
 32.                 }
 33.         }
 34.         quietly gen double x_1998 = year - 0.1
 35.         quietly gen double x_2000 = year + 0.1
 36.         twoway ///
>                 (rcap l_1998 h_1998 x_1998, lcolor(navy%60)) ///
>                 (connected b_1998 x_1998, mcolor(navy) lcolor(navy) msymbol(O)) ///
>                 (rcap l_2000 h_2000 x_2000, lcolor(maroon%60)) ///
>                 (connected b_2000 x_2000, mcolor(maroon) lcolor(maroon) msymbol(D) lpattern(dash)), ///
>                 yline(0, lcolor(gs12)) xline(1999.5, lcolor(gs10) lpattern(shortdash)) ///
>                 xlabel(1992(1)2002, labsize(small)) ///
>                 ylabel(, labsize(small) angle(0) glcolor(gs15)) ///
>                 xtitle("Year (reference: 1999; BR treatment is nonzero from 2000)", size(small)) ///
>                 ytitle("Coefficient on Intensity x year (95% CI)", size(small)) ///
>                 legend(order(2 "Intensity 1998 (timing piece)" 4 "Intensity 2000 (growth piece)") ///
>                         size(vsmall) rows(1) position(6) ring(1) region(lcolor(white))) ///
>                 graphregion(color(white))
 37.         graph export "$figures/appendix/AF_br_timing_`wt'.pdf", as(pdf) replace
 38.         if "$repo_figures" != "" graph export "$repo_figures/appendix/AF_br_timing_`wt'.pdf", as(pdf) 
> replace
 39.         di "Figure exported to: $figures/appendix/AF_br_timing_`wt'.pdf"
 40.         restore
 41. }
file C:\Users\FELIPEME\Dropbox\Aplicaciones\Overleaf\progresa_cct\figures/appendix/AF_br_timing_uw.pdf
    saved as PDF format
file C:\Users\FELIPEME\Documents\projects\progresa_mortality\figures/appendix/AF_br_timing_uw.pdf saved
    as PDF format
Figure exported to: C:\Users\FELIPEME\Dropbox\Aplicaciones\Overleaf\progresa_cct\figures/appendix/AF_br_tim
> ing_uw.pdf
file C:\Users\FELIPEME\Dropbox\Aplicaciones\Overleaf\progresa_cct\figures/appendix/AF_br_timing_w.pdf
    saved as PDF format
file C:\Users\FELIPEME\Documents\projects\progresa_mortality\figures/appendix/AF_br_timing_w.pdf saved as
    PDF format
Figure exported to: C:\Users\FELIPEME\Dropbox\Aplicaciones\Overleaf\progresa_cct\figures/appendix/AF_br_tim
> ing_w.pdf

. 
. *------------------------------------------------------------
. * (7) Rows 1, 2 and 4-6 of (3), Panel A, within terciles of municipality
. * size (mean population 65+ over 1992-96, same terciles as af:br_size):
. * AT_br_leftover_size.tex. Shares are the partial within-R2 of BR's
. * treatment on the terms listed, as in (3).
. *------------------------------------------------------------
. use `cdid_panel', clear

. quietly keep if $sample_br & inrange(year, 1992, 2002)

. quietly keep if !missing(emr65, lag2_intensity_new, inten1999, inten2005, popover65_)

. bysort cve_ent_mun_super: egen double __sz = mean(cond(year <= 1996, popover65_, .))

. egen byte __tag = tag(cve_ent_mun_super)

. quietly xtile __szt = __sz if __tag, nquantiles(3)

. bysort cve_ent_mun_super: egen byte __terc = max(__szt)

. forvalues k = 1/3 {
  2.         quietly summarize __sz if __tag & __terc == `k'
  3.         local mp`k' = trim(string(r(mean), "%9.0fc"))
  4. }

. local ctl1 ""

. local ctl2 "c.inten1999#i.year"

. local ctl4 "c.inten1999#i.year i.inten_start_year#i.year"

. local ctl5 "c.inten1999#i.year c.inten1998#i.year"

. local ctl6 "c.inten1999#i.year c.inten2000#i.year"

. foreach wt in uw w {
  2.         local aw ""
  3.         if "`wt'" == "w" local aw "[aw=popover65_]"
  4.         forvalues k = 1/3 {
  5.                 foreach r in 1 2 4 5 6 {
  6.                         reghdfe emr65 lag2_intensity_new `ctl`r'' `aw' if __terc == `k', ///
>                                 a(cve_ent_mun_super year) vce(cluster cve_ent_mun_super)
  7.                         local t = abs(_b[lag2_intensity_new] / _se[lag2_intensity_new])
  8.                         local st ""
  9.                         if `t' >= 1.645 local st "*"
 10.                         if `t' >= 1.960 local st "**"
 11.                         if `t' >= 2.576 local st "***"
 12.                         local zb_`wt'_`k'_`r' = trim(string(_b[lag2_intensity_new], "%9.3f")) + "`st'"
 13.                         local zs_`wt'_`k'_`r' = trim(string(_se[lag2_intensity_new], "%9.3f"))
 14.                         if `r' == 1 {
 15.                                 local zN_`wt'_`k' = trim(string(e(N), "%12.0fc"))
 16.                                 tempvar tg
 17.                                 quietly egen `tg' = tag(cve_ent_mun_super) if e(sample)
 18.                                 quietly count if `tg' == 1
 19.                                 local zM_`wt'_`k' = trim(string(r(N), "%12.0fc"))
 20.                                 drop `tg'
 21.                         }
 22.                         else {
 23.                                 quietly reghdfe lag2_intensity_new `ctl`r'' `aw' if __terc == `k', a(c
> ve_ent_mun_super year)
 24.                                 local zr_`wt'_`k'_`r' = trim(string(e(r2_within), "%9.3f"))
 25.                         }
 26.                 }
 27.         }
 28. }
(MWFE estimator converged in 2 iterations)

HDFE Linear regression                            Number of obs   =      5,214
Absorbing 2 HDFE groups                           F(   1,    473) =       9.31
Statistics robust to heteroskedasticity           Prob > F        =     0.0024
                                                  R-squared       =     0.2565
                                                  Adj R-squared   =     0.1804
                                                  Within R-sq.    =     0.0017
Number of clusters (cve_ent_mun_super) =        474Root MSE       =    21.7058

                          (Std. err. adjusted for 474 clusters in cve_ent_mun_super)
------------------------------------------------------------------------------------
                   |               Robust
             emr65 | Coefficient  std. err.      t    P>|t|     [95% conf. interval]
-------------------+----------------------------------------------------------------
lag2_intensity_new |  -7.691085   2.521257    -3.05   0.002    -12.64533   -2.736835
             _cons |   47.86912   .2837732   168.69   0.000     47.31151    48.42674
------------------------------------------------------------------------------------

Absorbed degrees of freedom:
-----------------------------------------------------------+
       Absorbed FE | Categories  - Redundant  = Num. Coefs |
-------------------+---------------------------------------|
 cve_ent_mun_super |       474         474           0    *|
              year |        11           1          10     |
-----------------------------------------------------------+
* = FE nested within cluster; treated as redundant for DoF computation
(MWFE estimator converged in 2 iterations)
note: 2002.year#c.inten1999 omitted because of collinearity

HDFE Linear regression                            Number of obs   =      5,214
Absorbing 2 HDFE groups                           F(  11,    473) =       1.63
Statistics robust to heteroskedasticity           Prob > F        =     0.0863
                                                  R-squared       =     0.2577
                                                  Adj R-squared   =     0.1800
                                                  Within R-sq.    =     0.0033
Number of clusters (cve_ent_mun_super) =        474Root MSE       =    21.7121

                          (Std. err. adjusted for 474 clusters in cve_ent_mun_super)
------------------------------------------------------------------------------------
                   |               Robust
             emr65 | Coefficient  std. err.      t    P>|t|     [95% conf. interval]
-------------------+----------------------------------------------------------------
lag2_intensity_new |   -12.1324   3.433136    -3.53   0.000    -18.87848   -5.386313
                   |
  year#c.inten1999 |
             1992  |  -8.830259    7.52984    -1.17   0.242    -23.62633    5.965817
             1993  |  -1.527644   6.982736    -0.22   0.827    -15.24866    12.19338
             1994  |   -8.84333   6.758617    -1.31   0.191    -22.12396    4.437298
             1995  |  -9.872097   7.221351    -1.37   0.172    -24.06199    4.317799
             1996  |   .3322466   6.808975     0.05   0.961    -13.04734    13.71183
             1997  |  -7.953997   6.785219    -1.17   0.242     -21.2869    5.378903
             1998  |  -5.446482   7.434037    -0.73   0.464    -20.05431    9.161341
             1999  |  -4.994305   6.132604    -0.81   0.416    -17.04482    7.056213
             2000  |   .0929212   5.443805     0.02   0.986    -10.60411    10.78996
             2001  |   3.394703   5.383902     0.63   0.529    -7.184621    13.97403
             2002  |          0  (omitted)
                   |
             _cons |    50.2084   2.329335    21.55   0.000     45.63128    54.78553
------------------------------------------------------------------------------------

Absorbed degrees of freedom:
-----------------------------------------------------------+
       Absorbed FE | Categories  - Redundant  = Num. Coefs |
-------------------+---------------------------------------|
 cve_ent_mun_super |       474         474           0    *|
              year |        11           1          10     |
-----------------------------------------------------------+
* = FE nested within cluster; treated as redundant for DoF computation
(MWFE estimator converged in 2 iterations)
note: 2002.year#c.inten1999 omitted because of collinearity
note: 1999.inten_start_year#1992b.year omitted because of collinearity
note: 1999.inten_start_year#1993.year omitted because of collinearity
note: 1999.inten_start_year#1994.year omitted because of collinearity
note: 1999.inten_start_year#1995.year omitted because of collinearity
note: 1999.inten_start_year#1996.year omitted because of collinearity
note: 1999.inten_start_year#1997.year omitted because of collinearity
note: 1999.inten_start_year#1998.year omitted because of collinearity
note: 1999.inten_start_year#1999.year omitted because of collinearity
note: 1999.inten_start_year#2000.year omitted because of collinearity
note: 1999.inten_start_year#2001.year omitted because of collinearity
note: 1999.inten_start_year#2002.year omitted because of collinearity

HDFE Linear regression                            Number of obs   =      5,214
Absorbing 2 HDFE groups                           F(  21,    473) =       1.14
Statistics robust to heteroskedasticity           Prob > F        =     0.2975
                                                  R-squared       =     0.2589
                                                  Adj R-squared   =     0.1795
                                                  Within R-sq.    =     0.0048
Number of clusters (cve_ent_mun_super) =        474Root MSE       =    21.7178

                             (Std. err. adjusted for 474 clusters in cve_ent_mun_super)
---------------------------------------------------------------------------------------
                      |               Robust
                emr65 | Coefficient  std. err.      t    P>|t|     [95% conf. interval]
----------------------+----------------------------------------------------------------
   lag2_intensity_new |  -8.918358   4.617854    -1.93   0.054     -17.9924    .1556875
                      |
     year#c.inten1999 |
                1992  |  -8.438713   8.104999    -1.04   0.298    -24.36497    7.487544
                1993  |  -.2431167   7.461346    -0.03   0.974     -14.9046    14.41837
                1994  |  -7.886653   7.402377    -1.07   0.287    -22.43226    6.658959
                1995  |  -8.521462   7.728776    -1.10   0.271    -23.70844    6.665521
                1996  |   3.178843   7.256987     0.44   0.662    -11.08108    17.43877
                1997  |  -6.615551   7.270193    -0.91   0.363    -20.90142     7.67032
                1998  |  -4.427201   8.137509    -0.54   0.587    -20.41734    11.56294
                1999  |  -2.742431   6.657591    -0.41   0.681    -15.82454    10.33968
                2000  |   .5990614   5.789723     0.10   0.918     -10.7777    11.97582
                2001  |   1.923142   5.578519     0.34   0.730    -9.038602    12.88489
                2002  |          0  (omitted)
                      |
inten_start_year#year |
           1998 1993  |  -2.173916   3.300689    -0.66   0.510    -8.659743    4.311912
           1998 1994  |  -1.375782    3.31815    -0.41   0.679     -7.89592    5.144357
           1998 1995  |  -2.334852   3.356834    -0.70   0.487    -8.931005      4.2613
           1998 1996  |  -5.976687   3.283524    -1.82   0.069    -12.42878    .4754111
           1998 1997  |  -2.305178   2.878767    -0.80   0.424    -7.961931    3.351575
           1998 1998  |   -1.52819   3.062152    -0.50   0.618    -7.545293    4.488914
           1998 1999  |  -4.528868   3.043933    -1.49   0.137    -10.51017    1.452436
           1998 2000  |  -5.498044   3.395521    -1.62   0.106    -12.17022    1.174128
           1998 2001  |  -3.288769   3.036027    -1.08   0.279    -9.254539       2.677
           1998 2002  |  -4.955984   3.230739    -1.53   0.126    -11.30436    1.392391
           1999 1992  |          0  (omitted)
           1999 1993  |          0  (omitted)
           1999 1994  |          0  (omitted)
           1999 1995  |          0  (omitted)
           1999 1996  |          0  (omitted)
           1999 1997  |          0  (omitted)
           1999 1998  |          0  (omitted)
           1999 1999  |          0  (omitted)
           1999 2000  |          0  (omitted)
           1999 2001  |          0  (omitted)
           1999 2002  |          0  (omitted)
                      |
                _cons |   51.37262   3.057477    16.80   0.000      45.3647    57.38054
---------------------------------------------------------------------------------------

Absorbed degrees of freedom:
-----------------------------------------------------------+
       Absorbed FE | Categories  - Redundant  = Num. Coefs |
-------------------+---------------------------------------|
 cve_ent_mun_super |       474         474           0    *|
              year |        11           1          10     |
-----------------------------------------------------------+
* = FE nested within cluster; treated as redundant for DoF computation
(MWFE estimator converged in 2 iterations)
note: 2002.year#c.inten1999 omitted because of collinearity
note: 2002.year#c.inten1998 omitted because of collinearity

HDFE Linear regression                            Number of obs   =      5,214
Absorbing 2 HDFE groups                           F(  21,    473) =       1.15
Statistics robust to heteroskedasticity           Prob > F        =     0.2963
                                                  R-squared       =     0.2587
                                                  Adj R-squared   =     0.1793
                                                  Within R-sq.    =     0.0046
Number of clusters (cve_ent_mun_super) =        474Root MSE       =    21.7206

                          (Std. err. adjusted for 474 clusters in cve_ent_mun_super)
------------------------------------------------------------------------------------
                   |               Robust
             emr65 | Coefficient  std. err.      t    P>|t|     [95% conf. interval]
-------------------+----------------------------------------------------------------
lag2_intensity_new |  -2.607722   8.782266    -0.30   0.767     -19.8648    14.64936
                   |
  year#c.inten1999 |
             1992  |  -2.133303   11.35047    -0.19   0.851    -24.43689    20.17028
             1993  |   4.955433   10.49828     0.47   0.637     -15.6736    25.58447
             1994  |  -3.257354   9.799293    -0.33   0.740    -22.51289    15.99818
             1995  |  -2.373106    10.7727    -0.22   0.826    -23.54137    18.79515
             1996  |   11.39701   10.11671     1.13   0.261    -8.482253    31.27627
             1997  |  -2.868733   10.04122    -0.29   0.775    -22.59965    16.86218
             1998  |   4.421909   11.36622     0.39   0.697    -17.91263    26.75645
             1999  |     4.0691   9.592353     0.42   0.672     -14.7798      22.918
             2000  |   9.218799   9.345738     0.99   0.324    -9.145501     27.5831
             2001  |   3.544591   6.881909     0.52   0.607    -9.978305    17.06749
             2002  |          0  (omitted)
                   |
  year#c.inten1998 |
             1992  |   .7440695   6.548725     0.11   0.910    -12.12412    13.61226
             1993  |   1.064715   6.399824     0.17   0.868    -11.51089    13.64032
             1994  |   2.409644   5.899789     0.41   0.683    -9.183394    14.00268
             1995  |  -.4583382   6.553757    -0.07   0.944    -13.33642    12.41974
             1996  |  -5.804122   5.836676    -0.99   0.321    -17.27314    5.664901
             1997  |   3.160309   5.511337     0.57   0.567    -7.669424    13.99004
             1998  |  -4.010531   6.432325    -0.62   0.533       -16.65    8.628936
             1999  |  -2.803698   4.732249    -0.59   0.554    -12.10253    6.495133
             2000  |  -12.42203   10.03295    -1.24   0.216     -32.1367    7.292633
             2001  |  -3.719943   4.913127    -0.76   0.449     -13.3742    5.934312
             2002  |          0  (omitted)
                   |
             _cons |    46.7116   3.846673    12.14   0.000     39.15292    54.27029
------------------------------------------------------------------------------------

Absorbed degrees of freedom:
-----------------------------------------------------------+
       Absorbed FE | Categories  - Redundant  = Num. Coefs |
-------------------+---------------------------------------|
 cve_ent_mun_super |       474         474           0    *|
              year |        11           1          10     |
-----------------------------------------------------------+
* = FE nested within cluster; treated as redundant for DoF computation
(MWFE estimator converged in 2 iterations)
note: 2002.year#c.inten1999 omitted because of collinearity
note: 2002.year#c.inten2000 omitted because of collinearity

HDFE Linear regression                            Number of obs   =      5,214
Absorbing 2 HDFE groups                           F(  21,    473) =       1.42
Statistics robust to heteroskedasticity           Prob > F        =     0.1023
                                                  R-squared       =     0.2590
                                                  Adj R-squared   =     0.1797
                                                  Within R-sq.    =     0.0051
Number of clusters (cve_ent_mun_super) =        474Root MSE       =    21.7151

                          (Std. err. adjusted for 474 clusters in cve_ent_mun_super)
------------------------------------------------------------------------------------
                   |               Robust
             emr65 | Coefficient  std. err.      t    P>|t|     [95% conf. interval]
-------------------+----------------------------------------------------------------
lag2_intensity_new |  -14.07788   3.788866    -3.72   0.000    -21.52297    -6.63279
                   |
  year#c.inten1999 |
             1992  |   2.890855   13.45411     0.21   0.830    -23.54636    29.32807
             1993  |   7.175584   11.04872     0.65   0.516    -14.53506    28.88623
             1994  |  -4.606591   11.24667    -0.41   0.682    -26.70622    17.49303
             1995  |  -9.360539   10.67408    -0.88   0.381    -30.33501    11.61393
             1996  |   4.915359   10.32701     0.48   0.634    -15.37713    25.20785
             1997  |   4.300495   11.66089     0.37   0.712    -18.61307    27.21406
             1998  |     .21444    12.4557     0.02   0.986    -24.26091    24.68979
             1999  |  -8.332433   9.918654    -0.84   0.401    -27.82251    11.15764
             2000  |   12.05381     11.022     1.09   0.275    -9.604326    33.71194
             2001  |   22.35292   10.81215     2.07   0.039     1.107131     43.5987
             2002  |          0  (omitted)
                   |
  year#c.inten2000 |
             1992  |  -17.46552   14.60188    -1.20   0.232     -46.1581    11.22705
             1993  |  -13.46951   12.12345    -1.11   0.267    -37.29199    10.35297
             1994  |   -7.55539   13.21888    -0.57   0.568    -33.53039    18.41961
             1995  |  -2.622844   11.75674    -0.22   0.824    -25.72475    20.47906
             1996  |  -8.014027   11.40597    -0.70   0.483    -30.42667    14.39862
             1997  |  -18.17177   13.50388    -1.35   0.179    -44.70679    8.363243
             1998  |  -9.441165   13.68292    -0.69   0.491      -36.328    17.44567
             1999  |   2.474563   11.05836     0.22   0.823    -19.25503    24.20416
             2000  |  -16.06473   12.83947    -1.25   0.211     -41.2942    9.164735
             2001  |   -24.4722   11.64651    -2.10   0.036    -47.35749   -1.586906
             2002  |          0  (omitted)
                   |
             _cons |   52.44125   2.916613    17.98   0.000     46.71013    58.17237
------------------------------------------------------------------------------------

Absorbed degrees of freedom:
-----------------------------------------------------------+
       Absorbed FE | Categories  - Redundant  = Num. Coefs |
-------------------+---------------------------------------|
 cve_ent_mun_super |       474         474           0    *|
              year |        11           1          10     |
-----------------------------------------------------------+
* = FE nested within cluster; treated as redundant for DoF computation
(MWFE estimator converged in 2 iterations)

HDFE Linear regression                            Number of obs   =      5,214
Absorbing 2 HDFE groups                           F(   1,    473) =       2.78
Statistics robust to heteroskedasticity           Prob > F        =     0.0963
                                                  R-squared       =     0.4688
                                                  Adj R-squared   =     0.4145
                                                  Within R-sq.    =     0.0006
Number of clusters (cve_ent_mun_super) =        474Root MSE       =     9.5447

                          (Std. err. adjusted for 474 clusters in cve_ent_mun_super)
------------------------------------------------------------------------------------
                   |               Robust
             emr65 | Coefficient  std. err.      t    P>|t|     [95% conf. interval]
-------------------+----------------------------------------------------------------
lag2_intensity_new |  -2.390593   1.434785    -1.67   0.096    -5.209934    .4287479
             _cons |   44.00699   .1022531   430.37   0.000     43.80606    44.20792
------------------------------------------------------------------------------------

Absorbed degrees of freedom:
-----------------------------------------------------------+
       Absorbed FE | Categories  - Redundant  = Num. Coefs |
-------------------+---------------------------------------|
 cve_ent_mun_super |       474         474           0    *|
              year |        11           1          10     |
-----------------------------------------------------------+
* = FE nested within cluster; treated as redundant for DoF computation
(MWFE estimator converged in 2 iterations)
note: 2002.year#c.inten1999 omitted because of collinearity

HDFE Linear regression                            Number of obs   =      5,214
Absorbing 2 HDFE groups                           F(  11,    473) =       0.71
Statistics robust to heteroskedasticity           Prob > F        =     0.7280
                                                  R-squared       =     0.4693
                                                  Adj R-squared   =     0.4137
                                                  Within R-sq.    =     0.0015
Number of clusters (cve_ent_mun_super) =        474Root MSE       =     9.5509

                          (Std. err. adjusted for 474 clusters in cve_ent_mun_super)
------------------------------------------------------------------------------------
                   |               Robust
             emr65 | Coefficient  std. err.      t    P>|t|     [95% conf. interval]
-------------------+----------------------------------------------------------------
lag2_intensity_new |   -.748023   2.709311    -0.28   0.783    -6.071797    4.575751
                   |
  year#c.inten1999 |
             1992  |   2.551346   3.787249     0.67   0.501    -4.890568     9.99326
             1993  |   3.316391   3.862232     0.86   0.391    -4.272865    10.90565
             1994  |    2.14487   3.720748     0.58   0.565     -5.16637     9.45611
             1995  |   4.326298   3.935888     1.10   0.272     -3.40769    12.06029
             1996  |   3.699485   3.632285     1.02   0.309    -3.437925     10.8369
             1997  |   3.322596    3.66285     0.91   0.365    -3.874875    10.52007
             1998  |   4.588718   3.419425     1.34   0.180    -2.130426    11.30786
             1999  |   1.622789   3.622638     0.45   0.654    -5.495667    8.741245
             2000  |   .3722887   2.465797     0.15   0.880    -4.472984    5.217561
             2001  |   2.962018    2.51803     1.18   0.240     -1.98589    7.909926
             2002  |          0  (omitted)
                   |
             _cons |   43.12053   .8737983    49.35   0.000     41.40352    44.83754
------------------------------------------------------------------------------------

Absorbed degrees of freedom:
-----------------------------------------------------------+
       Absorbed FE | Categories  - Redundant  = Num. Coefs |
-------------------+---------------------------------------|
 cve_ent_mun_super |       474         474           0    *|
              year |        11           1          10     |
-----------------------------------------------------------+
* = FE nested within cluster; treated as redundant for DoF computation
(MWFE estimator converged in 2 iterations)
note: 2002.year#c.inten1999 omitted because of collinearity
note: 1999.inten_start_year#1992b.year omitted because of collinearity
note: 1999.inten_start_year#1993.year omitted because of collinearity
note: 1999.inten_start_year#1994.year omitted because of collinearity
note: 1999.inten_start_year#1995.year omitted because of collinearity
note: 1999.inten_start_year#1996.year omitted because of collinearity
note: 1999.inten_start_year#1997.year omitted because of collinearity
note: 1999.inten_start_year#1998.year omitted because of collinearity
note: 1999.inten_start_year#1999.year omitted because of collinearity
note: 1999.inten_start_year#2000.year omitted because of collinearity
note: 1999.inten_start_year#2001.year omitted because of collinearity
note: 1999.inten_start_year#2002.year omitted because of collinearity

HDFE Linear regression                            Number of obs   =      5,214
Absorbing 2 HDFE groups                           F(  21,    473) =       0.83
Statistics robust to heteroskedasticity           Prob > F        =     0.6826
                                                  R-squared       =     0.4704
                                                  Adj R-squared   =     0.4137
                                                  Within R-sq.    =     0.0036
Number of clusters (cve_ent_mun_super) =        474Root MSE       =     9.5507

                             (Std. err. adjusted for 474 clusters in cve_ent_mun_super)
---------------------------------------------------------------------------------------
                      |               Robust
                emr65 | Coefficient  std. err.      t    P>|t|     [95% conf. interval]
----------------------+----------------------------------------------------------------
   lag2_intensity_new |   -2.10925   2.963329    -0.71   0.477    -7.932168    3.713667
                      |
     year#c.inten1999 |
                1992  |   .9249573   4.227217     0.22   0.827    -7.381491    9.231406
                1993  |   3.316483   4.347163     0.76   0.446    -5.225658    11.85862
                1994  |   2.232408   4.134948     0.54   0.590    -5.892733    10.35755
                1995  |   1.469562   4.414508     0.33   0.739    -7.204911    10.14403
                1996  |   3.009456   4.053733     0.74   0.458    -4.956097    10.97501
                1997  |   3.420644   4.023897     0.85   0.396    -4.486282    11.32757
                1998  |   2.992513   3.776608     0.79   0.429    -4.428491    10.41352
                1999  |   .2572167   4.093881     0.06   0.950    -7.787227    8.301661
                2000  |  -.9913538   2.854452    -0.35   0.729    -6.600329    4.617622
                2001  |   2.367463   2.977356     0.80   0.427    -3.483018    8.217944
                2002  |          0  (omitted)
                      |
inten_start_year#year |
           1998 1993  |  -1.702965   1.466843    -1.16   0.246    -4.585299    1.179369
           1998 1994  |  -1.794523   1.572669    -1.14   0.254    -4.884804    1.295758
           1998 1995  |   1.288204   1.635835     0.79   0.431    -1.926198    4.502606
           1998 1996  |  -.9803916   1.595304    -0.61   0.539    -4.115152    2.154369
           1998 1997  |  -1.805527   1.519916    -1.19   0.235     -4.79215    1.181096
           1998 1998  |  -.0316028   1.496835    -0.02   0.983    -2.972872    2.909666
           1998 1999  |  -.2730813   1.606228    -0.17   0.865    -3.429307    2.883145
           1998 2000  |   .7297445   1.592186     0.46   0.647    -2.398888    3.858377
           1998 2001  |   .3448831   1.355265     0.25   0.799    -2.318201    3.007968
           1998 2002  |  -.4337978   1.547887    -0.28   0.779    -3.475384    2.607789
           1999 1992  |          0  (omitted)
           1999 1993  |          0  (omitted)
           1999 1994  |          0  (omitted)
           1999 1995  |          0  (omitted)
           1999 1996  |          0  (omitted)
           1999 1997  |          0  (omitted)
           1999 1998  |          0  (omitted)
           1999 1999  |          0  (omitted)
           1999 2000  |          0  (omitted)
           1999 2001  |          0  (omitted)
           1999 2002  |          0  (omitted)
                      |
                _cons |   43.76004   1.221785    35.82   0.000     41.35924    46.16084
---------------------------------------------------------------------------------------

Absorbed degrees of freedom:
-----------------------------------------------------------+
       Absorbed FE | Categories  - Redundant  = Num. Coefs |
-------------------+---------------------------------------|
 cve_ent_mun_super |       474         474           0    *|
              year |        11           1          10     |
-----------------------------------------------------------+
* = FE nested within cluster; treated as redundant for DoF computation
(MWFE estimator converged in 2 iterations)
note: 2002.year#c.inten1999 omitted because of collinearity
note: 2002.year#c.inten1998 omitted because of collinearity

HDFE Linear regression                            Number of obs   =      5,214
Absorbing 2 HDFE groups                           F(  21,    473) =       1.12
Statistics robust to heteroskedasticity           Prob > F        =     0.3204
                                                  R-squared       =     0.4708
                                                  Adj R-squared   =     0.4142
                                                  Within R-sq.    =     0.0044
Number of clusters (cve_ent_mun_super) =        474Root MSE       =     9.5469

                          (Std. err. adjusted for 474 clusters in cve_ent_mun_super)
------------------------------------------------------------------------------------
                   |               Robust
             emr65 | Coefficient  std. err.      t    P>|t|     [95% conf. interval]
-------------------+----------------------------------------------------------------
lag2_intensity_new |   1.167024   4.124181     0.28   0.777    -6.936958    9.271006
                   |
  year#c.inten1999 |
             1992  |   .6819293   5.922914     0.12   0.908    -10.95655    12.32041
             1993  |   5.041277   5.914706     0.85   0.394    -6.581074    16.66363
             1994  |   .7605724    5.85378     0.13   0.897    -10.74206     12.2632
             1995  |  -2.037884   5.902036    -0.35   0.730    -13.63534    9.559569
             1996  |   .9399927   5.701106     0.16   0.869    -10.26264    12.14262
             1997  |   5.332039   5.586031     0.95   0.340    -5.644468    16.30855
             1998  |   5.396735   5.536942     0.97   0.330    -5.483311    16.27678
             1999  |   1.303413   5.769226     0.23   0.821    -10.03307     12.6399
             2000  |  -.2060846   5.133583    -0.04   0.968    -10.29353    9.881364
             2001  |  -2.822214    4.41294    -0.64   0.523    -11.49361    5.849178
             2002  |          0  (omitted)
                   |
  year#c.inten1998 |
             1992  |   5.070124   4.926193     1.03   0.304    -4.609806    14.75005
             1993  |  -.0279074   5.051741    -0.01   0.996    -9.954538    9.898724
             1994  |   4.382048   4.907984     0.89   0.372    -5.262101     14.0262
             1995  |   11.44534   4.930459     2.32   0.021     1.757026    21.13365
             1996  |   6.332575   4.737651     1.34   0.182    -2.976872    15.64202
             1997  |  -.4315132   4.238961    -0.10   0.919    -8.761038    7.898012
             1998  |   1.272546   4.252119     0.30   0.765    -7.082835    9.627926
             1999  |     2.8716    4.66892     0.62   0.539    -6.302791    12.04599
             2000  |   1.323907   5.633841     0.23   0.814    -9.746546    12.39436
             2001  |   7.906524   4.608479     1.72   0.087    -1.149099    16.96215
             2002  |          0  (omitted)
                   |
             _cons |   42.73816    1.17588    36.35   0.000     40.42757    45.04876
------------------------------------------------------------------------------------

Absorbed degrees of freedom:
-----------------------------------------------------------+
       Absorbed FE | Categories  - Redundant  = Num. Coefs |
-------------------+---------------------------------------|
 cve_ent_mun_super |       474         474           0    *|
              year |        11           1          10     |
-----------------------------------------------------------+
* = FE nested within cluster; treated as redundant for DoF computation
(MWFE estimator converged in 2 iterations)
note: 2002.year#c.inten1999 omitted because of collinearity
note: 2002.year#c.inten2000 omitted because of collinearity

HDFE Linear regression                            Number of obs   =      5,214
Absorbing 2 HDFE groups                           F(  21,    473) =       1.07
Statistics robust to heteroskedasticity           Prob > F        =     0.3773
                                                  R-squared       =     0.4704
                                                  Adj R-squared   =     0.4138
                                                  Within R-sq.    =     0.0037
Number of clusters (cve_ent_mun_super) =        474Root MSE       =     9.5503

                          (Std. err. adjusted for 474 clusters in cve_ent_mun_super)
------------------------------------------------------------------------------------
                   |               Robust
             emr65 | Coefficient  std. err.      t    P>|t|     [95% conf. interval]
-------------------+----------------------------------------------------------------
lag2_intensity_new |  -1.449395   3.243852    -0.45   0.655    -7.823539    4.924749
                   |
  year#c.inten1999 |
             1992  |   13.49162   6.536649     2.06   0.040     .6471535    26.33608
             1993  |   -.165259   6.746126    -0.02   0.980    -13.42134    13.09083
             1994  |   7.249572   6.429773     1.13   0.260    -5.384879    19.88402
             1995  |  -1.216072   6.788489    -0.18   0.858     -14.5554    12.12325
             1996  |   2.718646   6.170474     0.44   0.660    -9.406287    14.84358
             1997  |   6.410602   5.862384     1.09   0.275    -5.108935    17.93014
             1998  |   8.015872   6.561441     1.22   0.222    -4.877307    20.90905
             1999  |   5.031825   7.059372     0.71   0.476    -8.839785    18.90343
             2000  |  -3.233266   5.843408    -0.55   0.580    -14.71552    8.248984
             2001  |   7.968098   6.180777     1.29   0.198    -4.177078    20.11328
             2002  |          0  (omitted)
                   |
  year#c.inten2000 |
             1992  |  -12.98791    7.45453    -1.74   0.082      -27.636     1.66018
             1993  |   3.208718   7.525713     0.43   0.670    -11.57925    17.99668
             1994  |  -6.434241   7.230146    -0.89   0.374    -20.64142    7.772938
             1995  |   5.523022   7.574163     0.73   0.466    -9.360149    20.40619
             1996  |   .4001655   7.045574     0.06   0.955    -13.44433    14.24466
             1997  |  -4.169377   6.774818    -0.62   0.539    -17.48184    9.143087
             1998  |  -4.550259   7.215851    -0.63   0.529    -18.72935     9.62883
             1999  |  -4.529911   7.805271    -0.58   0.562    -19.86721    10.80738
             2000  |   3.903213   6.492069     0.60   0.548     -8.85365    16.66008
             2001  |  -5.535803   6.558037    -0.84   0.399    -18.42229    7.350687
             2002  |          0  (omitted)
                   |
             _cons |   43.43583    1.16996    37.13   0.000     41.13687    45.73479
------------------------------------------------------------------------------------

Absorbed degrees of freedom:
-----------------------------------------------------------+
       Absorbed FE | Categories  - Redundant  = Num. Coefs |
-------------------+---------------------------------------|
 cve_ent_mun_super |       474         474           0    *|
              year |        11           1          10     |
-----------------------------------------------------------+
* = FE nested within cluster; treated as redundant for DoF computation
(MWFE estimator converged in 2 iterations)

HDFE Linear regression                            Number of obs   =      5,214
Absorbing 2 HDFE groups                           F(   1,    473) =       0.62
Statistics robust to heteroskedasticity           Prob > F        =     0.4333
                                                  R-squared       =     0.6766
                                                  Adj R-squared   =     0.6435
                                                  Within R-sq.    =     0.0002
Number of clusters (cve_ent_mun_super) =        474Root MSE       =     5.6331

                          (Std. err. adjusted for 474 clusters in cve_ent_mun_super)
------------------------------------------------------------------------------------
                   |               Robust
             emr65 | Coefficient  std. err.      t    P>|t|     [95% conf. interval]
-------------------+----------------------------------------------------------------
lag2_intensity_new |  -.9813612   1.251349    -0.78   0.433    -3.440252    1.477529
             _cons |   45.85003   .0593432   772.63   0.000     45.73342    45.96664
------------------------------------------------------------------------------------

Absorbed degrees of freedom:
-----------------------------------------------------------+
       Absorbed FE | Categories  - Redundant  = Num. Coefs |
-------------------+---------------------------------------|
 cve_ent_mun_super |       474         474           0    *|
              year |        11           1          10     |
-----------------------------------------------------------+
* = FE nested within cluster; treated as redundant for DoF computation
(MWFE estimator converged in 2 iterations)
note: 2002.year#c.inten1999 omitted because of collinearity

HDFE Linear regression                            Number of obs   =      5,214
Absorbing 2 HDFE groups                           F(  11,    473) =       2.35
Statistics robust to heteroskedasticity           Prob > F        =     0.0078
                                                  R-squared       =     0.6779
                                                  Adj R-squared   =     0.6442
                                                  Within R-sq.    =     0.0042
Number of clusters (cve_ent_mun_super) =        474Root MSE       =     5.6277

                          (Std. err. adjusted for 474 clusters in cve_ent_mun_super)
------------------------------------------------------------------------------------
                   |               Robust
             emr65 | Coefficient  std. err.      t    P>|t|     [95% conf. interval]
-------------------+----------------------------------------------------------------
lag2_intensity_new |   3.487077   2.978717     1.17   0.242    -2.366077    9.340231
                   |
  year#c.inten1999 |
             1992  |   1.250805   3.861354     0.32   0.746    -6.336725    8.838335
             1993  |   1.292133   4.188911     0.31   0.758    -6.939043    9.523309
             1994  |   4.565773   3.731431     1.22   0.222    -2.766459    11.89801
             1995  |   2.757124   3.713205     0.74   0.458    -4.539294    10.05354
             1996  |   2.430924   3.838594     0.63   0.527    -5.111882    9.973731
             1997  |   1.739349   3.723888     0.47   0.641    -5.578061    9.056759
             1998  |   7.717922   3.656631     2.11   0.035     .5326704    14.90317
             1999  |   1.962785   3.446982     0.57   0.569    -4.810507    8.736077
             2000  |  -1.813516   2.003263    -0.91   0.366    -5.749911    2.122879
             2001  |  -3.516277   1.809591    -1.94   0.053    -7.072109    .0395555
             2002  |          0  (omitted)
                   |
             _cons |   45.31762   .6297755    71.96   0.000     44.08012    46.55513
------------------------------------------------------------------------------------

Absorbed degrees of freedom:
-----------------------------------------------------------+
       Absorbed FE | Categories  - Redundant  = Num. Coefs |
-------------------+---------------------------------------|
 cve_ent_mun_super |       474         474           0    *|
              year |        11           1          10     |
-----------------------------------------------------------+
* = FE nested within cluster; treated as redundant for DoF computation
(MWFE estimator converged in 2 iterations)
note: 2002.year#c.inten1999 omitted because of collinearity
note: 1999.inten_start_year#1992b.year omitted because of collinearity
note: 1999.inten_start_year#1993.year omitted because of collinearity
note: 1999.inten_start_year#1994.year omitted because of collinearity
note: 1999.inten_start_year#1995.year omitted because of collinearity
note: 1999.inten_start_year#1996.year omitted because of collinearity
note: 1999.inten_start_year#1997.year omitted because of collinearity
note: 1999.inten_start_year#1998.year omitted because of collinearity
note: 1999.inten_start_year#1999.year omitted because of collinearity
note: 1999.inten_start_year#2000.year omitted because of collinearity
note: 1999.inten_start_year#2001.year omitted because of collinearity
note: 1999.inten_start_year#2002.year omitted because of collinearity

HDFE Linear regression                            Number of obs   =      5,214
Absorbing 2 HDFE groups                           F(  21,    473) =       2.28
Statistics robust to heteroskedasticity           Prob > F        =     0.0011
                                                  R-squared       =     0.6790
                                                  Adj R-squared   =     0.6447
                                                  Within R-sq.    =     0.0078
Number of clusters (cve_ent_mun_super) =        474Root MSE       =     5.6236

                             (Std. err. adjusted for 474 clusters in cve_ent_mun_super)
---------------------------------------------------------------------------------------
                      |               Robust
                emr65 | Coefficient  std. err.      t    P>|t|     [95% conf. interval]
----------------------+----------------------------------------------------------------
   lag2_intensity_new |   3.230302   3.056411     1.06   0.291    -2.775521    9.236125
                      |
     year#c.inten1999 |
                1992  |   .4673036   4.048798     0.12   0.908    -7.488553     8.42316
                1993  |  -.0387569   4.328751    -0.01   0.993    -8.544718    8.467204
                1994  |   4.726872   3.886803     1.22   0.225    -2.910666    12.36441
                1995  |   1.136174   3.877212     0.29   0.770    -6.482517    8.754866
                1996  |   1.611518   3.966215     0.41   0.685    -6.182063      9.4051
                1997  |   2.310375   3.855511     0.60   0.549    -5.265674    9.886423
                1998  |   7.133353   3.758871     1.90   0.058    -.2527993     14.5195
                1999  |   2.880422   3.560714     0.81   0.419    -4.116353    9.877197
                2000  |  -2.441215    2.20129    -1.11   0.268    -6.766732    1.884303
                2001  |  -5.070458   1.861232    -2.72   0.007    -8.727764   -1.413153
                2002  |          0  (omitted)
                      |
inten_start_year#year |
           1998 1993  |   .5280324   .9893392     0.53   0.594    -1.416011    2.472076
           1998 1994  |  -.9111977   .9840186    -0.93   0.355    -2.844786    1.022391
           1998 1995  |   .8078349    .931706     0.87   0.386     -1.02296     2.63863
           1998 1996  |   .0346349   1.027073     0.03   0.973    -1.983556    2.052826
           1998 1997  |   -1.30663   .9911598    -1.32   0.188    -3.254251    .6409915
           1998 1998  |  -.1918976    1.05068    -0.18   0.855    -2.256475     1.87268
           1998 1999  |  -1.640984   1.021372    -1.61   0.109    -3.647972    .3660037
           1998 2000  |   .0434484   .9562394     0.05   0.964    -1.835554    1.922451
           1998 2001  |   .9911232   .9985984     0.99   0.321    -.9711146    2.953361
           1998 2002  |  -.5081476   1.012729    -0.50   0.616    -2.498153    1.481857
           1999 1992  |          0  (omitted)
           1999 1993  |          0  (omitted)
           1999 1994  |          0  (omitted)
           1999 1995  |          0  (omitted)
           1999 1996  |          0  (omitted)
           1999 1997  |          0  (omitted)
           1999 1998  |          0  (omitted)
           1999 1999  |          0  (omitted)
           1999 2000  |          0  (omitted)
           1999 2001  |          0  (omitted)
           1999 2002  |          0  (omitted)
                      |
                _cons |   45.57447   .8476963    53.76   0.000     43.90876    47.24019
---------------------------------------------------------------------------------------

Absorbed degrees of freedom:
-----------------------------------------------------------+
       Absorbed FE | Categories  - Redundant  = Num. Coefs |
-------------------+---------------------------------------|
 cve_ent_mun_super |       474         474           0    *|
              year |        11           1          10     |
-----------------------------------------------------------+
* = FE nested within cluster; treated as redundant for DoF computation
(MWFE estimator converged in 2 iterations)
note: 2002.year#c.inten1999 omitted because of collinearity
note: 2002.year#c.inten1998 omitted because of collinearity

HDFE Linear regression                            Number of obs   =      5,214
Absorbing 2 HDFE groups                           F(  21,    473) =       1.96
Statistics robust to heteroskedasticity           Prob > F        =     0.0070
                                                  R-squared       =     0.6784
                                                  Adj R-squared   =     0.6440
                                                  Within R-sq.    =     0.0059
Number of clusters (cve_ent_mun_super) =        474Root MSE       =     5.6288

                          (Std. err. adjusted for 474 clusters in cve_ent_mun_super)
------------------------------------------------------------------------------------
                   |               Robust
             emr65 | Coefficient  std. err.      t    P>|t|     [95% conf. interval]
-------------------+----------------------------------------------------------------
lag2_intensity_new |   6.143595   5.555092     1.11   0.269    -4.772117    17.05931
                   |
  year#c.inten1999 |
             1992  |  -.5387901   7.650022    -0.07   0.944    -15.57102    14.49344
             1993  |  -2.196553   8.431276    -0.26   0.795    -18.76394    14.37084
             1994  |   2.741085   7.224782     0.38   0.705    -11.45555    16.93772
             1995  |  -1.739315   7.135241    -0.24   0.808    -15.76001    12.28138
             1996  |  -2.123574   7.534392    -0.28   0.778    -16.92859    12.68144
             1997  |   2.311442   7.492414     0.31   0.758    -12.41109    17.03398
             1998  |   6.523496   7.226332     0.90   0.367    -7.676188    20.72318
             1999  |  -.0479005   6.990254    -0.01   0.995    -13.78369    13.68789
             2000  |   -3.16422   6.991634    -0.45   0.651    -16.90273    10.57429
             2001  |  -12.31058   3.868216    -3.18   0.002    -19.91159   -4.709563
             2002  |          0  (omitted)
                   |
  year#c.inten1998 |
             1992  |   5.683643   5.777096     0.98   0.326    -5.668305    17.03559
             1993  |   7.855904   6.469781     1.21   0.225    -4.857163    20.56897
             1994  |   5.728509   4.847238     1.18   0.238    -3.796275    15.25329
             1995  |   9.144298   4.671146     1.96   0.051    -.0344663    18.32306
             1996  |   9.218528   5.306654     1.74   0.083    -1.209005    19.64606
             1997  |   2.664263   5.066541     0.53   0.599    -7.291448    12.61998
             1998  |   4.922729   4.363088     1.13   0.260    -3.650703    13.49616
             1999  |   5.966304   4.432252     1.35   0.179    -2.743036    14.67564
             2000  |    2.46601   7.201129     0.34   0.732    -11.68415    16.61617
             2001  |   11.24273   4.269622     2.63   0.009     2.852955     19.6325
             2002  |          0  (omitted)
                   |
             _cons |   44.94782   1.126305    39.91   0.000     42.73464      47.161
------------------------------------------------------------------------------------

Absorbed degrees of freedom:
-----------------------------------------------------------+
       Absorbed FE | Categories  - Redundant  = Num. Coefs |
-------------------+---------------------------------------|
 cve_ent_mun_super |       474         474           0    *|
              year |        11           1          10     |
-----------------------------------------------------------+
* = FE nested within cluster; treated as redundant for DoF computation
(MWFE estimator converged in 2 iterations)
note: 2002.year#c.inten1999 omitted because of collinearity
note: 2002.year#c.inten2000 omitted because of collinearity

HDFE Linear regression                            Number of obs   =      5,214
Absorbing 2 HDFE groups                           F(  21,    473) =       2.05
Statistics robust to heteroskedasticity           Prob > F        =     0.0042
                                                  R-squared       =     0.6787
                                                  Adj R-squared   =     0.6443
                                                  Within R-sq.    =     0.0067
Number of clusters (cve_ent_mun_super) =        474Root MSE       =     5.6267

                          (Std. err. adjusted for 474 clusters in cve_ent_mun_super)
------------------------------------------------------------------------------------
                   |               Robust
             emr65 | Coefficient  std. err.      t    P>|t|     [95% conf. interval]
-------------------+----------------------------------------------------------------
lag2_intensity_new |   2.374242   3.549153     0.67   0.504    -4.599815    9.348299
                   |
  year#c.inten1999 |
             1992  |  -.9632536   9.870762    -0.10   0.922    -20.35922    18.43271
             1993  |    8.23181   9.612498     0.86   0.392    -10.65667    27.12029
             1994  |    14.2081   9.468716     1.50   0.134    -4.397851    32.81405
             1995  |   12.07452   8.617244     1.40   0.162    -4.858296    29.00734
             1996  |  -1.105132   9.101246    -0.12   0.903    -18.98901    16.77874
             1997  |   4.039438   10.46096     0.39   0.700    -16.51626    24.59513
             1998  |   13.01092    8.10851     1.60   0.109    -2.922233    28.94408
             1999  |   12.10019   6.840174     1.77   0.078    -1.340696    25.54108
             2000  |   1.776238   7.504899     0.24   0.813    -12.97083     16.5233
             2001  |  -12.36291   7.558913    -1.64   0.103    -27.21611    2.490293
             2002  |          0  (omitted)
                   |
  year#c.inten2000 |
             1992  |   1.101641   9.809737     0.11   0.911    -18.17441     20.3777
             1993  |  -8.053818   9.642433    -0.84   0.404    -27.00112    10.89349
             1994  |  -10.75698   9.595349    -1.12   0.263    -29.61176    8.097807
             1995  |  -10.43199   9.028297    -1.16   0.248    -28.17252    7.308546
             1996  |   2.423888    9.53096     0.25   0.799    -16.30437    21.15215
             1997  |  -3.413356   10.72961    -0.32   0.751    -24.49695    17.67023
             1998  |  -6.406834   8.412866    -0.76   0.447    -22.93805    10.12438
             1999  |  -11.25215   7.588382    -1.48   0.139    -26.16326    3.658958
             2000  |  -3.832667   7.502641    -0.51   0.610     -18.5753    10.90996
             2001  |    8.84851   7.463716     1.19   0.236    -5.817632    23.51465
             2002  |          0  (omitted)
                   |
             _cons |   45.57307   .7581387    60.11   0.000     44.08333    47.06281
------------------------------------------------------------------------------------

Absorbed degrees of freedom:
-----------------------------------------------------------+
       Absorbed FE | Categories  - Redundant  = Num. Coefs |
-------------------+---------------------------------------|
 cve_ent_mun_super |       474         474           0    *|
              year |        11           1          10     |
-----------------------------------------------------------+
* = FE nested within cluster; treated as redundant for DoF computation
(MWFE estimator converged in 4 iterations)

HDFE Linear regression                            Number of obs   =      5,214
Absorbing 2 HDFE groups                           F(   1,    473) =      12.37
Statistics robust to heteroskedasticity           Prob > F        =     0.0005
                                                  R-squared       =     0.2734
                                                  Adj R-squared   =     0.1990
                                                  Within R-sq.    =     0.0024
Number of clusters (cve_ent_mun_super) =        474Root MSE       =    18.2057

                          (Std. err. adjusted for 474 clusters in cve_ent_mun_super)
------------------------------------------------------------------------------------
                   |               Robust
             emr65 | Coefficient  std. err.      t    P>|t|     [95% conf. interval]
-------------------+----------------------------------------------------------------
lag2_intensity_new |  -7.342785   2.087806    -3.52   0.000    -11.44531   -3.240262
             _cons |   46.49371   .2606771   178.36   0.000     45.98149    47.00594
------------------------------------------------------------------------------------

Absorbed degrees of freedom:
-----------------------------------------------------------+
       Absorbed FE | Categories  - Redundant  = Num. Coefs |
-------------------+---------------------------------------|
 cve_ent_mun_super |       474         474           0    *|
              year |        11           1          10     |
-----------------------------------------------------------+
* = FE nested within cluster; treated as redundant for DoF computation
(MWFE estimator converged in 4 iterations)
note: 2002.year#c.inten1999 omitted because of collinearity

HDFE Linear regression                            Number of obs   =      5,214
Absorbing 2 HDFE groups                           F(  11,    473) =       2.09
Statistics robust to heteroskedasticity           Prob > F        =     0.0198
                                                  R-squared       =     0.2749
                                                  Adj R-squared   =     0.1989
                                                  Within R-sq.    =     0.0043
Number of clusters (cve_ent_mun_super) =        474Root MSE       =    18.2069

                          (Std. err. adjusted for 474 clusters in cve_ent_mun_super)
------------------------------------------------------------------------------------
                   |               Robust
             emr65 | Coefficient  std. err.      t    P>|t|     [95% conf. interval]
-------------------+----------------------------------------------------------------
lag2_intensity_new |   -9.56458   3.023079    -3.16   0.002    -15.50491   -3.624255
                   |
  year#c.inten1999 |
             1992  |  -6.724534   6.499661    -1.03   0.301    -19.49632    6.047248
             1993  |   3.866439   5.913731     0.65   0.514    -7.753996    15.48687
             1994  |  -4.495062   5.722421    -0.79   0.433    -15.73957     6.74945
             1995  |  -3.820149   5.932048    -0.64   0.520    -15.47658    7.836279
             1996  |   3.515657   6.150978     0.57   0.568    -8.570966    15.60228
             1997  |  -7.124839   5.898191    -1.21   0.228    -18.71474    4.465059
             1998  |    1.15162   5.813671     0.20   0.843     -10.2722    12.57544
             1999  |  -1.041795   5.403505    -0.19   0.847    -11.65964    9.576048
             2000  |   2.395551   4.901692     0.49   0.625    -7.236236    12.02734
             2001  |   2.725947   4.632588     0.59   0.557    -6.377052    11.82895
             2002  |          0  (omitted)
                   |
             _cons |   47.06472   1.826246    25.77   0.000     43.47616    50.65328
------------------------------------------------------------------------------------

Absorbed degrees of freedom:
-----------------------------------------------------------+
       Absorbed FE | Categories  - Redundant  = Num. Coefs |
-------------------+---------------------------------------|
 cve_ent_mun_super |       474         474           0    *|
              year |        11           1          10     |
-----------------------------------------------------------+
* = FE nested within cluster; treated as redundant for DoF computation
(MWFE estimator converged in 4 iterations)
note: 2002.year#c.inten1999 omitted because of collinearity
note: 1999.inten_start_year#1992b.year omitted because of collinearity
note: 1999.inten_start_year#1993.year omitted because of collinearity
note: 1999.inten_start_year#1994.year omitted because of collinearity
note: 1999.inten_start_year#1995.year omitted because of collinearity
note: 1999.inten_start_year#1996.year omitted because of collinearity
note: 1999.inten_start_year#1997.year omitted because of collinearity
note: 1999.inten_start_year#1998.year omitted because of collinearity
note: 1999.inten_start_year#1999.year omitted because of collinearity
note: 1999.inten_start_year#2000.year omitted because of collinearity
note: 1999.inten_start_year#2001.year omitted because of collinearity
note: 1999.inten_start_year#2002.year omitted because of collinearity

HDFE Linear regression                            Number of obs   =      5,214
Absorbing 2 HDFE groups                           F(  21,    473) =       1.41
Statistics robust to heteroskedasticity           Prob > F        =     0.1073
                                                  R-squared       =     0.2758
                                                  Adj R-squared   =     0.1983
                                                  Within R-sq.    =     0.0057
Number of clusters (cve_ent_mun_super) =        474Root MSE       =    18.2137

                             (Std. err. adjusted for 474 clusters in cve_ent_mun_super)
---------------------------------------------------------------------------------------
                      |               Robust
                emr65 | Coefficient  std. err.      t    P>|t|     [95% conf. interval]
----------------------+----------------------------------------------------------------
   lag2_intensity_new |  -7.194264   4.051675    -1.78   0.076    -15.15577    .7672441
                      |
     year#c.inten1999 |
                1992  |  -6.845956   7.049412    -0.97   0.332    -20.69799    7.006081
                1993  |   5.126398   6.605423     0.78   0.438    -7.853205      18.106
                1994  |  -3.370358   6.387081    -0.53   0.598    -15.92092    9.180206
                1995  |  -2.841287   6.563462    -0.43   0.665    -15.73844    10.05586
                1996  |   6.360729   6.468319     0.98   0.326    -6.349465    19.07092
                1997  |  -5.826735   6.488615    -0.90   0.370    -18.57681    6.923341
                1998  |   1.761213   6.471458     0.27   0.786    -10.95515    14.47758
                1999  |   .7454188   5.991971     0.12   0.901    -11.02876    12.51959
                2000  |   3.182721   5.249194     0.61   0.545    -7.131903    13.49735
                2001  |   1.753525   4.856227     0.36   0.718    -7.788921    11.29597
                2002  |          0  (omitted)
                      |
inten_start_year#year |
           1998 1993  |  -2.594928   2.915009    -0.89   0.374    -8.322897    3.133041
           1998 1994  |  -2.338649   2.642801    -0.88   0.377    -7.531731    2.854434
           1998 1995  |  -2.061028   2.725269    -0.76   0.450    -7.416159    3.294103
           1998 1996  |  -5.589652   2.764924    -2.02   0.044    -11.02271   -.1565985
           1998 1997  |  -2.664858   2.593203    -1.03   0.305     -7.76048    2.430764
           1998 1998  |  -1.363273   2.567479    -0.53   0.596    -6.408349    3.681802
           1998 1999  |  -3.589669    2.62974    -1.37   0.173    -8.757086    1.577748
           1998 2000  |  -4.772029   3.006709    -1.59   0.113    -10.68019     1.13613
           1998 2001  |  -2.853892   2.515184    -1.13   0.257    -7.796209    2.088424
           1998 2002  |  -3.710264   2.744306    -1.35   0.177    -9.102804    1.682277
           1999 1992  |          0  (omitted)
           1999 1993  |          0  (omitted)
           1999 1994  |          0  (omitted)
           1999 1995  |          0  (omitted)
           1999 1996  |          0  (omitted)
           1999 1997  |          0  (omitted)
           1999 1998  |          0  (omitted)
           1999 1999  |          0  (omitted)
           1999 2000  |          0  (omitted)
           1999 2001  |          0  (omitted)
           1999 2002  |          0  (omitted)
                      |
                _cons |   48.30266   2.499347    19.33   0.000     43.39146    53.21385
---------------------------------------------------------------------------------------

Absorbed degrees of freedom:
-----------------------------------------------------------+
       Absorbed FE | Categories  - Redundant  = Num. Coefs |
-------------------+---------------------------------------|
 cve_ent_mun_super |       474         474           0    *|
              year |        11           1          10     |
-----------------------------------------------------------+
* = FE nested within cluster; treated as redundant for DoF computation
(MWFE estimator converged in 4 iterations)
note: 2002.year#c.inten1999 omitted because of collinearity
note: 2002.year#c.inten1998 omitted because of collinearity

HDFE Linear regression                            Number of obs   =      5,214
Absorbing 2 HDFE groups                           F(  21,    473) =       1.39
Statistics robust to heteroskedasticity           Prob > F        =     0.1178
                                                  R-squared       =     0.2757
                                                  Adj R-squared   =     0.1982
                                                  Within R-sq.    =     0.0055
Number of clusters (cve_ent_mun_super) =        474Root MSE       =    18.2157

                          (Std. err. adjusted for 474 clusters in cve_ent_mun_super)
------------------------------------------------------------------------------------
                   |               Robust
             emr65 | Coefficient  std. err.      t    P>|t|     [95% conf. interval]
-------------------+----------------------------------------------------------------
lag2_intensity_new |    -5.1994   7.701203    -0.68   0.500     -20.3322    9.933402
                   |
  year#c.inten1999 |
             1992  |  -2.098708   9.914172    -0.21   0.832    -21.57998    17.38256
             1993  |   8.893272    9.35596     0.95   0.342    -9.491115    27.27766
             1994  |  -1.048181   8.525737    -0.12   0.902    -17.80119    15.70482
             1995  |   .5221502     9.5116     0.05   0.956    -18.16807    19.21237
             1996  |   11.16129   8.980384     1.24   0.215    -6.485091    28.80768
             1997  |   -5.42031   8.855313    -0.61   0.541    -22.82093    11.98031
             1998  |   8.492642   9.202685     0.92   0.357     -9.59056    26.57584
             1999  |   4.155592   8.533074     0.49   0.626    -12.61183    20.92301
             2000  |   8.028217   8.439481     0.95   0.342    -8.555295    24.61173
             2001  |   4.532195   6.057722     0.75   0.455     -7.37118    16.43557
             2002  |          0  (omitted)
                   |
  year#c.inten1998 |
             1992  |  -1.782896   5.501628    -0.32   0.746    -12.59355    9.027759
             1993  |     -2.376    5.69829    -0.42   0.677    -13.57309    8.821094
             1994  |  -.0349982   5.001619    -0.01   0.994    -9.863139    9.793142
             1995  |  -1.360525   5.544512    -0.25   0.806    -12.25545    9.534396
             1996  |  -6.243382   5.401316    -1.16   0.248    -16.85692    4.370161
             1997  |   2.514779   5.129574     0.49   0.624    -7.564794    12.59435
             1998  |  -5.773636   4.989398    -1.16   0.248    -15.57776    4.030491
             1999  |  -2.627663    4.20813    -0.62   0.533     -10.8966    5.641278
             2000  |  -7.627774   9.040767    -0.84   0.399    -25.39281    10.13726
             2001  |  -4.050478   4.541236    -0.89   0.373    -12.97397    4.873015
             2002  |          0  (omitted)
                   |
             _cons |   45.43264    3.16217    14.37   0.000       39.219    51.64628
------------------------------------------------------------------------------------

Absorbed degrees of freedom:
-----------------------------------------------------------+
       Absorbed FE | Categories  - Redundant  = Num. Coefs |
-------------------+---------------------------------------|
 cve_ent_mun_super |       474         474           0    *|
              year |        11           1          10     |
-----------------------------------------------------------+
* = FE nested within cluster; treated as redundant for DoF computation
(MWFE estimator converged in 4 iterations)
note: 2002.year#c.inten1999 omitted because of collinearity
note: 2002.year#c.inten2000 omitted because of collinearity

HDFE Linear regression                            Number of obs   =      5,214
Absorbing 2 HDFE groups                           F(  21,    473) =       1.51
Statistics robust to heteroskedasticity           Prob > F        =     0.0672
                                                  R-squared       =     0.2760
                                                  Adj R-squared   =     0.1985
                                                  Within R-sq.    =     0.0059
Number of clusters (cve_ent_mun_super) =        474Root MSE       =    18.2116

                          (Std. err. adjusted for 474 clusters in cve_ent_mun_super)
------------------------------------------------------------------------------------
                   |               Robust
             emr65 | Coefficient  std. err.      t    P>|t|     [95% conf. interval]
-------------------+----------------------------------------------------------------
lag2_intensity_new |   -10.6176   3.356316    -3.16   0.002    -17.21273   -4.022463
                   |
  year#c.inten1999 |
             1992  |  -1.730877   12.10278    -0.14   0.886    -25.51273    22.05098
             1993  |   5.097364   9.416294     0.54   0.589    -13.40558    23.60031
             1994  |  -1.505733   9.657068    -0.16   0.876     -20.4818    17.47033
             1995  |  -7.145311   9.833876    -0.73   0.468     -26.4688    12.17818
             1996  |   6.066502   8.835427     0.69   0.493    -11.29504    23.42805
             1997  |  -3.841005   10.17071    -0.38   0.706    -23.82638    16.14436
             1998  |    4.03478   11.15743     0.36   0.718    -17.88949    25.95905
             1999  |  -5.782596   9.061761    -0.64   0.524    -23.58888    12.02369
             2000  |   13.73456   9.502172     1.45   0.149    -4.937133    32.40625
             2001  |   14.84313   9.975409     1.49   0.137    -4.758473    34.44472
             2002  |          0  (omitted)
                   |
  year#c.inten2000 |
             1992  |  -7.445718   13.19614    -0.56   0.573    -33.37603     18.4846
             1993  |  -2.654748   10.65653    -0.25   0.803    -23.59474    18.28525
             1994  |  -4.892196   11.58493    -0.42   0.673    -27.65648    17.87209
             1995  |   3.122512   11.06572     0.28   0.778    -18.62153    24.86655
             1996  |  -4.334835   10.48523    -0.41   0.679    -24.93823    16.26856
             1997  |  -5.268137   11.89739    -0.44   0.658    -28.64641    18.11014
             1998  |  -4.757605     11.966    -0.40   0.691    -28.27071     18.7555
             1999  |   4.997365   10.24489     0.49   0.626    -15.13375    25.12848
             2000  |  -14.67348   10.90271    -1.35   0.179    -36.09722    6.750259
             2001  |  -15.25701   10.60215    -1.44   0.151    -36.09016    5.576139
             2002  |          0  (omitted)
                   |
             _cons |   48.06492   2.331917    20.61   0.000     43.48272    52.64711
------------------------------------------------------------------------------------

Absorbed degrees of freedom:
-----------------------------------------------------------+
       Absorbed FE | Categories  - Redundant  = Num. Coefs |
-------------------+---------------------------------------|
 cve_ent_mun_super |       474         474           0    *|
              year |        11           1          10     |
-----------------------------------------------------------+
* = FE nested within cluster; treated as redundant for DoF computation
(MWFE estimator converged in 4 iterations)

HDFE Linear regression                            Number of obs   =      5,214
Absorbing 2 HDFE groups                           F(   1,    473) =       2.68
Statistics robust to heteroskedasticity           Prob > F        =     0.1025
                                                  R-squared       =     0.4870
                                                  Adj R-squared   =     0.4344
                                                  Within R-sq.    =     0.0008
Number of clusters (cve_ent_mun_super) =        474Root MSE       =     8.9784

                          (Std. err. adjusted for 474 clusters in cve_ent_mun_super)
------------------------------------------------------------------------------------
                   |               Robust
             emr65 | Coefficient  std. err.      t    P>|t|     [95% conf. interval]
-------------------+----------------------------------------------------------------
lag2_intensity_new |  -2.372122   1.449961    -1.64   0.103    -5.221284    .4770395
             _cons |   43.64478   .1166623   374.11   0.000     43.41554    43.87402
------------------------------------------------------------------------------------

Absorbed degrees of freedom:
-----------------------------------------------------------+
       Absorbed FE | Categories  - Redundant  = Num. Coefs |
-------------------+---------------------------------------|
 cve_ent_mun_super |       474         474           0    *|
              year |        11           1          10     |
-----------------------------------------------------------+
* = FE nested within cluster; treated as redundant for DoF computation
(MWFE estimator converged in 4 iterations)
note: 2002.year#c.inten1999 omitted because of collinearity

HDFE Linear regression                            Number of obs   =      5,214
Absorbing 2 HDFE groups                           F(  11,    473) =       0.74
Statistics robust to heteroskedasticity           Prob > F        =     0.7008
                                                  R-squared       =     0.4874
                                                  Adj R-squared   =     0.4337
                                                  Within R-sq.    =     0.0016
Number of clusters (cve_ent_mun_super) =        474Root MSE       =     8.9841

                          (Std. err. adjusted for 474 clusters in cve_ent_mun_super)
------------------------------------------------------------------------------------
                   |               Robust
             emr65 | Coefficient  std. err.      t    P>|t|     [95% conf. interval]
-------------------+----------------------------------------------------------------
lag2_intensity_new |  -1.620838   2.641916    -0.61   0.540    -6.812181    3.570505
                   |
  year#c.inten1999 |
             1992  |   1.808162   3.563202     0.51   0.612    -5.193501    8.809825
             1993  |   1.432503   3.561919     0.40   0.688    -5.566639    8.431645
             1994  |   .0662545   3.507859     0.02   0.985     -6.82666    6.959169
             1995  |    2.34273   3.641506     0.64   0.520      -4.8128    9.498261
             1996  |   1.444398   3.477618     0.42   0.678    -5.389092    8.277889
             1997  |   1.536345   3.482727     0.44   0.659    -5.307187    8.379876
             1998  |   2.794589   3.270982     0.85   0.393    -3.632864    9.222042
             1999  |   .0013013   3.396543     0.00   1.000    -6.672878     6.67548
             2000  |  -1.267701   2.290691    -0.55   0.580     -5.76889    3.233489
             2001  |   2.124151    2.26344     0.94   0.348     -2.32349    6.571793
             2002  |          0  (omitted)
                   |
             _cons |   43.27469    .802952    53.89   0.000     41.69689    44.85248
------------------------------------------------------------------------------------

Absorbed degrees of freedom:
-----------------------------------------------------------+
       Absorbed FE | Categories  - Redundant  = Num. Coefs |
-------------------+---------------------------------------|
 cve_ent_mun_super |       474         474           0    *|
              year |        11           1          10     |
-----------------------------------------------------------+
* = FE nested within cluster; treated as redundant for DoF computation
(MWFE estimator converged in 4 iterations)
note: 2002.year#c.inten1999 omitted because of collinearity
note: 1999.inten_start_year#1992b.year omitted because of collinearity
note: 1999.inten_start_year#1993.year omitted because of collinearity
note: 1999.inten_start_year#1994.year omitted because of collinearity
note: 1999.inten_start_year#1995.year omitted because of collinearity
note: 1999.inten_start_year#1996.year omitted because of collinearity
note: 1999.inten_start_year#1997.year omitted because of collinearity
note: 1999.inten_start_year#1998.year omitted because of collinearity
note: 1999.inten_start_year#1999.year omitted because of collinearity
note: 1999.inten_start_year#2000.year omitted because of collinearity
note: 1999.inten_start_year#2001.year omitted because of collinearity
note: 1999.inten_start_year#2002.year omitted because of collinearity

HDFE Linear regression                            Number of obs   =      5,214
Absorbing 2 HDFE groups                           F(  21,    473) =       0.69
Statistics robust to heteroskedasticity           Prob > F        =     0.8490
                                                  R-squared       =     0.4882
                                                  Adj R-squared   =     0.4334
                                                  Within R-sq.    =     0.0032
Number of clusters (cve_ent_mun_super) =        474Root MSE       =     8.9865

                             (Std. err. adjusted for 474 clusters in cve_ent_mun_super)
---------------------------------------------------------------------------------------
                      |               Robust
                emr65 | Coefficient  std. err.      t    P>|t|     [95% conf. interval]
----------------------+----------------------------------------------------------------
   lag2_intensity_new |  -2.538156   2.925922    -0.87   0.386    -8.287568    3.211257
                      |
     year#c.inten1999 |
                1992  |   1.158333   3.902412     0.30   0.767    -6.509875    8.826541
                1993  |   2.421058   4.037942     0.60   0.549    -5.513466    10.35558
                1994  |   .0204937   3.935299     0.01   0.996    -7.712337    7.753324
                1995  |   .2169743     4.0363     0.05   0.957    -7.714323    8.148272
                1996  |    .942411   3.888448     0.24   0.809    -6.698359    8.583181
                1997  |   1.922339   3.937784     0.49   0.626    -5.815375    9.660053
                1998  |   2.101223   3.658597     0.57   0.566    -5.087891    9.290338
                1999  |  -1.261638   3.843119    -0.33   0.743    -8.813337    6.290061
                2000  |  -2.009244   2.689403    -0.75   0.455    -7.293898    3.275411
                2001  |   2.209362   2.580317     0.86   0.392     -2.86094    7.279664
                2002  |          0  (omitted)
                      |
inten_start_year#year |
           1998 1993  |  -1.657152   1.353385    -1.22   0.221    -4.316543     1.00224
           1998 1994  |  -.6120846   1.495021    -0.41   0.682    -3.549789    2.325619
           1998 1995  |   1.499433   1.512163     0.99   0.322    -1.471955    4.470821
           1998 1996  |  -.1505947    1.47686    -0.10   0.919    -3.052612    2.751422
           1998 1997  |  -1.058942   1.389539    -0.76   0.446    -3.789375    1.671491
           1998 1998  |   .0442109   1.376316     0.03   0.974     -2.66024    2.748661
           1998 1999  |     .63002   1.434142     0.44   0.661    -2.188058    3.448098
           1998 2000  |   .7750214   1.517355     0.51   0.610    -2.206568    3.756611
           1998 2001  |    .187302   1.270722     0.15   0.883    -2.309657    2.684262
           1998 2002  |   .1738695   1.381395     0.13   0.900    -2.540561      2.8883
           1999 1992  |          0  (omitted)
           1999 1993  |          0  (omitted)
           1999 1994  |          0  (omitted)
           1999 1995  |          0  (omitted)
           1999 1996  |          0  (omitted)
           1999 1997  |          0  (omitted)
           1999 1998  |          0  (omitted)
           1999 1999  |          0  (omitted)
           1999 2000  |          0  (omitted)
           1999 2001  |          0  (omitted)
           1999 2002  |          0  (omitted)
                      |
                _cons |   43.45766   1.091997    39.80   0.000     41.31189    45.60342
---------------------------------------------------------------------------------------

Absorbed degrees of freedom:
-----------------------------------------------------------+
       Absorbed FE | Categories  - Redundant  = Num. Coefs |
-------------------+---------------------------------------|
 cve_ent_mun_super |       474         474           0    *|
              year |        11           1          10     |
-----------------------------------------------------------+
* = FE nested within cluster; treated as redundant for DoF computation
(MWFE estimator converged in 4 iterations)
note: 2002.year#c.inten1999 omitted because of collinearity
note: 2002.year#c.inten1998 omitted because of collinearity

HDFE Linear regression                            Number of obs   =      5,214
Absorbing 2 HDFE groups                           F(  21,    473) =       1.19
Statistics robust to heteroskedasticity           Prob > F        =     0.2546
                                                  R-squared       =     0.4890
                                                  Adj R-squared   =     0.4343
                                                  Within R-sq.    =     0.0047
Number of clusters (cve_ent_mun_super) =        474Root MSE       =     8.9797

                          (Std. err. adjusted for 474 clusters in cve_ent_mun_super)
------------------------------------------------------------------------------------
                   |               Robust
             emr65 | Coefficient  std. err.      t    P>|t|     [95% conf. interval]
-------------------+----------------------------------------------------------------
lag2_intensity_new |   1.916392   4.046234     0.47   0.636    -6.034426    9.867209
                   |
  year#c.inten1999 |
             1992  |   2.283246   5.303188     0.43   0.667    -8.137476    12.70397
             1993  |   5.480877   5.644701     0.97   0.332    -5.610915    16.57267
             1994  |   -1.41532   5.598744    -0.25   0.801    -12.41681    9.586166
             1995  |  -2.797172   5.403419    -0.52   0.605    -13.41485    7.820503
             1996  |  -.3372284   5.391492    -0.06   0.950    -10.93147    10.25701
             1997  |   4.446119   5.556878     0.80   0.424    -6.473103    15.36534
             1998  |   4.241821   5.218585     0.81   0.417    -6.012656     14.4963
             1999  |  -.5406864   5.372375    -0.10   0.920    -11.09736    10.01599
             2000  |  -.0973625   4.765846    -0.02   0.984    -9.462213    9.267488
             2001  |  -2.325801   3.636817    -0.64   0.523    -9.472118    4.820516
             2002  |          0  (omitted)
                   |
  year#c.inten1998 |
             1992  |   3.708663   4.369078     0.85   0.396    -4.876541    12.29387
             1993  |  -1.331774    4.76308    -0.28   0.780    -10.69119    8.027639
             1994  |    6.47051   4.693149     1.38   0.169    -2.751491    15.69251
             1995  |   11.64215   4.445753     2.62   0.009     2.906286    20.37802
             1996  |   6.886431   4.391458     1.57   0.118    -1.742749    15.51561
             1997  |     .29057   4.380515     0.07   0.947    -8.317107    8.898247
             1998  |   2.348403   4.128494     0.57   0.570    -5.764055    10.46086
             1999  |   5.126795   4.423968     1.16   0.247    -3.566267    13.81986
             2000  |  -.7944084   5.264755    -0.15   0.880    -11.13961    9.550794
             2001  |   5.632757   3.882933     1.45   0.148    -1.997175    13.26269
             2002  |          0  (omitted)
                   |
             _cons |   42.48736    1.11307    38.17   0.000     40.30019    44.67454
------------------------------------------------------------------------------------

Absorbed degrees of freedom:
-----------------------------------------------------------+
       Absorbed FE | Categories  - Redundant  = Num. Coefs |
-------------------+---------------------------------------|
 cve_ent_mun_super |       474         474           0    *|
              year |        11           1          10     |
-----------------------------------------------------------+
* = FE nested within cluster; treated as redundant for DoF computation
(MWFE estimator converged in 4 iterations)
note: 2002.year#c.inten1999 omitted because of collinearity
note: 2002.year#c.inten2000 omitted because of collinearity

HDFE Linear regression                            Number of obs   =      5,214
Absorbing 2 HDFE groups                           F(  21,    473) =       1.04
Statistics robust to heteroskedasticity           Prob > F        =     0.4072
                                                  R-squared       =     0.4883
                                                  Adj R-squared   =     0.4335
                                                  Within R-sq.    =     0.0033
Number of clusters (cve_ent_mun_super) =        474Root MSE       =     8.9858

                          (Std. err. adjusted for 474 clusters in cve_ent_mun_super)
------------------------------------------------------------------------------------
                   |               Robust
             emr65 | Coefficient  std. err.      t    P>|t|     [95% conf. interval]
-------------------+----------------------------------------------------------------
lag2_intensity_new |  -2.958986   3.159927    -0.94   0.350    -9.168218    3.250246
                   |
  year#c.inten1999 |
             1992  |    13.3489    6.30143     2.12   0.035     .9666453    25.73116
             1993  |   1.346532   6.456181     0.21   0.835    -11.33981    14.03288
             1994  |   4.017641   6.217072     0.65   0.518    -8.198855    16.23414
             1995  |  -1.318389   6.054802    -0.22   0.828    -13.21603    10.57925
             1996  |    3.82166   6.116812     0.62   0.532    -8.197827    15.84115
             1997  |   4.959556   5.768537     0.86   0.390    -6.375572    16.29468
             1998  |   10.08974   6.077673     1.66   0.098    -1.852835    22.03232
             1999  |   2.591753   6.724001     0.39   0.700    -10.62086    15.80436
             2000  |  -1.916659   5.635321    -0.34   0.734    -12.99002    9.156701
             2001  |   8.544317   5.968408     1.43   0.153    -3.183557    20.27219
             2002  |          0  (omitted)
                   |
  year#c.inten2000 |
             1992  |  -14.21527   7.174304    -1.98   0.048    -28.31272   -.1178155
             1993  |  -1.252508   7.169943    -0.17   0.861    -15.34139    12.83637
             1994  |  -5.756612   7.015939    -0.82   0.412    -19.54288    8.029652
             1995  |   2.744422   6.937291     0.40   0.693     -10.8873    16.37614
             1996  |  -3.999574   6.951811    -0.58   0.565    -17.65983    9.660678
             1997  |  -5.168975   6.633263    -0.78   0.436    -18.20328    7.865333
             1998  |  -9.499962   6.840097    -1.39   0.166     -22.9407    3.940774
             1999  |  -4.238701   7.504216    -0.56   0.572    -18.98443    10.50702
             2000  |   .4653172   6.383076     0.07   0.942    -12.07738    13.00801
             2001  |  -7.029133   6.249015    -1.12   0.261     -19.3084    5.250131
             2002  |          0  (omitted)
                   |
             _cons |   43.85428   1.086358    40.37   0.000      41.7196    45.98897
------------------------------------------------------------------------------------

Absorbed degrees of freedom:
-----------------------------------------------------------+
       Absorbed FE | Categories  - Redundant  = Num. Coefs |
-------------------+---------------------------------------|
 cve_ent_mun_super |       474         474           0    *|
              year |        11           1          10     |
-----------------------------------------------------------+
* = FE nested within cluster; treated as redundant for DoF computation
(MWFE estimator converged in 4 iterations)

HDFE Linear regression                            Number of obs   =      5,214
Absorbing 2 HDFE groups                           F(   1,    473) =       1.31
Statistics robust to heteroskedasticity           Prob > F        =     0.2531
                                                  R-squared       =     0.6960
                                                  Adj R-squared   =     0.6649
                                                  Within R-sq.    =     0.0005
Number of clusters (cve_ent_mun_super) =        474Root MSE       =     4.8952

                          (Std. err. adjusted for 474 clusters in cve_ent_mun_super)
------------------------------------------------------------------------------------
                   |               Robust
             emr65 | Coefficient  std. err.      t    P>|t|     [95% conf. interval]
-------------------+----------------------------------------------------------------
lag2_intensity_new |  -1.393287   1.217686    -1.14   0.253    -3.786029     .999456
             _cons |   46.56822    .058586   794.87   0.000      46.4531    46.68334
------------------------------------------------------------------------------------

Absorbed degrees of freedom:
-----------------------------------------------------------+
       Absorbed FE | Categories  - Redundant  = Num. Coefs |
-------------------+---------------------------------------|
 cve_ent_mun_super |       474         474           0    *|
              year |        11           1          10     |
-----------------------------------------------------------+
* = FE nested within cluster; treated as redundant for DoF computation
(MWFE estimator converged in 4 iterations)
note: 2002.year#c.inten1999 omitted because of collinearity

HDFE Linear regression                            Number of obs   =      5,214
Absorbing 2 HDFE groups                           F(  11,    473) =       3.37
Statistics robust to heteroskedasticity           Prob > F        =     0.0002
                                                  R-squared       =     0.6977
                                                  Adj R-squared   =     0.6661
                                                  Within R-sq.    =     0.0061
Number of clusters (cve_ent_mun_super) =        474Root MSE       =     4.8864

                          (Std. err. adjusted for 474 clusters in cve_ent_mun_super)
------------------------------------------------------------------------------------
                   |               Robust
             emr65 | Coefficient  std. err.      t    P>|t|     [95% conf. interval]
-------------------+----------------------------------------------------------------
lag2_intensity_new |   4.706493   2.709526     1.74   0.083    -.6177046    10.03069
                   |
  year#c.inten1999 |
             1992  |   2.444724   3.487074     0.70   0.484    -4.407348    9.296797
             1993  |   1.492125   3.591101     0.42   0.678     -5.56436     8.54861
             1994  |   4.569604   3.341945     1.37   0.172     -1.99729     11.1365
             1995  |   5.374336   3.322772     1.62   0.106    -1.154884    11.90356
             1996  |   5.009252   3.406428     1.47   0.142    -1.684353    11.70286
             1997  |   3.711464   3.284358     1.13   0.259    -2.742274     10.1652
             1998  |   8.715578   3.119895     2.79   0.005      2.58501    14.84615
             1999  |   3.391253   3.049816     1.11   0.267    -2.601611    9.384118
             2000  |  -2.366876    1.76894    -1.34   0.182    -5.842828    1.109076
             2001  |  -3.816867   1.570875    -2.43   0.015    -6.903624   -.7301106
             2002  |          0  (omitted)
                   |
             _cons |   45.86275   .4832919    94.90   0.000     44.91309    46.81242
------------------------------------------------------------------------------------

Absorbed degrees of freedom:
-----------------------------------------------------------+
       Absorbed FE | Categories  - Redundant  = Num. Coefs |
-------------------+---------------------------------------|
 cve_ent_mun_super |       474         474           0    *|
              year |        11           1          10     |
-----------------------------------------------------------+
* = FE nested within cluster; treated as redundant for DoF computation
(MWFE estimator converged in 4 iterations)
note: 2002.year#c.inten1999 omitted because of collinearity
note: 1999.inten_start_year#1992b.year omitted because of collinearity
note: 1999.inten_start_year#1993.year omitted because of collinearity
note: 1999.inten_start_year#1994.year omitted because of collinearity
note: 1999.inten_start_year#1995.year omitted because of collinearity
note: 1999.inten_start_year#1996.year omitted because of collinearity
note: 1999.inten_start_year#1997.year omitted because of collinearity
note: 1999.inten_start_year#1998.year omitted because of collinearity
note: 1999.inten_start_year#1999.year omitted because of collinearity
note: 1999.inten_start_year#2000.year omitted because of collinearity
note: 1999.inten_start_year#2001.year omitted because of collinearity
note: 1999.inten_start_year#2002.year omitted because of collinearity

HDFE Linear regression                            Number of obs   =      5,214
Absorbing 2 HDFE groups                           F(  21,    473) =       2.73
Statistics robust to heteroskedasticity           Prob > F        =     0.0001
                                                  R-squared       =     0.6987
                                                  Adj R-squared   =     0.6664
                                                  Within R-sq.    =     0.0092
Number of clusters (cve_ent_mun_super) =        474Root MSE       =     4.8840

                             (Std. err. adjusted for 474 clusters in cve_ent_mun_super)
---------------------------------------------------------------------------------------
                      |               Robust
                emr65 | Coefficient  std. err.      t    P>|t|     [95% conf. interval]
----------------------+----------------------------------------------------------------
   lag2_intensity_new |    3.78974   2.784711     1.36   0.174    -1.682195    9.261676
                      |
     year#c.inten1999 |
                1992  |   2.634187   3.672439     0.72   0.474    -4.582127    9.850501
                1993  |     .49182   3.786233     0.13   0.897    -6.948097    7.931737
                1994  |   4.467597   3.490604     1.28   0.201    -2.391413    11.32661
                1995  |   4.183212   3.481122     1.20   0.230    -2.657164    11.02359
                1996  |   4.438283     3.5256     1.26   0.209    -2.489492    11.36606
                1997  |   4.159153   3.384857     1.23   0.220    -2.492064    10.81037
                1998  |   8.182681   3.241667     2.52   0.012      1.81283    14.55253
                1999  |   3.963514   3.205545     1.24   0.217    -2.335357    10.26238
                2000  |  -2.680464   2.050958    -1.31   0.192     -6.71058    1.349652
                2001  |  -4.167054   1.699856    -2.45   0.015    -7.507258   -.8268506
                2002  |          0  (omitted)
                      |
inten_start_year#year |
           1998 1993  |   1.206705    .876688     1.38   0.169    -.5159801     2.92939
           1998 1994  |   .2960136   .8788962     0.34   0.736     -1.43101    2.023038
           1998 1995  |   1.399155   .8358429     1.67   0.095      -.24327    3.041579
           1998 1996  |   .7712627   .9260339     0.83   0.405    -1.048386    2.590912
           1998 1997  |  -.2668099   .8532067    -0.31   0.755    -1.943354    1.409735
           1998 1998  |   .7326745   .9606017     0.76   0.446      -1.1549    2.620249
           1998 1999  |   -.401038   .9149713    -0.44   0.661    -2.198949    1.396873
           1998 2000  |   1.242412   .9574629     1.30   0.195    -.6389947    3.123819
           1998 2001  |    1.48816   .9369071     1.59   0.113     -.352855    3.329175
           1998 2002  |   1.132919   .9266082     1.22   0.222    -.6878587    2.953697
           1999 1992  |          0  (omitted)
           1999 1993  |          0  (omitted)
           1999 1994  |          0  (omitted)
           1999 1995  |          0  (omitted)
           1999 1996  |          0  (omitted)
           1999 1997  |          0  (omitted)
           1999 1998  |          0  (omitted)
           1999 1999  |          0  (omitted)
           1999 2000  |          0  (omitted)
           1999 2001  |          0  (omitted)
           1999 2002  |          0  (omitted)
                      |
                _cons |   45.40827   .7397005    61.39   0.000     43.95477    46.86178
---------------------------------------------------------------------------------------

Absorbed degrees of freedom:
-----------------------------------------------------------+
       Absorbed FE | Categories  - Redundant  = Num. Coefs |
-------------------+---------------------------------------|
 cve_ent_mun_super |       474         474           0    *|
              year |        11           1          10     |
-----------------------------------------------------------+
* = FE nested within cluster; treated as redundant for DoF computation
(MWFE estimator converged in 4 iterations)
note: 2002.year#c.inten1999 omitted because of collinearity
note: 2002.year#c.inten1998 omitted because of collinearity

HDFE Linear regression                            Number of obs   =      5,214
Absorbing 2 HDFE groups                           F(  21,    473) =       2.26
Statistics robust to heteroskedasticity           Prob > F        =     0.0012
                                                  R-squared       =     0.6982
                                                  Adj R-squared   =     0.6659
                                                  Within R-sq.    =     0.0076
Number of clusters (cve_ent_mun_super) =        474Root MSE       =     4.8881

                          (Std. err. adjusted for 474 clusters in cve_ent_mun_super)
------------------------------------------------------------------------------------
                   |               Robust
             emr65 | Coefficient  std. err.      t    P>|t|     [95% conf. interval]
-------------------+----------------------------------------------------------------
lag2_intensity_new |   8.212495   5.586144     1.47   0.142    -2.764233    19.18922
                   |
  year#c.inten1999 |
             1992  |   3.525597   7.506503     0.47   0.639    -11.22462    18.27582
             1993  |   .7645363   7.996351     0.10   0.924    -14.94823     16.4773
             1994  |   3.969755    7.00072     0.57   0.571    -9.786604    17.72611
             1995  |   2.449664   7.108712     0.34   0.731     -11.5189    16.41823
             1996  |   2.234289   7.161008     0.31   0.755    -11.83703    16.30561
             1997  |   3.266933   7.366167     0.44   0.658    -11.20753    17.74139
             1998  |   9.190463   7.137059     1.29   0.198      -4.8338    23.21473
             1999  |   2.708947   6.933697     0.39   0.696    -10.91571    16.33361
             2000  |  -1.797496   6.990833    -0.26   0.797    -15.53443    11.93944
             2001  |  -10.85455   3.818857    -2.84   0.005    -18.35857   -3.350527
             2002  |          0  (omitted)
                   |
  year#c.inten1998 |
             1992  |   3.130105    5.79413     0.54   0.589    -8.255315    14.51553
             1993  |   5.459524   5.843922     0.93   0.351    -6.023736    16.94278
             1994  |   5.295317   4.873964     1.09   0.278    -4.281984    14.87262
             1995  |     8.2837   4.707987     1.76   0.079    -.9674565    17.53486
             1996  |   8.090323   4.932627     1.64   0.102    -1.602251     17.7829
             1997  |   5.095891   5.044064     1.01   0.313    -4.815654    15.00744
             1998  |   3.915303   4.408378     0.89   0.375    -4.747125    12.57773
             1999  |   5.401094   4.290003     1.26   0.209    -3.028727    13.83092
             2000  |   .2889047   7.206486     0.04   0.968    -13.87178    14.44959
             2001  |   9.058038   4.365451     2.07   0.039     .4799607    17.63611
             2002  |          0  (omitted)
                   |
             _cons |    45.3493   .9876752    45.92   0.000     43.40853    47.29008
------------------------------------------------------------------------------------

Absorbed degrees of freedom:
-----------------------------------------------------------+
       Absorbed FE | Categories  - Redundant  = Num. Coefs |
-------------------+---------------------------------------|
 cve_ent_mun_super |       474         474           0    *|
              year |        11           1          10     |
-----------------------------------------------------------+
* = FE nested within cluster; treated as redundant for DoF computation
(MWFE estimator converged in 4 iterations)
note: 2002.year#c.inten1999 omitted because of collinearity
note: 2002.year#c.inten2000 omitted because of collinearity

HDFE Linear regression                            Number of obs   =      5,214
Absorbing 2 HDFE groups                           F(  21,    473) =       2.50
Statistics robust to heteroskedasticity           Prob > F        =     0.0003
                                                  R-squared       =     0.6983
                                                  Adj R-squared   =     0.6660
                                                  Within R-sq.    =     0.0081
Number of clusters (cve_ent_mun_super) =        474Root MSE       =     4.8868

                          (Std. err. adjusted for 474 clusters in cve_ent_mun_super)
------------------------------------------------------------------------------------
                   |               Robust
             emr65 | Coefficient  std. err.      t    P>|t|     [95% conf. interval]
-------------------+----------------------------------------------------------------
lag2_intensity_new |   3.116769    3.23118     0.96   0.335    -3.232473    9.466011
                   |
  year#c.inten1999 |
             1992  |  -1.404892   10.08842    -0.14   0.889    -21.22855    18.41877
             1993  |   9.570855   9.651814     0.99   0.322    -9.394882    28.53659
             1994  |   14.70626      9.351     1.57   0.116    -3.668385     33.0809
             1995  |   14.25617   8.561729     1.67   0.097    -2.567561     31.0799
             1996  |   5.987577   9.052547     0.66   0.509    -11.80061    23.77576
             1997  |   9.541567   9.698921     0.98   0.326    -9.516735    28.59987
             1998  |   15.47158   7.822099     1.98   0.049     .1012195    30.84194
             1999  |   14.28829   6.674995     2.14   0.033     1.171976     27.4046
             2000  |   4.235309   7.441479     0.57   0.570    -10.38714    18.85776
             2001  |   -8.90811   7.880159    -1.13   0.259    -24.39256    6.576338
             2002  |          0  (omitted)
                   |
  year#c.inten2000 |
             1992  |   2.255513   10.22035     0.22   0.825     -17.8274    22.33843
             1993  |  -9.629531   9.710654    -0.99   0.322    -28.71089    9.451826
             1994  |  -11.67536   9.507648    -1.23   0.220    -30.35781    7.007092
             1995  |  -10.42341   8.952362    -1.16   0.245    -28.01473    7.167906
             1996  |  -2.561856   9.359425    -0.27   0.784    -20.95305    15.82934
             1997  |  -7.388163    9.99465    -0.74   0.460    -27.02757    12.25124
             1998  |  -8.309394   8.253535    -1.01   0.315    -24.52753    7.908736
             1999  |  -12.42933   7.398629    -1.68   0.094    -26.96758    2.108914
             2000  |  -6.924084   7.548007    -0.92   0.359    -21.75586    7.907689
             2001  |   5.056673   7.843829     0.64   0.519    -10.35639    20.46973
             2002  |          0  (omitted)
                   |
             _cons |   46.17388   .5865513    78.72   0.000     45.02131    47.32645
------------------------------------------------------------------------------------

Absorbed degrees of freedom:
-----------------------------------------------------------+
       Absorbed FE | Categories  - Redundant  = Num. Coefs |
-------------------+---------------------------------------|
 cve_ent_mun_super |       474         474           0    *|
              year |        11           1          10     |
-----------------------------------------------------------+
* = FE nested within cluster; treated as redundant for DoF computation

. 
. cap file close bsz

. file open bsz using "$tables/appendix/AT_br_leftover_size.tex", write replace

. file write bsz "\begin{tabular}{lcccccc} \hline \hline" _n

. file write bsz " & \multicolumn{3}{c}{Unweighted} & \multicolumn{3}{c}{Weighted} \\ \cmidrule(lr){2-4} \c
> midrule(lr){5-7}" _n

. file write bsz " & Small & Medium & Large & Small & Medium & Large \\ " _n

. file write bsz " & (1) & (2) & (3) & (4) & (5) & (6) \\ \toprule" _n

. file write bsz "Mean population 65+, 1992--96 & `mp1' & `mp2' & `mp3' & `mp1' & `mp2' & `mp3' \\ " _n

. file write bsz "  & & & & & & \\ " _n

. file write bsz "\textit{BR treatment}, fixed effects only & `zb_uw_1_1' & `zb_uw_2_1' & `zb_uw_3_1' & `zb
> _w_1_1' & `zb_w_2_1' & `zb_w_3_1' \\ " _n

. file write bsz " & (`zs_uw_1_1') & (`zs_uw_2_1') & (`zs_uw_3_1') & (`zs_w_1_1') & (`zs_w_2_1') & (`zs_w_3
> _1') \\ " _n

. file write bsz "\quad + Intensity 1999 x year & `zb_uw_1_2' & `zb_uw_2_2' & `zb_uw_3_2' & `zb_w_1_2' & `z
> b_w_2_2' & `zb_w_3_2' \\ " _n

. file write bsz " & (`zs_uw_1_2') & (`zs_uw_2_2') & (`zs_uw_3_2') & (`zs_w_1_2') & (`zs_w_2_2') & (`zs_w_3
> _2') \\ " _n

. file write bsz "  & & & & & & \\ " _n

. file write bsz "Intensity 1999 x year and, in addition: & & & & & & \\ " _n

. file write bsz "\quad Entry cohort x year (1998 vs. 1999) & `zb_uw_1_4' & `zb_uw_2_4' & `zb_uw_3_4' & `zb
> _w_1_4' & `zb_w_2_4' & `zb_w_3_4' \\ " _n

. file write bsz " & (`zs_uw_1_4') & (`zs_uw_2_4') & (`zs_uw_3_4') & (`zs_w_1_4') & (`zs_w_2_4') & (`zs_w_3
> _4') \\ " _n

. file write bsz "\quad Intensity 1998 x year (left: 2002 value = Intensity 2000) & `zb_uw_1_5' & `zb_uw_2_
> 5' & `zb_uw_3_5' & `zb_w_1_5' & `zb_w_2_5' & `zb_w_3_5' \\ " _n

. file write bsz " & (`zs_uw_1_5') & (`zs_uw_2_5') & (`zs_uw_3_5') & (`zs_w_1_5') & (`zs_w_2_5') & (`zs_w_3
> _5') \\ " _n

. file write bsz "\quad Intensity 2000 x year (left: 2000 value = Intensity 1998) & `zb_uw_1_6' & `zb_uw_2_
> 6' & `zb_uw_3_6' & `zb_w_1_6' & `zb_w_2_6' & `zb_w_3_6' \\ " _n

. file write bsz " & (`zs_uw_1_6') & (`zs_uw_2_6') & (`zs_uw_3_6') & (`zs_w_1_6') & (`zs_w_2_6') & (`zs_w_3
> _6') \\ " _n

. file write bsz "  & & & & & & \\ " _n

. file write bsz "Share of BR treatment variation explained by: & & & & & & \\ " _n

. file write bsz "\quad Intensity 1999 x year & `zr_uw_1_2' & `zr_uw_2_2' & `zr_uw_3_2' & `zr_w_1_2' & `zr_
> w_2_2' & `zr_w_3_2' \\ " _n

. file write bsz "\quad Intensity 1999 and entry cohort x year & `zr_uw_1_4' & `zr_uw_2_4' & `zr_uw_3_4' & 
> `zr_w_1_4' & `zr_w_2_4' & `zr_w_3_4' \\ " _n

. file write bsz "\quad Intensity 1999 and 1998 x year & `zr_uw_1_5' & `zr_uw_2_5' & `zr_uw_3_5' & `zr_w_1_
> 5' & `zr_w_2_5' & `zr_w_3_5' \\ " _n

. file write bsz "\quad Intensity 1999 and 2000 x year & `zr_uw_1_6' & `zr_uw_2_6' & `zr_uw_3_6' & `zr_w_1_
> 6' & `zr_w_2_6' & `zr_w_3_6' \\ " _n

. file write bsz "Observations & `zN_uw_1' & `zN_uw_2' & `zN_uw_3' & `zN_w_1' & `zN_w_2' & `zN_w_3' \\ " _n

. file write bsz "No. Mun & `zM_uw_1' & `zM_uw_2' & `zM_uw_3' & `zM_w_1' & `zM_w_2' & `zM_w_3' \\ " _n

. file write bsz "\bottomrule" _n

. file write bsz "\end{tabular}"

. file close bsz

. if "$repo_tables" != "" copy "$tables/appendix/AT_br_leftover_size.tex" "$repo_tables/appendix/AT_br_left
> over_size.tex", replace

. di "Table exported to: $tables/appendix/AT_br_leftover_size.tex"
Table exported to: C:\Users\FELIPEME\Dropbox\Aplicaciones\Overleaf\progresa_cct\tables/appendix/AT_br_lefto
> ver_size.tex

. 
. * restore the working panel for the cause-of-death section below
. use `cdid_panel', clear

. 
. 
. *============================================================
. * Skip everything below unless $run_cod = 1 (switch at the top of this file)
. if $run_cod == 0 {
.         di "Cause-of-death section skipped: global run_cod is 0 at the top of this file"
Cause-of-death section skipped: global run_cod is 0 at the top of this file
.         log close
      name:  <unnamed>
       log:  C:\Users\FELIPEME\Documents\projects\progresa_mortality\codes\/04_extra_robustness_log.log
  log type:  text
 closed on:   9 Oct 2026, 15:22:14
-----------------------------------------------------------------------------------------------------------
